{"improvements_metadata": {"cluster name": "a0059spiralmatrixii", "overall mean improvement": -6.444173226899466, "metric cluster report": {"CPU_usage": {"entry_quantity": 12, "sum": 1152.6066350710903, "mean": 96.05055292259085}, "RAM_usage": {"entry_quantity": 12, "sum": 748.7364620938625, "mean": 62.39470517448854}, "execution_time_ms": {"entry_quantity": 12, "sum": -2133.3333333333335, "mean": -177.7777777777778}}, "prompt v report": {"1": {"CPU_usage": 96.05055292259084, "RAM_usage": 62.394705174488564, "execution_time_ms": -177.77777777777774}, "2": {"CPU_usage": 96.05055292259084, "RAM_usage": 62.394705174488564, "execution_time_ms": -177.77777777777774}, "3": {"CPU_usage": 96.05055292259084, "RAM_usage": 62.394705174488564, "execution_time_ms": -177.77777777777774}, "4": {"CPU_usage": 96.05055292259084, "RAM_usage": 62.394705174488564, "execution_time_ms": -177.77777777777774}}, "model report": {"openAI": {"CPU_usage": 96.05055292259084, "RAM_usage": 62.394705174488564, "execution_time_ms": -177.77777777777777}, "claude": {"CPU_usage": 96.05055292259084, "RAM_usage": 62.394705174488564, "execution_time_ms": -177.77777777777777}, "gemini": {"CPU_usage": 96.05055292259084, "RAM_usage": 62.394705174488564, "execution_time_ms": -177.77777777777777}}}}