{"improvements_metadata": {"cluster name": "a0056mergeintervals", "overall mean improvement": 18.38078254821467, "metric cluster report": {"CPU_usage": {"entry_quantity": 12, "sum": 1146.9014084507041, "mean": 95.57511737089202}, "RAM_usage": {"entry_quantity": 12, "sum": 840.3623188405795, "mean": 70.03019323671496}, "execution_time_ms": {"entry_quantity": 12, "sum": -1325.5555555555557, "mean": -110.46296296296298}}, "prompt v report": {"1": {"CPU_usage": 94.037558685446, "RAM_usage": 93.34541062801931, "execution_time_ms": 91.48148148148148}, "2": {"CPU_usage": 96.08763693270735, "RAM_usage": 62.25845410628019, "execution_time_ms": -177.77777777777774}, "3": {"CPU_usage": 96.08763693270735, "RAM_usage": 62.25845410628019, "execution_time_ms": -177.77777777777774}, "4": {"CPU_usage": 96.08763693270735, "RAM_usage": 62.25845410628019, "execution_time_ms": -177.77777777777774}}, "model report": {"openAI": {"CPU_usage": 95.62989045383412, "RAM_usage": 70.03019323671498, "execution_time_ms": -110.55555555555556}, "claude": {"CPU_usage": 95.55946791862286, "RAM_usage": 70.03321256038647, "execution_time_ms": -110.41666666666667}, "gemini": {"CPU_usage": 95.5359937402191, "RAM_usage": 70.02717391304347, "execution_time_ms": -110.41666666666667}}}}