{"improvements_metadata": {"cluster name": "a0054spiralmatrix", "overall mean improvement": 0.697792621783132, "metric cluster report": {"CPU_usage": {"entry_quantity": 12, "sum": 1152.49406175772, "mean": 96.04117181314332}, "RAM_usage": {"entry_quantity": 12, "sum": 749.5495495495494, "mean": 62.46246246246245}, "execution_time_ms": {"entry_quantity": 12, "sum": -1876.9230769230765, "mean": -156.41025641025638}}, "prompt v report": {"1": {"CPU_usage": 96.04117181314331, "RAM_usage": 62.46246246246246, "execution_time_ms": -156.4102564102564}, "2": {"CPU_usage": 96.04117181314331, "RAM_usage": 62.46246246246246, "execution_time_ms": -156.4102564102564}, "3": {"CPU_usage": 96.04117181314331, "RAM_usage": 62.46246246246246, "execution_time_ms": -156.4102564102564}, "4": {"CPU_usage": 96.04117181314331, "RAM_usage": 62.46246246246246, "execution_time_ms": -156.4102564102564}}, "model report": {"openAI": {"CPU_usage": 96.04117181314331, "RAM_usage": 62.46246246246246, "execution_time_ms": -156.4102564102564}, "claude": {"CPU_usage": 96.04117181314331, "RAM_usage": 62.46246246246246, "execution_time_ms": -156.4102564102564}, "gemini": {"CPU_usage": 96.04117181314331, "RAM_usage": 62.46246246246246, "execution_time_ms": -156.4102564102564}}}}