{"improvements_metadata": {"cluster name": "a0063uniquepathsii", "overall mean improvement": 12.139941111339795, "metric cluster report": {"CPU_usage": {"entry_quantity": 12, "sum": 1145.1974723538708, "mean": 95.4331226961559}, "RAM_usage": {"entry_quantity": 12, "sum": 844.5676803816342, "mean": 70.38064003180286}, "execution_time_ms": {"entry_quantity": 12, "sum": -1552.7272727272725, "mean": -129.39393939393938}}, "prompt v report": {"1": {"CPU_usage": 93.58083201685098, "RAM_usage": 93.32935798052078, "execution_time_ms": 91.51515151515152}, "2": {"CPU_usage": 96.05055292259084, "RAM_usage": 62.73106738223018, "execution_time_ms": -203.03030303030303}, "3": {"CPU_usage": 96.05055292259084, "RAM_usage": 62.73106738223018, "execution_time_ms": -203.03030303030303}, "4": {"CPU_usage": 96.05055292259084, "RAM_usage": 62.73106738223018, "execution_time_ms": -203.03030303030303}}, "model report": {"openAI": {"CPU_usage": 95.37124802527646, "RAM_usage": 70.38163387000597, "execution_time_ms": -129.3939393939394}, "claude": {"CPU_usage": 95.42259083728278, "RAM_usage": 70.38163387000597, "execution_time_ms": -129.3939393939394}, "gemini": {"CPU_usage": 95.50552922590838, "RAM_usage": 70.37865235539655, "execution_time_ms": -129.3939393939394}}}}