{"improvements_metadata": {"cluster name": "a0064minimumpathsum", "overall mean improvement": 4.41132402614259, "metric cluster report": {"CPU_usage": {"entry_quantity": 12, "sum": 1144.8470209339773, "mean": 95.40391841116478}, "RAM_usage": {"entry_quantity": 12, "sum": 844.6273106738225, "mean": 70.38560922281854}, "execution_time_ms": {"entry_quantity": 12, "sum": -1830.6666666666665, "mean": -152.55555555555554}}, "prompt v report": {"1": {"CPU_usage": 93.69296833064948, "RAM_usage": 93.34923474458357, "execution_time_ms": 89.77777777777777}, "2": {"CPU_usage": 95.97423510466989, "RAM_usage": 62.73106738223018, "execution_time_ms": -233.33333333333334}, "3": {"CPU_usage": 95.97423510466989, "RAM_usage": 62.73106738223018, "execution_time_ms": -233.33333333333334}, "4": {"CPU_usage": 95.97423510466989, "RAM_usage": 62.73106738223018, "execution_time_ms": -233.33333333333334}}, "model report": {"openAI": {"CPU_usage": 95.40257648953302, "RAM_usage": 70.3875968992248, "execution_time_ms": -153.0}, "claude": {"CPU_usage": 95.39049919484702, "RAM_usage": 70.39057841383423, "execution_time_ms": -152.5}, "gemini": {"CPU_usage": 95.41867954911434, "RAM_usage": 70.37865235539655, "execution_time_ms": -152.16666666666669}}}}