{"improvements_metadata": {"cluster name": "a0061rotatelist", "overall mean improvement": 11.981740481740482, "metric cluster report": {"CPU_usage": {"entry_quantity": 12, "sum": 1147.948717948718, "mean": 95.66239316239317}, "RAM_usage": {"entry_quantity": 12, "sum": 839.1515151515151, "mean": 69.92929292929293}, "execution_time_ms": {"entry_quantity": 12, "sum": -1555.7575757575758, "mean": -129.64646464646464}}, "prompt v report": {"1": {"CPU_usage": 93.9617898441428, "RAM_usage": 93.35353535353535, "execution_time_ms": 90.5050505050505}, "2": {"CPU_usage": 96.22926093514327, "RAM_usage": 62.121212121212125, "execution_time_ms": -203.03030303030303}, "3": {"CPU_usage": 96.22926093514327, "RAM_usage": 62.121212121212125, "execution_time_ms": -203.03030303030303}, "4": {"CPU_usage": 96.22926093514327, "RAM_usage": 62.121212121212125, "execution_time_ms": -203.03030303030303}}, "model report": {"openAI": {"CPU_usage": 95.65233785822022, "RAM_usage": 69.93636363636364, "execution_time_ms": -129.6969696969697}, "claude": {"CPU_usage": 95.60708898944193, "RAM_usage": 69.92727272727274, "execution_time_ms": -129.24242424242425}, "gemini": {"CPU_usage": 95.72775263951735, "RAM_usage": 69.92424242424242, "execution_time_ms": -130.0}}}}