{"improvements_metadata": {"cluster name": "a0073setmatrixzeros", "overall mean improvement": 28.259949359736193, "metric cluster report": {"CPU_usage": {"entry_quantity": 12, "sum": 1138.553791887125, "mean": 94.87948265726043}, "RAM_usage": {"entry_quantity": 12, "sum": 842.6139088729018, "mean": 70.21782573940848}, "execution_time_ms": {"entry_quantity": 12, "sum": -963.8095238095237, "mean": -80.31746031746032}}, "prompt v report": {"1": {"CPU_usage": 92.74544385655497, "RAM_usage": 93.28137490007994, "execution_time_ms": 93.01587301587301}, "2": {"CPU_usage": 95.59082892416227, "RAM_usage": 62.52997601918465, "execution_time_ms": -138.0952380952381}, "3": {"CPU_usage": 95.59082892416227, "RAM_usage": 62.52997601918465, "execution_time_ms": -138.0952380952381}, "4": {"CPU_usage": 95.59082892416227, "RAM_usage": 62.52997601918465, "execution_time_ms": -138.0952380952381}}, "model report": {"openAI": {"CPU_usage": 94.84567901234567, "RAM_usage": 70.2158273381295, "execution_time_ms": -80.35714285714286}, "claude": {"CPU_usage": 94.88977072310405, "RAM_usage": 70.21882494004797, "execution_time_ms": -80.23809523809524}, "gemini": {"CPU_usage": 94.90299823633157, "RAM_usage": 70.21882494004797, "execution_time_ms": -80.35714285714286}}}}