{"improvements_metadata": {"cluster name": "a0077combinations", "overall mean improvement": -24.957868841683354, "metric cluster report": {"CPU_usage": {"entry_quantity": 12, "sum": 1153.5962877030163, "mean": 96.13302397525136}, "RAM_usage": {"entry_quantity": 12, "sum": 747.9204339963834, "mean": 62.32670283303195}, "execution_time_ms": {"entry_quantity": 12, "sum": -2800.0000000000005, "mean": -233.33333333333337}}, "prompt v report": {"1": {"CPU_usage": 96.13302397525133, "RAM_usage": 62.32670283303194, "execution_time_ms": -233.33333333333334}, "2": {"CPU_usage": 96.13302397525133, "RAM_usage": 62.32670283303194, "execution_time_ms": -233.33333333333334}, "3": {"CPU_usage": 96.13302397525133, "RAM_usage": 62.32670283303194, "execution_time_ms": -233.33333333333334}, "4": {"CPU_usage": 96.13302397525133, "RAM_usage": 62.32670283303194, "execution_time_ms": -233.33333333333334}}, "model report": {"openAI": {"CPU_usage": 96.13302397525135, "RAM_usage": 62.326702833031945, "execution_time_ms": -233.33333333333334}, "claude": {"CPU_usage": 96.13302397525135, "RAM_usage": 62.326702833031945, "execution_time_ms": -233.33333333333334}, "gemini": {"CPU_usage": 96.13302397525135, "RAM_usage": 62.326702833031945, "execution_time_ms": -233.33333333333334}}}}