{"improvements_metadata": {"cluster name": "a0071simplitypath", "overall mean improvement": -15.185663367023475, "metric cluster report": {"CPU_usage": {"entry_quantity": 12, "sum": 1149.238578680203, "mean": 95.76988155668359}, "RAM_usage": {"entry_quantity": 12, "sum": 740.4411764705883, "mean": 61.703431372549026}, "execution_time_ms": {"entry_quantity": 12, "sum": -2436.3636363636365, "mean": -203.03030303030303}}, "prompt v report": {"1": {"CPU_usage": 95.76988155668359, "RAM_usage": 61.703431372549026, "execution_time_ms": -203.03030303030303}, "2": {"CPU_usage": 95.76988155668359, "RAM_usage": 61.703431372549026, "execution_time_ms": -203.03030303030303}, "3": {"CPU_usage": 95.76988155668359, "RAM_usage": 61.703431372549026, "execution_time_ms": -203.03030303030303}, "4": {"CPU_usage": 95.76988155668359, "RAM_usage": 61.703431372549026, "execution_time_ms": -203.03030303030303}}, "model report": {"openAI": {"CPU_usage": 95.76988155668359, "RAM_usage": 61.70343137254902, "execution_time_ms": -203.03030303030303}, "claude": {"CPU_usage": 95.76988155668359, "RAM_usage": 61.70343137254902, "execution_time_ms": -203.03030303030303}, "gemini": {"CPU_usage": 95.76988155668359, "RAM_usage": 61.70343137254902, "execution_time_ms": -203.03030303030303}}}}