{"improvements_metadata": {"cluster name": "a0078subsets", "overall mean improvement": -6.537730348868554, "metric cluster report": {"CPU_usage": {"entry_quantity": 12, "sum": 1149.238578680203, "mean": 95.76988155668359}, "RAM_usage": {"entry_quantity": 12, "sum": 748.7364620938625, "mean": 62.39470517448854}, "execution_time_ms": {"entry_quantity": 12, "sum": -2133.3333333333335, "mean": -177.7777777777778}}, "prompt v report": {"1": {"CPU_usage": 95.76988155668359, "RAM_usage": 62.394705174488564, "execution_time_ms": -177.77777777777774}, "2": {"CPU_usage": 95.76988155668359, "RAM_usage": 62.394705174488564, "execution_time_ms": -177.77777777777774}, "3": {"CPU_usage": 95.76988155668359, "RAM_usage": 62.394705174488564, "execution_time_ms": -177.77777777777774}, "4": {"CPU_usage": 95.76988155668359, "RAM_usage": 62.394705174488564, "execution_time_ms": -177.77777777777774}}, "model report": {"openAI": {"CPU_usage": 95.76988155668359, "RAM_usage": 62.394705174488564, "execution_time_ms": -177.77777777777777}, "claude": {"CPU_usage": 95.76988155668359, "RAM_usage": 62.394705174488564, "execution_time_ms": -177.77777777777777}, "gemini": {"CPU_usage": 95.76988155668359, "RAM_usage": 62.394705174488564, "execution_time_ms": -177.77777777777777}}}}