{"improvements_metadata": {"cluster name": "a0074search2dmatrix", "overall mean improvement": -24.959093709093725, "metric cluster report": {"CPU_usage": {"entry_quantity": 12, "sum": 1151.923076923077, "mean": 95.99358974358974}, "RAM_usage": {"entry_quantity": 12, "sum": 749.5495495495494, "mean": 62.46246246246245}, "execution_time_ms": {"entry_quantity": 12, "sum": -2800.0000000000005, "mean": -233.33333333333337}}, "prompt v report": {"1": {"CPU_usage": 95.99358974358977, "RAM_usage": 62.46246246246246, "execution_time_ms": -233.33333333333334}, "2": {"CPU_usage": 95.99358974358977, "RAM_usage": 62.46246246246246, "execution_time_ms": -233.33333333333334}, "3": {"CPU_usage": 95.99358974358977, "RAM_usage": 62.46246246246246, "execution_time_ms": -233.33333333333334}, "4": {"CPU_usage": 95.99358974358977, "RAM_usage": 62.46246246246246, "execution_time_ms": -233.33333333333334}}, "model report": {"openAI": {"CPU_usage": 95.99358974358975, "RAM_usage": 62.46246246246246, "execution_time_ms": -233.33333333333334}, "claude": {"CPU_usage": 95.99358974358975, "RAM_usage": 62.46246246246246, "execution_time_ms": -233.33333333333334}, "gemini": {"CPU_usage": 95.99358974358975, "RAM_usage": 62.46246246246246, "execution_time_ms": -233.33333333333334}}}}