{"improvements_metadata": {"cluster name": "a0086partitionlist", "overall mean improvement": 11.94840057675546, "metric cluster report": {"CPU_usage": {"entry_quantity": 12, "sum": 1145.624012638231, "mean": 95.46866771985259}, "RAM_usage": {"entry_quantity": 12, "sum": 838.4578020643593, "mean": 69.87148350536327}, "execution_time_ms": {"entry_quantity": 12, "sum": -1553.9393939393938, "mean": -129.49494949494948}}, "prompt v report": {"1": {"CPU_usage": 93.72301211163771, "RAM_usage": 93.32928556972274, "execution_time_ms": 91.1111111111111}, "2": {"CPU_usage": 96.05055292259084, "RAM_usage": 62.05221615057681, "execution_time_ms": -203.03030303030303}, "3": {"CPU_usage": 96.05055292259084, "RAM_usage": 62.05221615057681, "execution_time_ms": -203.03030303030303}, "4": {"CPU_usage": 96.05055292259084, "RAM_usage": 62.05221615057681, "execution_time_ms": -203.03030303030303}}, "model report": {"openAI": {"CPU_usage": 95.50552922590838, "RAM_usage": 69.8755312689739, "execution_time_ms": -129.54545454545453}, "claude": {"CPU_usage": 95.54107424960506, "RAM_usage": 69.86945962355799, "execution_time_ms": -129.54545454545453}, "gemini": {"CPU_usage": 95.35939968404423, "RAM_usage": 69.86945962355799, "execution_time_ms": -129.3939393939394}}}}