{"improvements_metadata": {"cluster name": "a0082removeduplicatesfromsortedlistii", "overall mean improvement": -14.901866040818211, "metric cluster report": {"CPU_usage": {"entry_quantity": 12, "sum": 1154.4419134396355, "mean": 96.20349278663629}, "RAM_usage": {"entry_quantity": 12, "sum": 745.4545454545455, "mean": 62.121212121212125}, "execution_time_ms": {"entry_quantity": 12, "sum": -2436.3636363636365, "mean": -203.03030303030303}}, "prompt v report": {"1": {"CPU_usage": 96.20349278663629, "RAM_usage": 62.121212121212125, "execution_time_ms": -203.03030303030303}, "2": {"CPU_usage": 96.20349278663629, "RAM_usage": 62.121212121212125, "execution_time_ms": -203.03030303030303}, "3": {"CPU_usage": 96.20349278663629, "RAM_usage": 62.121212121212125, "execution_time_ms": -203.03030303030303}, "4": {"CPU_usage": 96.20349278663629, "RAM_usage": 62.121212121212125, "execution_time_ms": -203.03030303030303}}, "model report": {"openAI": {"CPU_usage": 96.20349278663629, "RAM_usage": 62.121212121212125, "execution_time_ms": -203.03030303030303}, "claude": {"CPU_usage": 96.20349278663629, "RAM_usage": 62.121212121212125, "execution_time_ms": -203.03030303030303}, "gemini": {"CPU_usage": 96.20349278663629, "RAM_usage": 62.121212121212125, "execution_time_ms": -203.03030303030303}}}}