{"improvements_metadata": {"cluster name": "a0094binarytreeinordertraversal", "overall mean improvement": 28.547875865033262, "metric cluster report": {"CPU_usage": {"entry_quantity": 12, "sum": 1144.5605700712592, "mean": 95.38004750593826}, "RAM_usage": {"entry_quantity": 12, "sum": 844.5915324985095, "mean": 70.38262770820913}, "execution_time_ms": {"entry_quantity": 12, "sum": -961.4285714285714, "mean": -80.11904761904762}}, "prompt v report": {"1": {"CPU_usage": 93.39667458432304, "RAM_usage": 93.33730868614589, "execution_time_ms": 93.8095238095238}, "2": {"CPU_usage": 96.04117181314331, "RAM_usage": 62.73106738223018, "execution_time_ms": -138.0952380952381}, "3": {"CPU_usage": 96.04117181314331, "RAM_usage": 62.73106738223018, "execution_time_ms": -138.0952380952381}, "4": {"CPU_usage": 96.04117181314331, "RAM_usage": 62.73106738223018, "execution_time_ms": -138.0952380952381}}, "model report": {"openAI": {"CPU_usage": 95.41171813143309, "RAM_usage": 70.38461538461539, "execution_time_ms": -80.11904761904762}, "claude": {"CPU_usage": 95.36025336500396, "RAM_usage": 70.38461538461539, "execution_time_ms": -80.0}, "gemini": {"CPU_usage": 95.36817102137768, "RAM_usage": 70.37865235539655, "execution_time_ms": -80.23809523809524}}}}