{"improvements_metadata": {"cluster name": "a0098validatebinarysearchtree", "overall mean improvement": 4.221567666446599, "metric cluster report": {"CPU_usage": {"entry_quantity": 12, "sum": 1148.1783824640968, "mean": 95.68153187200807}, "RAM_usage": {"entry_quantity": 12, "sum": 837.7980535279805, "mean": 69.81650446066504}, "execution_time_ms": {"entry_quantity": 12, "sum": -1833.9999999999998, "mean": -152.83333333333331}}, "prompt v report": {"1": {"CPU_usage": 94.06399596875787, "RAM_usage": 93.31711273317113, "execution_time_ms": 88.66666666666667}, "2": {"CPU_usage": 96.2207105064248, "RAM_usage": 61.982968369829685, "execution_time_ms": -233.33333333333334}, "3": {"CPU_usage": 96.2207105064248, "RAM_usage": 61.982968369829685, "execution_time_ms": -233.33333333333334}, "4": {"CPU_usage": 96.2207105064248, "RAM_usage": 61.982968369829685, "execution_time_ms": -233.33333333333334}}, "model report": {"openAI": {"CPU_usage": 95.578231292517, "RAM_usage": 69.81447688564477, "execution_time_ms": -152.83333333333334}, "claude": {"CPU_usage": 95.80120937263794, "RAM_usage": 69.81447688564477, "execution_time_ms": -152.83333333333334}, "gemini": {"CPU_usage": 95.66515495086924, "RAM_usage": 69.8205596107056, "execution_time_ms": -152.83333333333334}}}}