{"improvements_metadata": {"cluster name": "a0093restore_ip_addresses", "overall mean improvement": 18.292444616150984, "metric cluster report": {"CPU_usage": {"entry_quantity": 12, "sum": 1142.5552825552825, "mean": 95.21294021294021}, "RAM_usage": {"entry_quantity": 12, "sum": 841.5282791817085, "mean": 70.12735659847571}, "execution_time_ms": {"entry_quantity": 12, "sum": -1325.5555555555557, "mean": -110.46296296296298}}, "prompt v report": {"1": {"CPU_usage": 93.13677313677313, "RAM_usage": 93.32531087043724, "execution_time_ms": 91.48148148148148}, "2": {"CPU_usage": 95.90499590499591, "RAM_usage": 62.394705174488564, "execution_time_ms": -177.77777777777774}, "3": {"CPU_usage": 95.90499590499591, "RAM_usage": 62.394705174488564, "execution_time_ms": -177.77777777777774}, "4": {"CPU_usage": 95.90499590499591, "RAM_usage": 62.394705174488564, "execution_time_ms": -177.77777777777774}}, "model report": {"openAI": {"CPU_usage": 95.18018018018017, "RAM_usage": 70.12635379061372, "execution_time_ms": -110.55555555555556}, "claude": {"CPU_usage": 95.23341523341523, "RAM_usage": 70.12936221419976, "execution_time_ms": -110.41666666666667}, "gemini": {"CPU_usage": 95.22522522522522, "RAM_usage": 70.12635379061372, "execution_time_ms": -110.41666666666667}}}}