{"improvements_metadata": {"cluster name": "a0090subsetsii", "overall mean improvement": 23.72999264633152, "metric cluster report": {"CPU_usage": {"entry_quantity": 12, "sum": 1142.4709784411275, "mean": 95.20591487009396}, "RAM_usage": {"entry_quantity": 12, "sum": 841.5523465703968, "mean": 70.12936221419973}, "execution_time_ms": {"entry_quantity": 12, "sum": -1129.7435897435896, "mean": -94.14529914529913}}, "prompt v report": {"1": {"CPU_usage": 93.26147042564953, "RAM_usage": 93.33333333333333, "execution_time_ms": 92.64957264957265}, "2": {"CPU_usage": 95.85406301824212, "RAM_usage": 62.394705174488564, "execution_time_ms": -156.4102564102564}, "3": {"CPU_usage": 95.85406301824212, "RAM_usage": 62.394705174488564, "execution_time_ms": -156.4102564102564}, "4": {"CPU_usage": 95.85406301824212, "RAM_usage": 62.394705174488564, "execution_time_ms": -156.4102564102564}}, "model report": {"openAI": {"CPU_usage": 95.3441127694859, "RAM_usage": 70.1323706377858, "execution_time_ms": -94.1025641025641}, "claude": {"CPU_usage": 95.12437810945273, "RAM_usage": 70.12936221419976, "execution_time_ms": -93.84615384615384}, "gemini": {"CPU_usage": 95.14925373134328, "RAM_usage": 70.12635379061372, "execution_time_ms": -94.48717948717949}}}}