{"improvements_metadata": {"cluster name": "a0096uniquebinarysearchtrees", "overall mean improvement": 11.773438929402241, "metric cluster report": {"CPU_usage": {"entry_quantity": 12, "sum": 1141.128205128205, "mean": 95.09401709401709}, "RAM_usage": {"entry_quantity": 12, "sum": 836.0489296636085, "mean": 69.67074413863405}, "execution_time_ms": {"entry_quantity": 12, "sum": -1553.3333333333333, "mean": -129.44444444444443}}, "prompt v report": {"1": {"CPU_usage": 93.19658119658118, "RAM_usage": 93.361875637105, "execution_time_ms": 91.31313131313131}, "2": {"CPU_usage": 95.72649572649573, "RAM_usage": 61.773700305810394, "execution_time_ms": -203.03030303030303}, "3": {"CPU_usage": 95.72649572649573, "RAM_usage": 61.773700305810394, "execution_time_ms": -203.03030303030303}, "4": {"CPU_usage": 95.72649572649573, "RAM_usage": 61.773700305810394, "execution_time_ms": -203.03030303030303}}, "model report": {"openAI": {"CPU_usage": 95.2051282051282, "RAM_usage": 69.67584097859327, "execution_time_ms": -129.24242424242425}, "claude": {"CPU_usage": 95.05982905982906, "RAM_usage": 69.66666666666666, "execution_time_ms": -129.54545454545453}, "gemini": {"CPU_usage": 95.01709401709402, "RAM_usage": 69.6697247706422, "execution_time_ms": -129.54545454545453}}}}