{"improvements_metadata": {"cluster name": "a0095uniquebinarysearchtreesii", "overall mean improvement": 4.511306793808463, "metric cluster report": {"CPU_usage": {"entry_quantity": 12, "sum": 1145.3077537969623, "mean": 95.44231281641352}, "RAM_usage": {"entry_quantity": 12, "sum": 847.7659574468088, "mean": 70.6471631205674}, "execution_time_ms": {"entry_quantity": 12, "sum": -1830.6666666666665, "mean": -152.55555555555554}}, "prompt v report": {"1": {"CPU_usage": 93.75965893951506, "RAM_usage": 93.40425531914894, "execution_time_ms": 89.77777777777777}, "2": {"CPU_usage": 96.00319744204636, "RAM_usage": 63.061465721040186, "execution_time_ms": -233.33333333333334}, "3": {"CPU_usage": 96.00319744204636, "RAM_usage": 63.061465721040186, "execution_time_ms": -233.33333333333334}, "4": {"CPU_usage": 96.00319744204636, "RAM_usage": 63.061465721040186, "execution_time_ms": -233.33333333333334}}, "model report": {"openAI": {"CPU_usage": 95.53557154276578, "RAM_usage": 70.64420803782505, "execution_time_ms": -153.0}, "claude": {"CPU_usage": 95.40367705835332, "RAM_usage": 70.65011820330969, "execution_time_ms": -152.33333333333334}, "gemini": {"CPU_usage": 95.38768984812151, "RAM_usage": 70.64716312056737, "execution_time_ms": -152.33333333333334}}}}