{"improvements_metadata": {"cluster name": "a0109convertsortedlisttobinarysearchtree", "overall mean improvement": 11.987979368671526, "metric cluster report": {"CPU_usage": {"entry_quantity": 12, "sum": 1142.3703703703702, "mean": 95.19753086419752}, "RAM_usage": {"entry_quantity": 12, "sum": 838.2877959927138, "mean": 69.85731633272614}, "execution_time_ms": {"entry_quantity": 12, "sum": -1549.090909090909, "mean": -129.0909090909091}}, "prompt v report": {"1": {"CPU_usage": 93.1358024691358, "RAM_usage": 93.27261687917424, "execution_time_ms": 92.72727272727273}, "2": {"CPU_usage": 95.88477366255144, "RAM_usage": 62.05221615057681, "execution_time_ms": -203.03030303030303}, "3": {"CPU_usage": 95.88477366255144, "RAM_usage": 62.05221615057681, "execution_time_ms": -203.03030303030303}, "4": {"CPU_usage": 95.88477366255144, "RAM_usage": 62.05221615057681, "execution_time_ms": -203.03030303030303}}, "model report": {"openAI": {"CPU_usage": 95.23456790123457, "RAM_usage": 69.87856709168184, "execution_time_ms": -129.0909090909091}, "claude": {"CPU_usage": 95.18518518518518, "RAM_usage": 69.86642380085003, "execution_time_ms": -128.93939393939394}, "gemini": {"CPU_usage": 95.17283950617283, "RAM_usage": 69.82695810564664, "execution_time_ms": -129.24242424242425}}}}