{"improvements_metadata": {"cluster name": "a0102binarytreelevelordertraversal", "overall mean improvement": -14.804230026137011, "metric cluster report": {"CPU_usage": {"entry_quantity": 12, "sum": 1153.0516431924882, "mean": 96.08763693270735}, "RAM_usage": {"entry_quantity": 12, "sum": 750.3597122302159, "mean": 62.52997601918466}, "execution_time_ms": {"entry_quantity": 12, "sum": -2436.3636363636365, "mean": -203.03030303030303}}, "prompt v report": {"1": {"CPU_usage": 96.08763693270735, "RAM_usage": 62.52997601918465, "execution_time_ms": -203.03030303030303}, "2": {"CPU_usage": 96.08763693270735, "RAM_usage": 62.52997601918465, "execution_time_ms": -203.03030303030303}, "3": {"CPU_usage": 96.08763693270735, "RAM_usage": 62.52997601918465, "execution_time_ms": -203.03030303030303}, "4": {"CPU_usage": 96.08763693270735, "RAM_usage": 62.52997601918465, "execution_time_ms": -203.03030303030303}}, "model report": {"openAI": {"CPU_usage": 96.08763693270735, "RAM_usage": 62.52997601918465, "execution_time_ms": -203.03030303030303}, "claude": {"CPU_usage": 96.08763693270735, "RAM_usage": 62.52997601918465, "execution_time_ms": -203.03030303030303}, "gemini": {"CPU_usage": 96.08763693270735, "RAM_usage": 62.52997601918465, "execution_time_ms": -203.03030303030303}}}}