{"improvements_metadata": {"cluster name": "a0113pathsumii", "overall mean improvement": 12.112458279418368, "metric cluster report": {"CPU_usage": {"entry_quantity": 12, "sum": 1145.3677621283255, "mean": 95.44731351069379}, "RAM_usage": {"entry_quantity": 12, "sum": 845.2261904761904, "mean": 70.43551587301586}, "execution_time_ms": {"entry_quantity": 12, "sum": -1554.5454545454545, "mean": -129.54545454545453}}, "prompt v report": {"1": {"CPU_usage": 93.52634324465309, "RAM_usage": 93.34920634920634, "execution_time_ms": 90.90909090909092}, "2": {"CPU_usage": 96.08763693270735, "RAM_usage": 62.797619047619044, "execution_time_ms": -203.03030303030303}, "3": {"CPU_usage": 96.08763693270735, "RAM_usage": 62.797619047619044, "execution_time_ms": -203.03030303030303}, "4": {"CPU_usage": 96.08763693270735, "RAM_usage": 62.797619047619044, "execution_time_ms": -203.03030303030303}}, "model report": {"openAI": {"CPU_usage": 95.43427230046949, "RAM_usage": 70.4375, "execution_time_ms": -129.6969696969697}, "claude": {"CPU_usage": 95.45383411580595, "RAM_usage": 70.43154761904762, "execution_time_ms": -129.3939393939394}, "gemini": {"CPU_usage": 95.45383411580595, "RAM_usage": 70.4375, "execution_time_ms": -129.54545454545453}}}}