{"improvements_metadata": {"cluster name": "a0116populatingnextrightpointersineachnode", "overall mean improvement": -15.293426736391828, "metric cluster report": {"CPU_usage": {"entry_quantity": 12, "sum": 1149.6221662468515, "mean": 95.80184718723763}, "RAM_usage": {"entry_quantity": 12, "sum": 736.1781076066791, "mean": 61.34817563388992}, "execution_time_ms": {"entry_quantity": 12, "sum": -2436.3636363636365, "mean": -203.03030303030303}}, "prompt v report": {"1": {"CPU_usage": 95.80184718723763, "RAM_usage": 61.34817563388992, "execution_time_ms": -203.03030303030303}, "2": {"CPU_usage": 95.80184718723763, "RAM_usage": 61.34817563388992, "execution_time_ms": -203.03030303030303}, "3": {"CPU_usage": 95.80184718723763, "RAM_usage": 61.34817563388992, "execution_time_ms": -203.03030303030303}, "4": {"CPU_usage": 95.80184718723763, "RAM_usage": 61.34817563388992, "execution_time_ms": -203.03030303030303}}, "model report": {"openAI": {"CPU_usage": 95.80184718723763, "RAM_usage": 61.34817563388992, "execution_time_ms": -203.03030303030303}, "claude": {"CPU_usage": 95.80184718723763, "RAM_usage": 61.34817563388992, "execution_time_ms": -203.03030303030303}, "gemini": {"CPU_usage": 95.80184718723763, "RAM_usage": 61.34817563388992, "execution_time_ms": -203.03030303030303}}}}