{"improvements_metadata": {"cluster name": "a0129sumroottoleafnumbers", "overall mean improvement": 3.971840069404673, "metric cluster report": {"CPU_usage": {"entry_quantity": 12, "sum": 1142.4438902743143, "mean": 95.20365752285953}, "RAM_usage": {"entry_quantity": 12, "sum": 837.2090188909203, "mean": 69.76741824091003}, "execution_time_ms": {"entry_quantity": 12, "sum": -1836.6666666666665, "mean": -153.05555555555554}}, "prompt v report": {"1": {"CPU_usage": 93.28345802161262, "RAM_usage": 93.32927076985578, "execution_time_ms": 87.77777777777777}, "2": {"CPU_usage": 95.84372402327513, "RAM_usage": 61.91346739792809, "execution_time_ms": -233.33333333333334}, "3": {"CPU_usage": 95.84372402327513, "RAM_usage": 61.91346739792809, "execution_time_ms": -233.33333333333334}, "4": {"CPU_usage": 95.84372402327513, "RAM_usage": 61.91346739792809, "execution_time_ms": -233.33333333333334}}, "model report": {"openAI": {"CPU_usage": 95.22028262676642, "RAM_usage": 69.76234003656307, "execution_time_ms": -153.16666666666669}, "claude": {"CPU_usage": 95.23690773067332, "RAM_usage": 69.76538695917124, "execution_time_ms": -153.33333333333334}, "gemini": {"CPU_usage": 95.15378221113883, "RAM_usage": 69.77452772699573, "execution_time_ms": -152.66666666666669}}}}