{"improvements_metadata": {"cluster name": "a0120triangle", "overall mean improvement": -14.93960884490655, "metric cluster report": {"CPU_usage": {"entry_quantity": 12, "sum": 1150.6172839506173, "mean": 95.88477366255144}, "RAM_usage": {"entry_quantity": 12, "sum": 747.9204339963834, "mean": 62.32670283303195}, "execution_time_ms": {"entry_quantity": 12, "sum": -2436.3636363636365, "mean": -203.03030303030303}}, "prompt v report": {"1": {"CPU_usage": 95.88477366255144, "RAM_usage": 62.32670283303194, "execution_time_ms": -203.03030303030303}, "2": {"CPU_usage": 95.88477366255144, "RAM_usage": 62.32670283303194, "execution_time_ms": -203.03030303030303}, "3": {"CPU_usage": 95.88477366255144, "RAM_usage": 62.32670283303194, "execution_time_ms": -203.03030303030303}, "4": {"CPU_usage": 95.88477366255144, "RAM_usage": 62.32670283303194, "execution_time_ms": -203.03030303030303}}, "model report": {"openAI": {"CPU_usage": 95.88477366255144, "RAM_usage": 62.326702833031945, "execution_time_ms": -203.03030303030303}, "claude": {"CPU_usage": 95.88477366255144, "RAM_usage": 62.326702833031945, "execution_time_ms": -203.03030303030303}, "gemini": {"CPU_usage": 95.88477366255144, "RAM_usage": 62.326702833031945, "execution_time_ms": -203.03030303030303}}}}