{"improvements_metadata": {"cluster name": "a0133clonegraph", "overall mean improvement": 23.428332403034076, "metric cluster report": {"CPU_usage": {"entry_quantity": 12, "sum": 1144.42322991249, "mean": 95.3686024927075}, "RAM_usage": {"entry_quantity": 12, "sum": 838.9454545454546, "mean": 69.91212121212122}, "execution_time_ms": {"entry_quantity": 12, "sum": -1139.9487179487178, "mean": -94.99572649572649}}, "prompt v report": {"1": {"CPU_usage": 93.4075841951737, "RAM_usage": 93.2848484848485, "execution_time_ms": 89.24786324786324}, "2": {"CPU_usage": 96.0222752585521, "RAM_usage": 62.121212121212125, "execution_time_ms": -156.4102564102564}, "3": {"CPU_usage": 96.0222752585521, "RAM_usage": 62.121212121212125, "execution_time_ms": -156.4102564102564}, "4": {"CPU_usage": 96.0222752585521, "RAM_usage": 62.121212121212125, "execution_time_ms": -156.4102564102564}}, "model report": {"openAI": {"CPU_usage": 95.40572792362768, "RAM_usage": 69.91212121212122, "execution_time_ms": -95.88461538461539}, "claude": {"CPU_usage": 95.33015115354017, "RAM_usage": 69.91212121212122, "execution_time_ms": -94.61538461538461}, "gemini": {"CPU_usage": 95.36992840095465, "RAM_usage": 69.91212121212122, "execution_time_ms": -94.48717948717949}}}}