{"improvements_metadata": {"cluster name": "a0131palindromepartitioning", "overall mean improvement": 23.43683627727862, "metric cluster report": {"CPU_usage": {"entry_quantity": 12, "sum": 1144.5655608214854, "mean": 95.38046340179045}, "RAM_usage": {"entry_quantity": 12, "sum": 842.186186186186, "mean": 70.18218218218216}, "execution_time_ms": {"entry_quantity": 12, "sum": -1143.0256410256409, "mean": -95.25213675213674}}, "prompt v report": {"1": {"CPU_usage": 93.37019483938916, "RAM_usage": 93.34134134134133, "execution_time_ms": 88.22222222222223}, "2": {"CPU_usage": 96.05055292259084, "RAM_usage": 62.46246246246246, "execution_time_ms": -156.4102564102564}, "3": {"CPU_usage": 96.05055292259084, "RAM_usage": 62.46246246246246, "execution_time_ms": -156.4102564102564}, "4": {"CPU_usage": 96.05055292259084, "RAM_usage": 62.46246246246246, "execution_time_ms": -156.4102564102564}}, "model report": {"openAI": {"CPU_usage": 95.3909952606635, "RAM_usage": 70.18018018018017, "execution_time_ms": -95.8974358974359}, "claude": {"CPU_usage": 95.3830963665087, "RAM_usage": 70.18618618618619, "execution_time_ms": -94.74358974358974}, "gemini": {"CPU_usage": 95.36729857819905, "RAM_usage": 70.18018018018017, "execution_time_ms": -95.11538461538461}}}}