{"improvements_metadata": {"cluster name": "a0134gasstation", "overall mean improvement": -6.342422600774502, "metric cluster report": {"CPU_usage": {"entry_quantity": 12, "sum": 1155.456570155902, "mean": 96.28804751299184}, "RAM_usage": {"entry_quantity": 12, "sum": 749.5495495495494, "mean": 62.46246246246245}, "execution_time_ms": {"entry_quantity": 12, "sum": -2133.3333333333335, "mean": -177.7777777777778}}, "prompt v report": {"1": {"CPU_usage": 96.28804751299184, "RAM_usage": 62.46246246246246, "execution_time_ms": -177.77777777777774}, "2": {"CPU_usage": 96.28804751299184, "RAM_usage": 62.46246246246246, "execution_time_ms": -177.77777777777774}, "3": {"CPU_usage": 96.28804751299184, "RAM_usage": 62.46246246246246, "execution_time_ms": -177.77777777777774}, "4": {"CPU_usage": 96.28804751299184, "RAM_usage": 62.46246246246246, "execution_time_ms": -177.77777777777774}}, "model report": {"openAI": {"CPU_usage": 96.28804751299184, "RAM_usage": 62.46246246246246, "execution_time_ms": -177.77777777777777}, "claude": {"CPU_usage": 96.28804751299184, "RAM_usage": 62.46246246246246, "execution_time_ms": -177.77777777777777}, "gemini": {"CPU_usage": 96.28804751299184, "RAM_usage": 62.46246246246246, "execution_time_ms": -177.77777777777777}}}}