{"improvements_metadata": {"cluster name": "a0139wordbreak", "overall mean improvement": 23.40189162705474, "metric cluster report": {"CPU_usage": {"entry_quantity": 12, "sum": 1139.8628963153387, "mean": 94.9885746929449}, "RAM_usage": {"entry_quantity": 12, "sum": 841.5282791817085, "mean": 70.12735659847571}, "execution_time_ms": {"entry_quantity": 12, "sum": -1138.9230769230767, "mean": -94.9102564102564}}, "prompt v report": {"1": {"CPU_usage": 92.80776920879748, "RAM_usage": 93.32531087043724, "execution_time_ms": 89.58974358974359}, "2": {"CPU_usage": 95.71550985432732, "RAM_usage": 62.394705174488564, "execution_time_ms": -156.4102564102564}, "3": {"CPU_usage": 95.71550985432732, "RAM_usage": 62.394705174488564, "execution_time_ms": -156.4102564102564}, "4": {"CPU_usage": 95.71550985432732, "RAM_usage": 62.394705174488564, "execution_time_ms": -156.4102564102564}}, "model report": {"openAI": {"CPU_usage": 95.0771208226221, "RAM_usage": 70.12936221419976, "execution_time_ms": -95.24358974358974}, "claude": {"CPU_usage": 94.97000856898029, "RAM_usage": 70.12635379061372, "execution_time_ms": -94.87179487179486}, "gemini": {"CPU_usage": 94.91859468723223, "RAM_usage": 70.12635379061372, "execution_time_ms": -94.61538461538461}}}}