{"improvements_metadata": {"cluster name": "a0146lrucache", "overall mean improvement": 4.003853965345049, "metric cluster report": {"CPU_usage": {"entry_quantity": 12, "sum": 1140.1880341880342, "mean": 95.01566951566952}, "RAM_usage": {"entry_quantity": 12, "sum": 833.2840418977205, "mean": 69.44033682481005}, "execution_time_ms": {"entry_quantity": 12, "sum": -1829.3333333333333, "mean": -152.44444444444443}}, "prompt v report": {"1": {"CPU_usage": 92.88319088319089, "RAM_usage": 93.28814951735471, "execution_time_ms": 90.22222222222223}, "2": {"CPU_usage": 95.72649572649573, "RAM_usage": 61.49106592729513, "execution_time_ms": -233.33333333333334}, "3": {"CPU_usage": 95.72649572649573, "RAM_usage": 61.49106592729513, "execution_time_ms": -233.33333333333334}, "4": {"CPU_usage": 95.72649572649573, "RAM_usage": 61.49106592729513, "execution_time_ms": -233.33333333333334}}, "model report": {"openAI": {"CPU_usage": 94.98717948717949, "RAM_usage": 69.43930991990142, "execution_time_ms": -152.0}, "claude": {"CPU_usage": 95.03846153846155, "RAM_usage": 69.44239063462723, "execution_time_ms": -152.5}, "gemini": {"CPU_usage": 95.02136752136752, "RAM_usage": 69.43930991990142, "execution_time_ms": -152.83333333333334}}}}