{"improvements_metadata": {"cluster name": "a0148sortlist", "overall mean improvement": -25.076061823049788, "metric cluster report": {"CPU_usage": {"entry_quantity": 12, "sum": 1151.8072289156626, "mean": 95.98393574297188}, "RAM_usage": {"entry_quantity": 12, "sum": 745.4545454545455, "mean": 62.121212121212125}, "execution_time_ms": {"entry_quantity": 12, "sum": -2800.0000000000005, "mean": -233.33333333333337}}, "prompt v report": {"1": {"CPU_usage": 95.98393574297188, "RAM_usage": 62.121212121212125, "execution_time_ms": -233.33333333333334}, "2": {"CPU_usage": 95.98393574297188, "RAM_usage": 62.121212121212125, "execution_time_ms": -233.33333333333334}, "3": {"CPU_usage": 95.98393574297188, "RAM_usage": 62.121212121212125, "execution_time_ms": -233.33333333333334}, "4": {"CPU_usage": 95.98393574297188, "RAM_usage": 62.121212121212125, "execution_time_ms": -233.33333333333334}}, "model report": {"openAI": {"CPU_usage": 95.98393574297188, "RAM_usage": 62.121212121212125, "execution_time_ms": -233.33333333333334}, "claude": {"CPU_usage": 95.98393574297188, "RAM_usage": 62.121212121212125, "execution_time_ms": -233.33333333333334}, "gemini": {"CPU_usage": 95.98393574297188, "RAM_usage": 62.121212121212125, "execution_time_ms": -233.33333333333334}}}}