{"improvements_metadata": {"cluster name": "a0144binarytreepreordertraversal", "overall mean improvement": 23.58673530508158, "metric cluster report": {"CPU_usage": {"entry_quantity": 12, "sum": 1142.4915824915827, "mean": 95.20763187429856}, "RAM_usage": {"entry_quantity": 12, "sum": 844.5796064400719, "mean": 70.38163387000598}, "execution_time_ms": {"entry_quantity": 12, "sum": -1137.9487179487178, "mean": -94.82905982905982}}, "prompt v report": {"1": {"CPU_usage": 93.4567901234568, "RAM_usage": 93.33333333333333, "execution_time_ms": 89.91452991452991}, "2": {"CPU_usage": 95.7912457912458, "RAM_usage": 62.73106738223018, "execution_time_ms": -156.4102564102564}, "3": {"CPU_usage": 95.7912457912458, "RAM_usage": 62.73106738223018, "execution_time_ms": -156.4102564102564}, "4": {"CPU_usage": 95.7912457912458, "RAM_usage": 62.73106738223018, "execution_time_ms": -156.4102564102564}}, "model report": {"openAI": {"CPU_usage": 95.31986531986531, "RAM_usage": 70.38163387000597, "execution_time_ms": -94.74358974358974}, "claude": {"CPU_usage": 95.18097643097643, "RAM_usage": 70.37865235539655, "execution_time_ms": -94.48717948717949}, "gemini": {"CPU_usage": 95.12205387205387, "RAM_usage": 70.38461538461539, "execution_time_ms": -95.25641025641025}}}}