{"improvements_metadata": {"cluster name": "a0142linkedlistcycleii", "overall mean improvement": -25.226456430836, "metric cluster report": {"CPU_usage": {"entry_quantity": 12, "sum": 1148.051948051948, "mean": 95.67099567099568}, "RAM_usage": {"entry_quantity": 12, "sum": 743.7956204379562, "mean": 61.982968369829685}, "execution_time_ms": {"entry_quantity": 12, "sum": -2800.0000000000005, "mean": -233.33333333333337}}, "prompt v report": {"1": {"CPU_usage": 95.67099567099568, "RAM_usage": 61.982968369829685, "execution_time_ms": -233.33333333333334}, "2": {"CPU_usage": 95.67099567099568, "RAM_usage": 61.982968369829685, "execution_time_ms": -233.33333333333334}, "3": {"CPU_usage": 95.67099567099568, "RAM_usage": 61.982968369829685, "execution_time_ms": -233.33333333333334}, "4": {"CPU_usage": 95.67099567099568, "RAM_usage": 61.982968369829685, "execution_time_ms": -233.33333333333334}}, "model report": {"openAI": {"CPU_usage": 95.67099567099568, "RAM_usage": 61.982968369829685, "execution_time_ms": -233.33333333333334}, "claude": {"CPU_usage": 95.67099567099568, "RAM_usage": 61.982968369829685, "execution_time_ms": -233.33333333333334}, "gemini": {"CPU_usage": 95.67099567099568, "RAM_usage": 61.982968369829685, "execution_time_ms": -233.33333333333334}}}}