{"improvements_metadata": {"cluster name": "a0143reorderlist", "overall mean improvement": 4.3445261689242045, "metric cluster report": {"CPU_usage": {"entry_quantity": 12, "sum": 1146.5440613026824, "mean": 95.5453384418902}, "RAM_usage": {"entry_quantity": 12, "sum": 837.8588807785887, "mean": 69.82157339821573}, "execution_time_ms": {"entry_quantity": 12, "sum": -1827.9999999999998, "mean": -152.33333333333331}}, "prompt v report": {"1": {"CPU_usage": 93.67560664112388, "RAM_usage": 93.33738848337389, "execution_time_ms": 90.66666666666667}, "2": {"CPU_usage": 96.16858237547893, "RAM_usage": 61.982968369829685, "execution_time_ms": -233.33333333333334}, "3": {"CPU_usage": 96.16858237547893, "RAM_usage": 61.982968369829685, "execution_time_ms": -233.33333333333334}, "4": {"CPU_usage": 96.16858237547893, "RAM_usage": 61.982968369829685, "execution_time_ms": -233.33333333333334}}, "model report": {"openAI": {"CPU_usage": 95.53256704980843, "RAM_usage": 69.82360097323601, "execution_time_ms": -152.33333333333334}, "claude": {"CPU_usage": 95.47509578544062, "RAM_usage": 69.81751824817519, "execution_time_ms": -152.16666666666669}, "gemini": {"CPU_usage": 95.62835249042146, "RAM_usage": 69.82360097323601, "execution_time_ms": -152.5}}}}