{"improvements_metadata": {"cluster name": "a0150evaluatereversepolishnotation", "overall mean improvement": -14.89377497957299, "metric cluster report": {"CPU_usage": {"entry_quantity": 12, "sum": 1152.2673031026252, "mean": 96.0222752585521}, "RAM_usage": {"entry_quantity": 12, "sum": 747.9204339963834, "mean": 62.32670283303195}, "execution_time_ms": {"entry_quantity": 12, "sum": -2436.3636363636365, "mean": -203.03030303030303}}, "prompt v report": {"1": {"CPU_usage": 96.0222752585521, "RAM_usage": 62.32670283303194, "execution_time_ms": -203.03030303030303}, "2": {"CPU_usage": 96.0222752585521, "RAM_usage": 62.32670283303194, "execution_time_ms": -203.03030303030303}, "3": {"CPU_usage": 96.0222752585521, "RAM_usage": 62.32670283303194, "execution_time_ms": -203.03030303030303}, "4": {"CPU_usage": 96.0222752585521, "RAM_usage": 62.32670283303194, "execution_time_ms": -203.03030303030303}}, "model report": {"openAI": {"CPU_usage": 96.0222752585521, "RAM_usage": 62.326702833031945, "execution_time_ms": -203.03030303030303}, "claude": {"CPU_usage": 96.0222752585521, "RAM_usage": 62.326702833031945, "execution_time_ms": -203.03030303030303}, "gemini": {"CPU_usage": 96.0222752585521, "RAM_usage": 62.326702833031945, "execution_time_ms": -203.03030303030303}}}}