{"improvements_metadata": {"cluster name": "a0153findminimuminrotatedsortedarray", "overall mean improvement": -14.930624610846442, "metric cluster report": {"CPU_usage": {"entry_quantity": 12, "sum": 1150.1246882793018, "mean": 95.84372402327516}, "RAM_usage": {"entry_quantity": 12, "sum": 748.7364620938625, "mean": 62.39470517448854}, "execution_time_ms": {"entry_quantity": 12, "sum": -2436.3636363636365, "mean": -203.03030303030303}}, "prompt v report": {"1": {"CPU_usage": 95.84372402327513, "RAM_usage": 62.394705174488564, "execution_time_ms": -203.03030303030303}, "2": {"CPU_usage": 95.84372402327513, "RAM_usage": 62.394705174488564, "execution_time_ms": -203.03030303030303}, "3": {"CPU_usage": 95.84372402327513, "RAM_usage": 62.394705174488564, "execution_time_ms": -203.03030303030303}, "4": {"CPU_usage": 95.84372402327513, "RAM_usage": 62.394705174488564, "execution_time_ms": -203.03030303030303}}, "model report": {"openAI": {"CPU_usage": 95.84372402327514, "RAM_usage": 62.394705174488564, "execution_time_ms": -203.03030303030303}, "claude": {"CPU_usage": 95.84372402327514, "RAM_usage": 62.394705174488564, "execution_time_ms": -203.03030303030303}, "gemini": {"CPU_usage": 95.84372402327514, "RAM_usage": 62.394705174488564, "execution_time_ms": -203.03030303030303}}}}