{"improvements_metadata": {"cluster name": "a0152maximumproductsubarray", "overall mean improvement": 23.84101264307124, "metric cluster report": {"CPU_usage": {"entry_quantity": 12, "sum": 1146.2866191607286, "mean": 95.52388493006072}, "RAM_usage": {"entry_quantity": 12, "sum": 842.2462462462461, "mean": 70.18718718718718}, "execution_time_ms": {"entry_quantity": 12, "sum": -1130.2564102564102, "mean": -94.18803418803418}}, "prompt v report": {"1": {"CPU_usage": 93.97202428081287, "RAM_usage": 93.36136136136138, "execution_time_ms": 92.47863247863249}, "2": {"CPU_usage": 96.04117181314331, "RAM_usage": 62.46246246246246, "execution_time_ms": -156.4102564102564}, "3": {"CPU_usage": 96.04117181314331, "RAM_usage": 62.46246246246246, "execution_time_ms": -156.4102564102564}, "4": {"CPU_usage": 96.04117181314331, "RAM_usage": 62.46246246246246, "execution_time_ms": -156.4102564102564}}, "model report": {"openAI": {"CPU_usage": 95.66112430720507, "RAM_usage": 70.18618618618619, "execution_time_ms": -94.23076923076923}, "claude": {"CPU_usage": 95.45922406967537, "RAM_usage": 70.18618618618619, "execution_time_ms": -94.23076923076923}, "gemini": {"CPU_usage": 95.45130641330167, "RAM_usage": 70.1891891891892, "execution_time_ms": -94.1025641025641}}}}