{"improvements_metadata": {"cluster name": "a0151reversewordsinastring", "overall mean improvement": 4.344777361631297, "metric cluster report": {"CPU_usage": {"entry_quantity": 12, "sum": 1147.74531835206, "mean": 95.64544319600499}, "RAM_usage": {"entry_quantity": 12, "sum": 836.0, "mean": 69.66666666666667}, "execution_time_ms": {"entry_quantity": 12, "sum": -1827.3333333333333, "mean": -152.27777777777777}}, "prompt v report": {"1": {"CPU_usage": 93.81772784019977, "RAM_usage": 93.34556574923549, "execution_time_ms": 90.88888888888887}, "2": {"CPU_usage": 96.25468164794007, "RAM_usage": 61.773700305810394, "execution_time_ms": -233.33333333333334}, "3": {"CPU_usage": 96.25468164794007, "RAM_usage": 61.773700305810394, "execution_time_ms": -233.33333333333334}, "4": {"CPU_usage": 96.25468164794007, "RAM_usage": 61.773700305810394, "execution_time_ms": -233.33333333333334}}, "model report": {"openAI": {"CPU_usage": 95.6067415730337, "RAM_usage": 69.66666666666666, "execution_time_ms": -151.83333333333334}, "claude": {"CPU_usage": 95.62172284644194, "RAM_usage": 69.66666666666666, "execution_time_ms": -151.83333333333334}, "gemini": {"CPU_usage": 95.70786516853931, "RAM_usage": 69.66666666666666, "execution_time_ms": -153.16666666666669}}}}