{"improvements_metadata": {"cluster name": "a0162findpeakelement", "overall mean improvement": 4.1334517947386855, "metric cluster report": {"CPU_usage": {"entry_quantity": 12, "sum": 1148.5972850678734, "mean": 95.71644042232278}, "RAM_usage": {"entry_quantity": 12, "sum": 841.5403128760527, "mean": 70.12835940633772}, "execution_time_ms": {"entry_quantity": 12, "sum": -1841.3333333333333, "mean": -153.44444444444443}}, "prompt v report": {"1": {"CPU_usage": 94.17797888386123, "RAM_usage": 93.32932210188528, "execution_time_ms": 86.22222222222221}, "2": {"CPU_usage": 96.22926093514327, "RAM_usage": 62.394705174488564, "execution_time_ms": -233.33333333333334}, "3": {"CPU_usage": 96.22926093514327, "RAM_usage": 62.394705174488564, "execution_time_ms": -233.33333333333334}, "4": {"CPU_usage": 96.22926093514327, "RAM_usage": 62.394705174488564, "execution_time_ms": -233.33333333333334}}, "model report": {"openAI": {"CPU_usage": 95.69381598793365, "RAM_usage": 70.12936221419976, "execution_time_ms": -153.0}, "claude": {"CPU_usage": 95.66742081447964, "RAM_usage": 70.12936221419976, "execution_time_ms": -153.16666666666669}, "gemini": {"CPU_usage": 95.78808446455506, "RAM_usage": 70.12635379061372, "execution_time_ms": -154.16666666666669}}}}