{"improvements_metadata": {"cluster name": "a0165compareversionnumbers", "overall mean improvement": 4.02387994901278, "metric cluster report": {"CPU_usage": {"entry_quantity": 12, "sum": 1139.5287958115184, "mean": 94.9607329842932}, "RAM_usage": {"entry_quantity": 12, "sum": 835.3308823529413, "mean": 69.61090686274511}, "execution_time_ms": {"entry_quantity": 12, "sum": -1829.9999999999998, "mean": -152.49999999999997}}, "prompt v report": {"1": {"CPU_usage": 92.93193717277488, "RAM_usage": 93.33333333333333, "execution_time_ms": 90.0}, "2": {"CPU_usage": 95.63699825479928, "RAM_usage": 61.703431372549026, "execution_time_ms": -233.33333333333334}, "3": {"CPU_usage": 95.63699825479928, "RAM_usage": 61.703431372549026, "execution_time_ms": -233.33333333333334}, "4": {"CPU_usage": 95.63699825479928, "RAM_usage": 61.703431372549026, "execution_time_ms": -233.33333333333334}}, "model report": {"openAI": {"CPU_usage": 94.9607329842932, "RAM_usage": 69.6109068627451, "execution_time_ms": -152.66666666666669}, "claude": {"CPU_usage": 94.96509598603839, "RAM_usage": 69.6109068627451, "execution_time_ms": -152.33333333333334}, "gemini": {"CPU_usage": 94.95636998254798, "RAM_usage": 69.6109068627451, "execution_time_ms": -152.5}}}}