{"improvements_metadata": {"cluster name": "a0187repeateddnasequences", "overall mean improvement": -14.84207672223001, "metric cluster report": {"CPU_usage": {"entry_quantity": 12, "sum": 1154.1284403669727, "mean": 96.17737003058106}, "RAM_usage": {"entry_quantity": 12, "sum": 747.9204339963834, "mean": 62.32670283303195}, "execution_time_ms": {"entry_quantity": 12, "sum": -2436.3636363636365, "mean": -203.03030303030303}}, "prompt v report": {"1": {"CPU_usage": 96.17737003058103, "RAM_usage": 62.32670283303194, "execution_time_ms": -203.03030303030303}, "2": {"CPU_usage": 96.17737003058103, "RAM_usage": 62.32670283303194, "execution_time_ms": -203.03030303030303}, "3": {"CPU_usage": 96.17737003058103, "RAM_usage": 62.32670283303194, "execution_time_ms": -203.03030303030303}, "4": {"CPU_usage": 96.17737003058103, "RAM_usage": 62.32670283303194, "execution_time_ms": -203.03030303030303}}, "model report": {"openAI": {"CPU_usage": 96.17737003058105, "RAM_usage": 62.326702833031945, "execution_time_ms": -203.03030303030303}, "claude": {"CPU_usage": 96.17737003058105, "RAM_usage": 62.326702833031945, "execution_time_ms": -203.03030303030303}, "gemini": {"CPU_usage": 96.17737003058105, "RAM_usage": 62.326702833031945, "execution_time_ms": -203.03030303030303}}}}