{"improvements_metadata": {"cluster name": "a0199binarytreerightsideview", "overall mean improvement": 23.66530882809954, "metric cluster report": {"CPU_usage": {"entry_quantity": 12, "sum": 1142.6535626535626, "mean": 95.22113022113022}, "RAM_usage": {"entry_quantity": 12, "sum": 844.5796064400719, "mean": 70.38163387000598}, "execution_time_ms": {"entry_quantity": 12, "sum": -1135.282051282051, "mean": -94.60683760683759}}, "prompt v report": {"1": {"CPU_usage": 93.16953316953317, "RAM_usage": 93.33333333333333, "execution_time_ms": 90.80341880341881}, "2": {"CPU_usage": 95.90499590499591, "RAM_usage": 62.73106738223018, "execution_time_ms": -156.4102564102564}, "3": {"CPU_usage": 95.90499590499591, "RAM_usage": 62.73106738223018, "execution_time_ms": -156.4102564102564}, "4": {"CPU_usage": 95.90499590499591, "RAM_usage": 62.73106738223018, "execution_time_ms": -156.4102564102564}}, "model report": {"openAI": {"CPU_usage": 95.25798525798524, "RAM_usage": 70.37865235539655, "execution_time_ms": -94.97435897435898}, "claude": {"CPU_usage": 95.17608517608517, "RAM_usage": 70.38163387000597, "execution_time_ms": -94.1025641025641}, "gemini": {"CPU_usage": 95.22932022932022, "RAM_usage": 70.38461538461539, "execution_time_ms": -94.74358974358974}}}}