{"improvements_metadata": {"cluster name": "a0201bitwiseandofnumbersrange", "overall mean improvement": -25.289344100456116, "metric cluster report": {"CPU_usage": {"entry_quantity": 12, "sum": 1151.6908212560386, "mean": 95.97423510466989}, "RAM_usage": {"entry_quantity": 12, "sum": 737.8927911275417, "mean": 61.491065927295146}, "execution_time_ms": {"entry_quantity": 12, "sum": -2800.0000000000005, "mean": -233.33333333333337}}, "prompt v report": {"1": {"CPU_usage": 95.97423510466989, "RAM_usage": 61.49106592729513, "execution_time_ms": -233.33333333333334}, "2": {"CPU_usage": 95.97423510466989, "RAM_usage": 61.49106592729513, "execution_time_ms": -233.33333333333334}, "3": {"CPU_usage": 95.97423510466989, "RAM_usage": 61.49106592729513, "execution_time_ms": -233.33333333333334}, "4": {"CPU_usage": 95.97423510466989, "RAM_usage": 61.49106592729513, "execution_time_ms": -233.33333333333334}}, "model report": {"openAI": {"CPU_usage": 95.97423510466989, "RAM_usage": 61.49106592729513, "execution_time_ms": -233.33333333333334}, "claude": {"CPU_usage": 95.97423510466989, "RAM_usage": 61.49106592729513, "execution_time_ms": -233.33333333333334}, "gemini": {"CPU_usage": 95.97423510466989, "RAM_usage": 61.49106592729513, "execution_time_ms": -233.33333333333334}}}}