{"improvements_metadata": {"cluster name": "a0208implementtrieprefixtree", "overall mean improvement": 11.934651145660316, "metric cluster report": {"CPU_usage": {"entry_quantity": 12, "sum": 1148.2051282051282, "mean": 95.68376068376068}, "RAM_usage": {"entry_quantity": 12, "sum": 835.9877675840978, "mean": 69.66564729867481}, "execution_time_ms": {"entry_quantity": 12, "sum": -1554.5454545454545, "mean": -129.54545454545453}}, "prompt v report": {"1": {"CPU_usage": 94.04725992961285, "RAM_usage": 93.34148827726808, "execution_time_ms": 90.90909090909092}, "2": {"CPU_usage": 96.22926093514327, "RAM_usage": 61.773700305810394, "execution_time_ms": -203.03030303030303}, "3": {"CPU_usage": 96.22926093514327, "RAM_usage": 61.773700305810394, "execution_time_ms": -203.03030303030303}, "4": {"CPU_usage": 96.22926093514327, "RAM_usage": 61.773700305810394, "execution_time_ms": -203.03030303030303}}, "model report": {"openAI": {"CPU_usage": 95.69381598793365, "RAM_usage": 69.66360856269112, "execution_time_ms": -129.54545454545453}, "claude": {"CPU_usage": 95.70135746606334, "RAM_usage": 69.66666666666666, "execution_time_ms": -129.54545454545453}, "gemini": {"CPU_usage": 95.65610859728508, "RAM_usage": 69.66666666666666, "execution_time_ms": -129.54545454545453}}}}