{"improvements_metadata": {"cluster name": "a0207courseschedule", "overall mean improvement": -24.9658187819005, "metric cluster report": {"CPU_usage": {"entry_quantity": 12, "sum": 1152.49406175772, "mean": 96.04117181314332}, "RAM_usage": {"entry_quantity": 12, "sum": 748.7364620938625, "mean": 62.39470517448854}, "execution_time_ms": {"entry_quantity": 12, "sum": -2800.0000000000005, "mean": -233.33333333333337}}, "prompt v report": {"1": {"CPU_usage": 96.04117181314331, "RAM_usage": 62.394705174488564, "execution_time_ms": -233.33333333333334}, "2": {"CPU_usage": 96.04117181314331, "RAM_usage": 62.394705174488564, "execution_time_ms": -233.33333333333334}, "3": {"CPU_usage": 96.04117181314331, "RAM_usage": 62.394705174488564, "execution_time_ms": -233.33333333333334}, "4": {"CPU_usage": 96.04117181314331, "RAM_usage": 62.394705174488564, "execution_time_ms": -233.33333333333334}}, "model report": {"openAI": {"CPU_usage": 96.04117181314331, "RAM_usage": 62.394705174488564, "execution_time_ms": -233.33333333333334}, "claude": {"CPU_usage": 96.04117181314331, "RAM_usage": 62.394705174488564, "execution_time_ms": -233.33333333333334}, "gemini": {"CPU_usage": 96.04117181314331, "RAM_usage": 62.394705174488564, "execution_time_ms": -233.33333333333334}}}}