{"improvements_metadata": {"cluster name": "a0200numberofislands", "overall mean improvement": 92.62941097167287, "metric cluster report": {"CPU_usage": {"entry_quantity": 12, "sum": 1146.2046485260769, "mean": 95.51705404383974}, "RAM_usage": {"entry_quantity": 12, "sum": 1120.078078078078, "mean": 93.33983983983984}, "execution_time_ms": {"entry_quantity": 12, "sum": 1068.3760683760684, "mean": 89.03133903133903}}, "prompt v report": {"1": {"CPU_usage": 93.02721088435374, "RAM_usage": 93.33333333333333, "execution_time_ms": 93.5042735042735}, "2": {"CPU_usage": 96.39739229024944, "RAM_usage": 93.33333333333333, "execution_time_ms": 90.42735042735042}, "3": {"CPU_usage": 96.61186696900984, "RAM_usage": 93.34734734734734, "execution_time_ms": 83.13390313390313}, "4": {"CPU_usage": 96.03174603174602, "RAM_usage": 93.34534534534534, "execution_time_ms": 89.05982905982906}}, "model report": {"openAI": {"CPU_usage": 95.35005668934241, "RAM_usage": 93.33933933933933, "execution_time_ms": 91.32478632478632}, "claude": {"CPU_usage": 95.45068027210883, "RAM_usage": 93.34084084084084, "execution_time_ms": 86.53846153846155}, "gemini": {"CPU_usage": 95.75042517006803, "RAM_usage": 93.33933933933933, "execution_time_ms": 89.23076923076924}}}}