{"improvements_metadata": {"cluster name": "a0211addandsearchworddatastructuredesign", "overall mean improvement": 27.968211693368218, "metric cluster report": {"CPU_usage": {"entry_quantity": 12, "sum": 1142.904290429043, "mean": 95.24202420242024}, "RAM_usage": {"entry_quantity": 12, "sum": 835.3799019607845, "mean": 69.61499183006538}, "execution_time_ms": {"entry_quantity": 12, "sum": -971.4285714285713, "mean": -80.95238095238095}}, "prompt v report": {"1": {"CPU_usage": 93.34433443344335, "RAM_usage": 93.34967320261438, "execution_time_ms": 90.47619047619048}, "2": {"CPU_usage": 95.87458745874589, "RAM_usage": 61.703431372549026, "execution_time_ms": -138.0952380952381}, "3": {"CPU_usage": 95.87458745874589, "RAM_usage": 61.703431372549026, "execution_time_ms": -138.0952380952381}, "4": {"CPU_usage": 95.87458745874589, "RAM_usage": 61.703431372549026, "execution_time_ms": -138.0952380952381}}, "model report": {"openAI": {"CPU_usage": 95.25577557755776, "RAM_usage": 69.62316176470588, "execution_time_ms": -81.42857142857144}, "claude": {"CPU_usage": 95.20214521452147, "RAM_usage": 69.6078431372549, "execution_time_ms": -80.47619047619048}, "gemini": {"CPU_usage": 95.26815181518151, "RAM_usage": 69.61397058823529, "execution_time_ms": -80.95238095238096}}}}