{"improvements_metadata": {"cluster name": "a0216combination_sumiii", "overall mean improvement": 18.3462957783003, "metric cluster report": {"CPU_usage": {"entry_quantity": 12, "sum": 1143.8902340597256, "mean": 95.3241861716438}, "RAM_usage": {"entry_quantity": 12, "sum": 841.5764139590851, "mean": 70.13136782992376}, "execution_time_ms": {"entry_quantity": 12, "sum": -1325.0000000000002, "mean": -110.41666666666669}}, "prompt v report": {"1": {"CPU_usage": 93.40328221684153, "RAM_usage": 93.34135579622944, "execution_time_ms": 91.66666666666667}, "2": {"CPU_usage": 95.96448748991122, "RAM_usage": 62.394705174488564, "execution_time_ms": -177.77777777777774}, "3": {"CPU_usage": 95.96448748991122, "RAM_usage": 62.394705174488564, "execution_time_ms": -177.77777777777774}, "4": {"CPU_usage": 95.96448748991122, "RAM_usage": 62.394705174488564, "execution_time_ms": -177.77777777777774}}, "model report": {"openAI": {"CPU_usage": 95.41565778853915, "RAM_usage": 70.12936221419976, "execution_time_ms": -110.27777777777777}, "claude": {"CPU_usage": 95.32687651331719, "RAM_usage": 70.13838748495787, "execution_time_ms": -110.41666666666667}, "gemini": {"CPU_usage": 95.23002421307505, "RAM_usage": 70.12635379061372, "execution_time_ms": -110.55555555555556}}}}