{"improvements_metadata": {"cluster name": "accumulate", "overall mean improvement": 94.80451433243995, "metric cluster report": {"CPU_usage": {"entry_quantity": 72, "sum": 6874.09096665203, "mean": 95.47348564794487}, "RAM_usage": {"entry_quantity": 72, "sum": 6994.524432567172, "mean": 97.14617267454406}, "execution_time_ms": {"entry_quantity": 72, "sum": 6609.159696587825, "mean": 91.7938846748309}}, "prompt v report": {"1": {"CPU_usage": 95.49633994754069, "RAM_usage": 97.16075897622704, "execution_time_ms": 91.81926487829503}, "2": {"CPU_usage": 95.49633994754069, "RAM_usage": 97.16075897622704, "execution_time_ms": 91.81926487829503}, "3": {"CPU_usage": 95.40492274915725, "RAM_usage": 97.10241376949453, "execution_time_ms": 91.71774406443862}, "4": {"CPU_usage": 95.49633994754069, "RAM_usage": 97.16075897622704, "execution_time_ms": 91.81926487829503}}, "model report": {"openAI": {"CPU_usage": 95.47351931308172, "RAM_usage": 97.14639470956297, "execution_time_ms": 91.79197636198928}, "claude": {"CPU_usage": 95.47372130390328, "RAM_usage": 97.14607470013867, "execution_time_ms": 91.79511097612549}, "gemini": {"CPU_usage": 95.47321632684942, "RAM_usage": 97.14604861393015, "execution_time_ms": 91.79456668637806}}}}