{"improvements_metadata": {"cluster name": "acronym", "overall mean improvement": 76.28978041328757, "metric cluster report": {"CPU_usage": {"entry_quantity": 139, "sum": 12738.442807893955, "mean": 91.643473438086}, "RAM_usage": {"entry_quantity": 139, "sum": 11425.544700832954, "mean": 82.19816331534498}, "execution_time_ms": {"entry_quantity": 127, "sum": 6988.518469776832, "mean": 55.027704486431745}}, "prompt v report": {"1": {"CPU_usage": 92.2828108876615, "RAM_usage": 93.29751745390641, "execution_time_ms": 92.13201458758051}, "2": {"CPU_usage": 91.52325613987529, "RAM_usage": 80.11110527219668, "execution_time_ms": 48.50009437604453}, "3": {"CPU_usage": 91.52325613987529, "RAM_usage": 80.11110527219668, "execution_time_ms": 48.50009437604453}, "4": {"CPU_usage": 91.52325613987529, "RAM_usage": 80.11110527219668, "execution_time_ms": 48.50009437604453}}, "model report": {"openAI": {"CPU_usage": 91.62698938383382, "RAM_usage": 82.12335465065932, "execution_time_ms": 54.75181180628232}, "claude": {"CPU_usage": 91.60884444422128, "RAM_usage": 82.35229737707658, "execution_time_ms": 55.62922079636061}, "gemini": {"CPU_usage": 91.69533929041746, "RAM_usage": 82.11548717782664, "execution_time_ms": 54.68775903974942}}}}