{"improvements_metadata": {"cluster name": "airport_robot", "overall mean improvement": 97.59016120460302, "metric cluster report": {"CPU_usage": {"entry_quantity": 24, "sum": 2313.7915017743353, "mean": 96.4079792405973}, "RAM_usage": {"entry_quantity": 24, "sum": 2340.785083585236, "mean": 97.5327118160515}, "execution_time_ms": {"entry_quantity": 24, "sum": 2371.915021371846, "mean": 98.82979255716025}}, "prompt v report": {"1": {"CPU_usage": 96.40797924059727, "RAM_usage": 97.53271181605153, "execution_time_ms": 98.82979255716022}, "2": {"CPU_usage": 96.40797924059727, "RAM_usage": 97.53271181605153, "execution_time_ms": 98.82979255716022}, "3": {"CPU_usage": 96.40797924059727, "RAM_usage": 97.53271181605153, "execution_time_ms": 98.82979255716022}, "4": {"CPU_usage": 96.40797924059727, "RAM_usage": 97.53271181605153, "execution_time_ms": 98.82979255716022}}, "model report": {"openAI": {"CPU_usage": 96.40797924059726, "RAM_usage": 97.53271181605155, "execution_time_ms": 98.82979255716022}, "claude": {"CPU_usage": 96.40797924059726, "RAM_usage": 97.53271181605155, "execution_time_ms": 98.82979255716022}, "gemini": {"CPU_usage": 96.40797924059726, "RAM_usage": 97.53271181605155, "execution_time_ms": 98.82979255716022}}}}