{"improvements_metadata": {"cluster name": "all_your_base", "overall mean improvement": 87.66635953559766, "metric cluster report": {"CPU_usage": {"entry_quantity": 48, "sum": 4405.532733089609, "mean": 91.78193193936686}, "RAM_usage": {"entry_quantity": 48, "sum": 3538.558130244931, "mean": 73.7199610467694}, "execution_time_ms": {"entry_quantity": 36, "sum": 3509.898682343642, "mean": 97.49718562065672}}, "prompt v report": {"1": {"CPU_usage": 92.72953530975845, "RAM_usage": 93.34188606197533, "execution_time_ms": 93.26509891077653}, "2": {"CPU_usage": 91.46606414923629, "RAM_usage": 67.17931937503413, "execution_time_ms": 98.90788119061675}, "3": {"CPU_usage": 91.46606414923629, "RAM_usage": 67.17931937503413, "execution_time_ms": 98.90788119061675}, "4": {"CPU_usage": 91.46606414923629, "RAM_usage": 67.17931937503413, "execution_time_ms": 98.90788119061675}}, "model report": {"openAI": {"CPU_usage": 91.92771122884707, "RAM_usage": 73.70062672277597, "execution_time_ms": 97.46792527011974}, "claude": {"CPU_usage": 91.54301306111844, "RAM_usage": 73.73794790759787, "execution_time_ms": 97.5022165386037}, "gemini": {"CPU_usage": 91.875071528135, "RAM_usage": 73.72130850993446, "execution_time_ms": 97.5214150532467}}}}