{"improvements_metadata": {"cluster name": "allergies", "overall mean improvement": 79.1429920567882, "metric cluster report": {"CPU_usage": {"entry_quantity": 72, "sum": 6479.8687914574575, "mean": 89.99817765913136}, "RAM_usage": {"entry_quantity": 72, "sum": 3878.085677504093, "mean": 53.86230107644573}, "execution_time_ms": {"entry_quantity": 48, "sum": 4491.287876869799, "mean": 93.56849743478749}}, "prompt v report": {"1": {"CPU_usage": 89.99817765913134, "RAM_usage": 53.86230107644575, "execution_time_ms": 93.56849743478743}, "2": {"CPU_usage": 89.99817765913134, "RAM_usage": 53.86230107644575, "execution_time_ms": 93.56849743478743}, "3": {"CPU_usage": 89.99817765913134, "RAM_usage": 53.86230107644575, "execution_time_ms": 93.56849743478743}, "4": {"CPU_usage": 89.99817765913134, "RAM_usage": 53.86230107644575, "execution_time_ms": 93.56849743478743}}, "model report": {"openAI": {"CPU_usage": 89.99817765913133, "RAM_usage": 53.86230107644576, "execution_time_ms": 93.56849743478742}, "claude": {"CPU_usage": 89.99817765913133, "RAM_usage": 53.86230107644576, "execution_time_ms": 93.56849743478742}, "gemini": {"CPU_usage": 89.99817765913133, "RAM_usage": 53.86230107644576, "execution_time_ms": 93.56849743478742}}}}