{"improvements_metadata": {"cluster name": "alphametics", "overall mean improvement": 95.8670885893393, "metric cluster report": {"CPU_usage": {"entry_quantity": 60, "sum": 5621.957787427873, "mean": 93.69929645713121}, "RAM_usage": {"entry_quantity": 60, "sum": 5662.508103543726, "mean": 94.3751350590621}, "execution_time_ms": {"entry_quantity": 60, "sum": 5971.610055109475, "mean": 99.52683425182458}}, "prompt v report": {"1": {"CPU_usage": 93.69929645713128, "RAM_usage": 94.37513505906206, "execution_time_ms": 99.52683425182464}, "2": {"CPU_usage": 93.69929645713128, "RAM_usage": 94.37513505906206, "execution_time_ms": 99.52683425182464}, "3": {"CPU_usage": 93.69929645713128, "RAM_usage": 94.37513505906206, "execution_time_ms": 99.52683425182464}, "4": {"CPU_usage": 93.69929645713128, "RAM_usage": 94.37513505906206, "execution_time_ms": 99.52683425182464}}, "model report": {"openAI": {"CPU_usage": 93.69929645713125, "RAM_usage": 94.37513505906207, "execution_time_ms": 99.52683425182467}, "claude": {"CPU_usage": 93.69929645713125, "RAM_usage": 94.37513505906207, "execution_time_ms": 99.52683425182467}, "gemini": {"CPU_usage": 93.69929645713125, "RAM_usage": 94.37513505906207, "execution_time_ms": 99.52683425182467}}}}