{"improvements_metadata": {"cluster name": "amusement_park", "overall mean improvement": 80.44209463691732, "metric cluster report": {"CPU_usage": {"entry_quantity": 24, "sum": 2169.7737317765027, "mean": 90.40723882402095}, "RAM_usage": {"entry_quantity": 24, "sum": 2078.2841883086503, "mean": 86.59517451286042}, "execution_time_ms": {"entry_quantity": 24, "sum": 1543.7728937728941, "mean": 64.3238705738706}}, "prompt v report": {"1": {"CPU_usage": 90.40723882402092, "RAM_usage": 86.59517451286041, "execution_time_ms": 64.32387057387056}, "2": {"CPU_usage": 90.40723882402092, "RAM_usage": 86.59517451286041, "execution_time_ms": 64.32387057387056}, "3": {"CPU_usage": 90.40723882402092, "RAM_usage": 86.59517451286041, "execution_time_ms": 64.32387057387056}, "4": {"CPU_usage": 90.40723882402092, "RAM_usage": 86.59517451286041, "execution_time_ms": 64.32387057387056}}, "model report": {"openAI": {"CPU_usage": 90.40723882402094, "RAM_usage": 86.59517451286041, "execution_time_ms": 64.32387057387058}, "claude": {"CPU_usage": 90.40723882402094, "RAM_usage": 86.59517451286041, "execution_time_ms": 64.32387057387058}, "gemini": {"CPU_usage": 90.40723882402094, "RAM_usage": 86.59517451286041, "execution_time_ms": 64.32387057387058}}}}