{"improvements_metadata": {"cluster name": "anagram", "overall mean improvement": 78.46533576652685, "metric cluster report": {"CPU_usage": {"entry_quantity": 198, "sum": 18531.788550231096, "mean": 93.59489166783382}, "RAM_usage": {"entry_quantity": 198, "sum": 14009.609878535444, "mean": 70.75560544714871}, "execution_time_ms": {"entry_quantity": 150, "sum": 10656.826527689698, "mean": 71.04551018459799}}, "prompt v report": {"1": {"CPU_usage": 92.51992170267916, "RAM_usage": 93.3485633906886, "execution_time_ms": 92.6711344163069}, "2": {"CPU_usage": 93.91105930464404, "RAM_usage": 64.11061781669582, "execution_time_ms": 64.94597514488525}, "3": {"CPU_usage": 93.91105930464404, "RAM_usage": 64.11061781669582, "execution_time_ms": 64.94597514488525}, "4": {"CPU_usage": 93.91105930464404, "RAM_usage": 64.11061781669582, "execution_time_ms": 64.94597514488525}}, "model report": {"openAI": {"CPU_usage": 93.59160328242872, "RAM_usage": 70.75490712619784, "execution_time_ms": 71.12100067867917}, "claude": {"CPU_usage": 93.54084413381565, "RAM_usage": 70.7502320601089, "execution_time_ms": 70.99653383996197}, "gemini": {"CPU_usage": 93.65222758725707, "RAM_usage": 70.76167715513945, "execution_time_ms": 71.01899603515292}}}}