{"improvements_metadata": {"cluster name": "anagram_indices", "overall mean improvement": -25.29080281125677, "metric cluster report": {"CPU_usage": {"entry_quantity": 12, "sum": 1152.49406175772, "mean": 96.04117181314332}, "RAM_usage": {"entry_quantity": 12, "sum": 737.037037037037, "mean": 61.419753086419746}, "execution_time_ms": {"entry_quantity": 12, "sum": -2800.0000000000005, "mean": -233.33333333333337}}, "prompt v report": {"1": {"CPU_usage": 96.04117181314331, "RAM_usage": 61.419753086419746, "execution_time_ms": -233.33333333333334}, "2": {"CPU_usage": 96.04117181314331, "RAM_usage": 61.419753086419746, "execution_time_ms": -233.33333333333334}, "3": {"CPU_usage": 96.04117181314331, "RAM_usage": 61.419753086419746, "execution_time_ms": -233.33333333333334}, "4": {"CPU_usage": 96.04117181314331, "RAM_usage": 61.419753086419746, "execution_time_ms": -233.33333333333334}}, "model report": {"openAI": {"CPU_usage": 96.04117181314331, "RAM_usage": 61.419753086419746, "execution_time_ms": -233.33333333333334}, "claude": {"CPU_usage": 96.04117181314331, "RAM_usage": 61.419753086419746, "execution_time_ms": -233.33333333333334}, "gemini": {"CPU_usage": 96.04117181314331, "RAM_usage": 61.419753086419746, "execution_time_ms": -233.33333333333334}}}}