{"improvements_metadata": {"cluster name": "animal_magic", "overall mean improvement": 97.56934978874938, "metric cluster report": {"CPU_usage": {"entry_quantity": 24, "sum": 2312.0874874410692, "mean": 96.33697864337789}, "RAM_usage": {"entry_quantity": 24, "sum": 2340.863595870458, "mean": 97.53598316126909}, "execution_time_ms": {"entry_quantity": 24, "sum": 2372.042101478428, "mean": 98.83508756160116}}, "prompt v report": {"1": {"CPU_usage": 96.3369786433779, "RAM_usage": 97.5359831612691, "execution_time_ms": 98.83508756160113}, "2": {"CPU_usage": 96.3369786433779, "RAM_usage": 97.5359831612691, "execution_time_ms": 98.83508756160113}, "3": {"CPU_usage": 96.3369786433779, "RAM_usage": 97.5359831612691, "execution_time_ms": 98.83508756160113}, "4": {"CPU_usage": 96.3369786433779, "RAM_usage": 97.5359831612691, "execution_time_ms": 98.83508756160113}}, "model report": {"openAI": {"CPU_usage": 96.3369786433779, "RAM_usage": 97.5359831612691, "execution_time_ms": 98.83508756160113}, "claude": {"CPU_usage": 96.3369786433779, "RAM_usage": 97.5359831612691, "execution_time_ms": 98.83508756160113}, "gemini": {"CPU_usage": 96.3369786433779, "RAM_usage": 97.5359831612691, "execution_time_ms": 98.83508756160113}}}}