{"improvements_metadata": {"cluster name": "annalyns_infiltration", "overall mean improvement": 92.92418787366982, "metric cluster report": {"CPU_usage": {"entry_quantity": 84, "sum": 7951.5923882929, "mean": 94.66181414634404}, "RAM_usage": {"entry_quantity": 84, "sum": 7931.064284521457, "mean": 94.41743195858878}, "execution_time_ms": {"entry_quantity": 84, "sum": 7534.238671350437, "mean": 89.69331751607663}}, "prompt v report": {"1": {"CPU_usage": 93.03011017251394, "RAM_usage": 93.38656399501954, "execution_time_ms": 93.19507925979413}, "2": {"CPU_usage": 95.20571547095403, "RAM_usage": 94.76105461311195, "execution_time_ms": 88.52606360150412}, "3": {"CPU_usage": 95.20571547095403, "RAM_usage": 94.76105461311195, "execution_time_ms": 88.52606360150412}, "4": {"CPU_usage": 95.20571547095403, "RAM_usage": 94.76105461311195, "execution_time_ms": 88.52606360150412}}, "model report": {"openAI": {"CPU_usage": 94.66314113126626, "RAM_usage": 94.41528549722395, "execution_time_ms": 89.65642262241474}, "claude": {"CPU_usage": 94.74888494017837, "RAM_usage": 94.41419453279877, "execution_time_ms": 89.70268441197281}, "gemini": {"CPU_usage": 94.5734163675874, "RAM_usage": 94.42281584574377, "execution_time_ms": 89.72084551384229}}}}