{"improvements_metadata": {"cluster name": "armstrong_numbers", "overall mean improvement": 83.98175328260801, "metric cluster report": {"CPU_usage": {"entry_quantity": 189, "sum": 17795.62617571077, "mean": 94.15675225243794}, "RAM_usage": {"entry_quantity": 189, "sum": 16341.922988797005, "mean": 86.46520099892595}, "execution_time_ms": {"entry_quantity": 177, "sum": 12624.22526757345, "mean": 71.32330659646017}}, "prompt v report": {"1": {"CPU_usage": 93.29584663140743, "RAM_usage": 92.87842085351383, "execution_time_ms": 90.87799778813292}, "2": {"CPU_usage": 94.4257852590099, "RAM_usage": 84.46106979436726, "execution_time_ms": 65.23962489238428}, "3": {"CPU_usage": 94.4257852590099, "RAM_usage": 84.46106979436726, "execution_time_ms": 65.23962489238428}, "4": {"CPU_usage": 94.4257852590099, "RAM_usage": 84.46106979436726, "execution_time_ms": 65.23962489238428}}, "model report": {"openAI": {"CPU_usage": 94.07665195718819, "RAM_usage": 86.46293456098402, "execution_time_ms": 71.24905211049627}, "claude": {"CPU_usage": 94.26478700387753, "RAM_usage": 86.46858074698625, "execution_time_ms": 71.18585600216652}, "gemini": {"CPU_usage": 94.12881779624793, "RAM_usage": 86.46408768880752, "execution_time_ms": 71.53501167671797}}}}