{"improvements_metadata": {"cluster name": "atbash_cipher", "overall mean improvement": 85.28825199754458, "metric cluster report": {"CPU_usage": {"entry_quantity": 143, "sum": 13310.718081523504, "mean": 93.08194462603849}, "RAM_usage": {"entry_quantity": 143, "sum": 10271.341457310433, "mean": 71.8275626385345}, "execution_time_ms": {"entry_quantity": 107, "sum": 9732.2116139025, "mean": 90.95524872806075}}, "prompt v report": {"1": {"CPU_usage": 91.81846625612408, "RAM_usage": 93.37908593602613, "execution_time_ms": 91.39626525188072}, "2": {"CPU_usage": 93.49140520888095, "RAM_usage": 64.84327268101408, "execution_time_ms": 90.81368786856308}, "3": {"CPU_usage": 93.49140520888095, "RAM_usage": 64.84327268101408, "execution_time_ms": 90.81368786856308}, "4": {"CPU_usage": 93.49140520888095, "RAM_usage": 64.84327268101408, "execution_time_ms": 90.81368786856308}}, "model report": {"openAI": {"CPU_usage": 93.0350216776449, "RAM_usage": 71.97396295702373, "execution_time_ms": 90.96715562684535}, "claude": {"CPU_usage": 93.08708806958117, "RAM_usage": 71.52414691281254, "execution_time_ms": 90.97110459325155}, "gemini": {"CPU_usage": 93.12383128596288, "RAM_usage": 71.97825688481474, "execution_time_ms": 90.92792640478524}}}}