{"improvements_metadata": {"cluster name": "bank_account", "overall mean improvement": 81.19784747503753, "metric cluster report": {"CPU_usage": {"entry_quantity": 108, "sum": 10159.706493751202, "mean": 94.07135642362225}, "RAM_usage": {"entry_quantity": 108, "sum": 9899.686714169653, "mean": 91.66376587194124}, "execution_time_ms": {"entry_quantity": 108, "sum": 6248.709373991308, "mean": 57.858420129549145}}, "prompt v report": {"1": {"CPU_usage": 94.07135642362229, "RAM_usage": 91.66376587194118, "execution_time_ms": 57.858420129549195}, "2": {"CPU_usage": 94.07135642362229, "RAM_usage": 91.66376587194118, "execution_time_ms": 57.858420129549195}, "3": {"CPU_usage": 94.07135642362229, "RAM_usage": 91.66376587194118, "execution_time_ms": 57.858420129549195}, "4": {"CPU_usage": 94.07135642362229, "RAM_usage": 91.66376587194118, "execution_time_ms": 57.858420129549195}}, "model report": {"openAI": {"CPU_usage": 94.07135642362226, "RAM_usage": 91.6637658719412, "execution_time_ms": 57.85842012954918}, "claude": {"CPU_usage": 94.07135642362226, "RAM_usage": 91.6637658719412, "execution_time_ms": 57.85842012954918}, "gemini": {"CPU_usage": 94.07135642362226, "RAM_usage": 91.6637658719412, "execution_time_ms": 57.85842012954918}}}}