{"improvements_metadata": {"cluster name": "bank_account_action_invalid_exception", "overall mean improvement": 94.55392950094118, "metric cluster report": {"CPU_usage": {"entry_quantity": 12, "sum": 1155.2050837666088, "mean": 96.26709031388407}, "RAM_usage": {"entry_quantity": 12, "sum": 1125.624842257076, "mean": 93.80207018808966}, "execution_time_ms": {"entry_quantity": 12, "sum": 1123.1115360101976, "mean": 93.5926280008498}}, "prompt v report": {"1": {"CPU_usage": 93.73387252070093, "RAM_usage": 93.23604350700079, "execution_time_ms": 93.49097089441257}, "2": {"CPU_usage": 97.11149624494512, "RAM_usage": 93.99074574845262, "execution_time_ms": 93.62651370299552}, "3": {"CPU_usage": 97.11149624494512, "RAM_usage": 93.99074574845262, "execution_time_ms": 93.62651370299552}, "4": {"CPU_usage": 97.11149624494512, "RAM_usage": 93.99074574845262, "execution_time_ms": 93.62651370299552}}, "model report": {"openAI": {"CPU_usage": 96.34893125361062, "RAM_usage": 93.79126855357251, "execution_time_ms": 93.62045889101339}, "claude": {"CPU_usage": 96.27671865973424, "RAM_usage": 93.80734330869541, "execution_time_ms": 93.60101975780753}, "gemini": {"CPU_usage": 96.17562102830733, "RAM_usage": 93.80759870200109, "execution_time_ms": 93.55640535372848}}}}