{"improvements_metadata": {"cluster name": "beer_song", "overall mean improvement": 78.18846990493272, "metric cluster report": {"CPU_usage": {"entry_quantity": 163, "sum": 14907.744740548971, "mean": 91.45855669048449}, "RAM_usage": {"entry_quantity": 163, "sum": 10694.34192768855, "mean": 65.60945967907087}, "execution_time_ms": {"entry_quantity": 115, "sum": 8912.200234702923, "mean": 77.49739334524281}}, "prompt v report": {"1": {"CPU_usage": 91.30787094774698, "RAM_usage": 92.53793494821731, "execution_time_ms": 91.10154672074586}, "2": {"CPU_usage": 91.50280567843127, "RAM_usage": 57.70189154448025, "execution_time_ms": 73.71846185204747}, "3": {"CPU_usage": 91.50280567843127, "RAM_usage": 57.70189154448025, "execution_time_ms": 73.71846185204747}, "4": {"CPU_usage": 91.50280567843127, "RAM_usage": 57.70189154448025, "execution_time_ms": 73.71846185204747}}, "model report": {"openAI": {"CPU_usage": 91.3314859729686, "RAM_usage": 64.5518949487342, "execution_time_ms": 76.88064267307044}, "claude": {"CPU_usage": 91.62204427797123, "RAM_usage": 66.44790546187014, "execution_time_ms": 78.11398445851408}, "gemini": {"CPU_usage": 91.41223618887668, "RAM_usage": 65.7556488089026, "execution_time_ms": 77.43430051620057}}}}