{"improvements_metadata": {"cluster name": "binary_tree_right_side_view", "overall mean improvement": 11.811285232820723, "metric cluster report": {"CPU_usage": {"entry_quantity": 12, "sum": 1144.9760765550238, "mean": 95.41467304625199}, "RAM_usage": {"entry_quantity": 12, "sum": 835.9877675840978, "mean": 69.66564729867481}, "execution_time_ms": {"entry_quantity": 12, "sum": -1555.7575757575758, "mean": -129.64646464646464}}, "prompt v report": {"1": {"CPU_usage": 93.62041467304626, "RAM_usage": 93.34148827726808, "execution_time_ms": 90.5050505050505}, "2": {"CPU_usage": 96.01275917065391, "RAM_usage": 61.773700305810394, "execution_time_ms": -203.03030303030303}, "3": {"CPU_usage": 96.01275917065391, "RAM_usage": 61.773700305810394, "execution_time_ms": -203.03030303030303}, "4": {"CPU_usage": 96.01275917065391, "RAM_usage": 61.773700305810394, "execution_time_ms": -203.03030303030303}}, "model report": {"openAI": {"CPU_usage": 95.35087719298245, "RAM_usage": 69.66666666666666, "execution_time_ms": -129.3939393939394}, "claude": {"CPU_usage": 95.44258373205741, "RAM_usage": 69.66666666666666, "execution_time_ms": -129.6969696969697}, "gemini": {"CPU_usage": 95.4505582137161, "RAM_usage": 69.66360856269112, "execution_time_ms": -129.84848484848484}}}}