{"improvements_metadata": {"cluster name": "binary", "overall mean improvement": 72.27948794847724, "metric cluster report": {"CPU_usage": {"entry_quantity": 84, "sum": 7815.903278385791, "mean": 93.04646759983085}, "RAM_usage": {"entry_quantity": 84, "sum": 3454.0981083746738, "mean": 41.12021557588897}, "execution_time_ms": {"entry_quantity": 48, "sum": 3968.245472146171, "mean": 82.6717806697119}}, "prompt v report": {"1": {"CPU_usage": 93.04646759983093, "RAM_usage": 41.120215575889006, "execution_time_ms": 82.67178066971188}, "2": {"CPU_usage": 93.04646759983093, "RAM_usage": 41.120215575889006, "execution_time_ms": 82.67178066971188}, "3": {"CPU_usage": 93.04646759983093, "RAM_usage": 41.120215575889006, "execution_time_ms": 82.67178066971188}, "4": {"CPU_usage": 93.04646759983093, "RAM_usage": 41.120215575889006, "execution_time_ms": 82.67178066971188}}, "model report": {"openAI": {"CPU_usage": 93.0464675998309, "RAM_usage": 41.120215575889006, "execution_time_ms": 82.67178066971188}, "claude": {"CPU_usage": 93.0464675998309, "RAM_usage": 41.120215575889006, "execution_time_ms": 82.67178066971188}, "gemini": {"CPU_usage": 93.0464675998309, "RAM_usage": 41.120215575889006, "execution_time_ms": 82.67178066971188}}}}