{"improvements_metadata": {"cluster name": "binary_search", "overall mean improvement": 91.04006851077214, "metric cluster report": {"CPU_usage": {"entry_quantity": 84, "sum": 7879.027935020956, "mean": 93.79795160739233}, "RAM_usage": {"entry_quantity": 84, "sum": 6748.696959742717, "mean": 80.34163047312758}, "execution_time_ms": {"entry_quantity": 72, "sum": 7126.604888529349, "mean": 98.98062345179652}}, "prompt v report": {"1": {"CPU_usage": 93.79795160739233, "RAM_usage": 80.34163047312752, "execution_time_ms": 98.98062345179659}, "2": {"CPU_usage": 93.79795160739233, "RAM_usage": 80.34163047312752, "execution_time_ms": 98.98062345179659}, "3": {"CPU_usage": 93.79795160739233, "RAM_usage": 80.34163047312752, "execution_time_ms": 98.98062345179659}, "4": {"CPU_usage": 93.79795160739233, "RAM_usage": 80.34163047312752, "execution_time_ms": 98.98062345179659}}, "model report": {"openAI": {"CPU_usage": 93.79795160739232, "RAM_usage": 80.34163047312754, "execution_time_ms": 98.98062345179655}, "claude": {"CPU_usage": 93.79795160739232, "RAM_usage": 80.34163047312754, "execution_time_ms": 98.98062345179655}, "gemini": {"CPU_usage": 93.79795160739232, "RAM_usage": 80.34163047312754, "execution_time_ms": 98.98062345179655}}}}