{"improvements_metadata": {"cluster name": "binary_search_tree", "overall mean improvement": 90.30219821157293, "metric cluster report": {"CPU_usage": {"entry_quantity": 84, "sum": 7989.498988194089, "mean": 95.11308319278677}, "RAM_usage": {"entry_quantity": 84, "sum": 6616.431100578934, "mean": 78.76703691165397}, "execution_time_ms": {"entry_quantity": 72, "sum": 6985.906166180018, "mean": 97.02647453027802}}, "prompt v report": {"1": {"CPU_usage": 95.11308319278676, "RAM_usage": 78.76703691165402, "execution_time_ms": 97.02647453027807}, "2": {"CPU_usage": 95.11308319278676, "RAM_usage": 78.76703691165402, "execution_time_ms": 97.02647453027807}, "3": {"CPU_usage": 95.11308319278676, "RAM_usage": 78.76703691165402, "execution_time_ms": 97.02647453027807}, "4": {"CPU_usage": 95.11308319278676, "RAM_usage": 78.76703691165402, "execution_time_ms": 97.02647453027807}}, "model report": {"openAI": {"CPU_usage": 95.11308319278676, "RAM_usage": 78.76703691165405, "execution_time_ms": 97.0264745302781}, "claude": {"CPU_usage": 95.11308319278676, "RAM_usage": 78.76703691165405, "execution_time_ms": 97.0264745302781}, "gemini": {"CPU_usage": 95.11308319278676, "RAM_usage": 78.76703691165405, "execution_time_ms": 97.0264745302781}}}}