{"improvements_metadata": {"cluster name": "bird_watcher", "overall mean improvement": 92.12562073923817, "metric cluster report": {"CPU_usage": {"entry_quantity": 96, "sum": 9049.993683974275, "mean": 94.2707675413987}, "RAM_usage": {"entry_quantity": 96, "sum": 9066.724186176747, "mean": 94.44504360600779}, "execution_time_ms": {"entry_quantity": 96, "sum": 8415.460902749572, "mean": 87.66105107030803}}, "prompt v report": {"1": {"CPU_usage": 94.2707675413987, "RAM_usage": 94.44504360600787, "execution_time_ms": 87.66105107030798}, "2": {"CPU_usage": 94.2707675413987, "RAM_usage": 94.44504360600787, "execution_time_ms": 87.66105107030798}, "3": {"CPU_usage": 94.2707675413987, "RAM_usage": 94.44504360600787, "execution_time_ms": 87.66105107030798}, "4": {"CPU_usage": 94.2707675413987, "RAM_usage": 94.44504360600787, "execution_time_ms": 87.66105107030798}}, "model report": {"openAI": {"CPU_usage": 94.2707675413987, "RAM_usage": 94.44504360600787, "execution_time_ms": 87.66105107030799}, "claude": {"CPU_usage": 94.2707675413987, "RAM_usage": 94.44504360600787, "execution_time_ms": 87.66105107030799}, "gemini": {"CPU_usage": 94.2707675413987, "RAM_usage": 94.44504360600787, "execution_time_ms": 87.66105107030799}}}}