{"improvements_metadata": {"cluster name": "blackjack", "overall mean improvement": 95.57521444893605, "metric cluster report": {"CPU_usage": {"entry_quantity": 48, "sum": 4491.5615557142155, "mean": 93.57419907737949}, "RAM_usage": {"entry_quantity": 48, "sum": 4637.586100103663, "mean": 96.61637708549297}, "execution_time_ms": {"entry_quantity": 48, "sum": 4633.683224828915, "mean": 96.53506718393572}}, "prompt v report": {"1": {"CPU_usage": 93.57419907737943, "RAM_usage": 96.616377085493, "execution_time_ms": 96.53506718393574}, "2": {"CPU_usage": 93.57419907737943, "RAM_usage": 96.616377085493, "execution_time_ms": 96.53506718393574}, "3": {"CPU_usage": 93.57419907737943, "RAM_usage": 96.616377085493, "execution_time_ms": 96.53506718393574}, "4": {"CPU_usage": 93.57419907737943, "RAM_usage": 96.616377085493, "execution_time_ms": 96.53506718393574}}, "model report": {"openAI": {"CPU_usage": 93.57419907737945, "RAM_usage": 96.61637708549299, "execution_time_ms": 96.53506718393575}, "claude": {"CPU_usage": 93.57419907737945, "RAM_usage": 96.61637708549299, "execution_time_ms": 96.53506718393575}, "gemini": {"CPU_usage": 93.57419907737945, "RAM_usage": 96.61637708549299, "execution_time_ms": 96.53506718393575}}}}