{
  "improvements_metadata": {
    "cluster name": "bob",
    "overall mean improvement": 92.81130235750554,
    "metric cluster report": {
      "CPU_usage": {
        "entry_quantity": 369,
        "sum": 34382.052656946544,
        "mean": 93.17629446326977
      },
      "RAM_usage": {
        "entry_quantity": 369,
        "sum": 34384.286675178104,
        "mean": 93.1823487132198
      },
      "execution_time_ms": {
        "entry_quantity": 273,
        "sum": 25136.54704361538,
        "mean": 92.07526389602704
      }
    },
    "prompt v report": {
      "1": {
        "CPU_usage": 92.78603272080743,
        "RAM_usage": 93.12594980321572,
        "execution_time_ms": 92.29181346443428
      },
      "2": {
        "CPU_usage": 93.13624237624634,
        "RAM_usage": 92.90885980015571,
        "execution_time_ms": 91.74964182057728
      },
      "3": {
        "CPU_usage": 93.26898541537,
        "RAM_usage": 93.34509291591708,
        "execution_time_ms": 92.16389963054132
      },
      "4": {
        "CPU_usage": 93.51690737136842,
        "RAM_usage": 93.35474214658112,
        "execution_time_ms": 92.09955439614305
      }
    },
    "model report": {
      "openAI": {
        "CPU_usage": 93.27863139340919,
        "RAM_usage": 93.1782521077817,
        "execution_time_ms": 91.78255579658375
      },
      "claude": {
        "CPU_usage": 93.22811568234326,
        "RAM_usage": 93.18134394654037,
        "execution_time_ms": 92.02788600412676
      },
      "gemini": {
        "CPU_usage": 93.02213631405714,
        "RAM_usage": 93.18745008533743,
        "execution_time_ms": 92.41534988737082
      }
    }
  }
}
