{"improvements_metadata": {"cluster name": "booking_up_for_beauty", "overall mean improvement": 97.08665530162547, "metric cluster report": {"CPU_usage": {"entry_quantity": 36, "sum": 3406.450270201864, "mean": 94.62361861671845}, "RAM_usage": {"entry_quantity": 36, "sum": 3511.740663738401, "mean": 97.54835177051115}, "execution_time_ms": {"entry_quantity": 36, "sum": 3567.167838635286, "mean": 99.08799551764683}}, "prompt v report": {"1": {"CPU_usage": 94.62361861671849, "RAM_usage": 97.54835177051109, "execution_time_ms": 99.08799551764687}, "2": {"CPU_usage": 94.62361861671849, "RAM_usage": 97.54835177051109, "execution_time_ms": 99.08799551764687}, "3": {"CPU_usage": 94.62361861671849, "RAM_usage": 97.54835177051109, "execution_time_ms": 99.08799551764687}, "4": {"CPU_usage": 94.62361861671849, "RAM_usage": 97.54835177051109, "execution_time_ms": 99.08799551764687}}, "model report": {"openAI": {"CPU_usage": 94.62361861671847, "RAM_usage": 97.54835177051108, "execution_time_ms": 99.08799551764686}, "claude": {"CPU_usage": 94.62361861671847, "RAM_usage": 97.54835177051108, "execution_time_ms": 99.08799551764686}, "gemini": {"CPU_usage": 94.62361861671847, "RAM_usage": 97.54835177051108, "execution_time_ms": 99.08799551764686}}}}