{
  "improvements_metadata": {
    "cluster name": "book_store",
    "overall mean improvement": 96.57009799056027,
    "metric cluster report": {
      "CPU_usage": {
        "entry_quantity": 24,
        "sum": 2299.1932310114125,
        "mean": 95.79971795880886
      },
      "RAM_usage": {
        "entry_quantity": 24,
        "sum": 2315.5418826862006,
        "mean": 96.48091177859169
      },
      "execution_time_ms": {
        "entry_quantity": 24,
        "sum": 2338.311941622727,
        "mean": 97.42966423428028
      }
    },
    "prompt v report": {
      "1": {
        "CPU_usage": 93.54014452828682,
        "RAM_usage": 93.29273879931377,
        "execution_time_ms": 93.23248427985902
      },
      "2": {
        "CPU_usage": 96.5529091023162,
        "RAM_usage": 97.54363610501771,
        "execution_time_ms": 98.82872421908733
      },
      "3": {
        "CPU_usage": 96.5529091023162,
        "RAM_usage": 97.54363610501771,
        "execution_time_ms": 98.82872421908733
      },
      "4": {
        "CPU_usage": 96.5529091023162,
        "RAM_usage": 97.54363610501771,
        "execution_time_ms": 98.82872421908733
      }
    },
    "model report": {
      "openAI": {
        "CPU_usage": 95.89623293921713,
        "RAM_usage": 96.4735907294433,
        "execution_time_ms": 97.4100453923877
      },
      "claude": {
        "CPU_usage": 95.75146581569507,
        "RAM_usage": 96.50133877763527,
        "execution_time_ms": 97.44108481793094
      },
      "gemini": {
        "CPU_usage": 95.75145512151441,
        "RAM_usage": 96.4678058286966,
        "execution_time_ms": 97.43786249252211
      }
    }
  }
}
