{"improvements_metadata": {"cluster name": "bottle_song", "overall mean improvement": 94.85022329289914, "metric cluster report": {"CPU_usage": {"entry_quantity": 24, "sum": 2319.9028616516316, "mean": 96.66261923548466}, "RAM_usage": {"entry_quantity": 24, "sum": 2276.7696842505434, "mean": 94.86540351043931}, "execution_time_ms": {"entry_quantity": 24, "sum": 2232.5435311865626, "mean": 93.02264713277344}}, "prompt v report": {"1": {"CPU_usage": 94.46705414316129, "RAM_usage": 93.28399101386763, "execution_time_ms": 93.28816889290545}, "2": {"CPU_usage": 97.39447426625908, "RAM_usage": 95.39254100929647, "execution_time_ms": 92.93413987939617}, "3": {"CPU_usage": 97.39447426625908, "RAM_usage": 95.39254100929647, "execution_time_ms": 92.93413987939617}, "4": {"CPU_usage": 97.39447426625908, "RAM_usage": 95.39254100929647, "execution_time_ms": 92.93413987939617}}, "model report": {"openAI": {"CPU_usage": 96.68555381594967, "RAM_usage": 94.86648842004807, "execution_time_ms": 93.00190909375593}, "claude": {"CPU_usage": 96.69653896095825, "RAM_usage": 94.87940609149503, "execution_time_ms": 93.04252495445584}, "gemini": {"CPU_usage": 96.60576492954594, "RAM_usage": 94.85031601977464, "execution_time_ms": 93.0235073501087}}}}