{"improvements_metadata": {"cluster name": "bowling", "overall mean improvement": 96.14517563641876, "metric cluster report": {"CPU_usage": {"entry_quantity": 36, "sum": 3395.2431333499294, "mean": 94.31230925972027}, "RAM_usage": {"entry_quantity": 36, "sum": 3476.221521911821, "mean": 96.56170894199504}, "execution_time_ms": {"entry_quantity": 36, "sum": 3512.2143134714747, "mean": 97.56150870754097}}, "prompt v report": {"1": {"CPU_usage": 93.37860389640326, "RAM_usage": 93.41435254305101, "execution_time_ms": 93.51634504802297}, "2": {"CPU_usage": 94.62354438082595, "RAM_usage": 97.61082774164308, "execution_time_ms": 98.90989659404694}, "3": {"CPU_usage": 94.62354438082595, "RAM_usage": 97.61082774164308, "execution_time_ms": 98.90989659404694}, "4": {"CPU_usage": 94.62354438082595, "RAM_usage": 97.61082774164308, "execution_time_ms": 98.90989659404694}}, "model report": {"openAI": {"CPU_usage": 94.33141786297125, "RAM_usage": 96.56017517441857, "execution_time_ms": 97.56259620095172}, "claude": {"CPU_usage": 94.26515434403784, "RAM_usage": 96.56698321417333, "execution_time_ms": 97.56841064197813}, "gemini": {"CPU_usage": 94.34035557215168, "RAM_usage": 96.55796843739324, "execution_time_ms": 97.55351927969292}}}}