{"improvements_metadata": {"cluster name": "bowling_game_log", "overall mean improvement": 91.80208915931752, "metric cluster report": {"CPU_usage": {"entry_quantity": 12, "sum": 1105.6603773584905, "mean": 92.13836477987421}, "RAM_usage": {"entry_quantity": 12, "sum": 1120.0607538270913, "mean": 93.3383961522576}, "execution_time_ms": {"entry_quantity": 12, "sum": 1079.1540785498487, "mean": 89.92950654582073}}, "prompt v report": {"1": {"CPU_usage": 92.13836477987421, "RAM_usage": 93.33839615225763, "execution_time_ms": 89.92950654582074}, "2": {"CPU_usage": 92.13836477987421, "RAM_usage": 93.33839615225763, "execution_time_ms": 89.92950654582074}, "3": {"CPU_usage": 92.13836477987421, "RAM_usage": 93.33839615225763, "execution_time_ms": 89.92950654582074}, "4": {"CPU_usage": 92.13836477987421, "RAM_usage": 93.33839615225763, "execution_time_ms": 89.92950654582074}}, "model report": {"openAI": {"CPU_usage": 92.13836477987421, "RAM_usage": 93.33839615225762, "execution_time_ms": 89.92950654582074}, "claude": {"CPU_usage": 92.13836477987421, "RAM_usage": 93.33839615225762, "execution_time_ms": 89.92950654582074}, "gemini": {"CPU_usage": 92.13836477987421, "RAM_usage": 93.33839615225762, "execution_time_ms": 89.92950654582074}}}}