{"improvements_metadata": {"cluster name": "bracket_push", "overall mean improvement": 81.70211503762194, "metric cluster report": {"CPU_usage": {"entry_quantity": 48, "sum": 4350.635367084962, "mean": 90.63823681427004}, "RAM_usage": {"entry_quantity": 48, "sum": 3361.772927879898, "mean": 70.03693599749788}, "execution_time_ms": {"entry_quantity": 36, "sum": 3039.5222028395233, "mean": 84.43117230109787}}, "prompt v report": {"1": {"CPU_usage": 90.4938816876637, "RAM_usage": 91.44289856724572, "execution_time_ms": 90.92094725045479}, "2": {"CPU_usage": 90.6863551898055, "RAM_usage": 62.90161514091519, "execution_time_ms": 82.2679139846456}, "3": {"CPU_usage": 90.6863551898055, "RAM_usage": 62.90161514091519, "execution_time_ms": 82.2679139846456}, "4": {"CPU_usage": 90.6863551898055, "RAM_usage": 62.90161514091519, "execution_time_ms": 82.2679139846456}}, "model report": {"openAI": {"CPU_usage": 91.16034833281644, "RAM_usage": 70.39896889024463, "execution_time_ms": 84.89850538686832}, "claude": {"CPU_usage": 90.39320215933412, "RAM_usage": 69.85148046815016, "execution_time_ms": 84.21246803862225}, "gemini": {"CPU_usage": 90.36115995065956, "RAM_usage": 69.86035863409865, "execution_time_ms": 84.18254347780314}}}}