{"improvements_metadata": {"cluster name": "calculate_area_of_polygon", "overall mean improvement": 11.705895972137284, "metric cluster report": {"CPU_usage": {"entry_quantity": 12, "sum": 1141.3910093299403, "mean": 95.1159174441617}, "RAM_usage": {"entry_quantity": 12, "sum": 833.9606396063958, "mean": 69.49671996719965}, "execution_time_ms": {"entry_quantity": 12, "sum": -1553.9393939393938, "mean": -129.49494949494948}}, "prompt v report": {"1": {"CPU_usage": 93.18631608707943, "RAM_usage": 93.30053300533005, "execution_time_ms": 91.1111111111111}, "2": {"CPU_usage": 95.75911789652247, "RAM_usage": 61.56211562115621, "execution_time_ms": -203.03030303030303}, "3": {"CPU_usage": 95.75911789652247, "RAM_usage": 61.56211562115621, "execution_time_ms": -203.03030303030303}, "4": {"CPU_usage": 95.75911789652247, "RAM_usage": 61.56211562115621, "execution_time_ms": -203.03030303030303}}, "model report": {"openAI": {"CPU_usage": 95.30958439355385, "RAM_usage": 69.49569495694956, "execution_time_ms": -129.0909090909091}, "claude": {"CPU_usage": 94.98727735368956, "RAM_usage": 69.49569495694956, "execution_time_ms": -129.54545454545453}, "gemini": {"CPU_usage": 95.05089058524172, "RAM_usage": 69.49876998769987, "execution_time_ms": -129.84848484848484}}}}