{"improvements_metadata": {"cluster name": "candy", "overall mean improvement": 11.945207474818298, "metric cluster report": {"CPU_usage": {"entry_quantity": 12, "sum": 1141.150592216582, "mean": 95.09588268471516}, "RAM_usage": {"entry_quantity": 12, "sum": 842.21021021021, "mean": 70.18418418418416}, "execution_time_ms": {"entry_quantity": 12, "sum": -1553.3333333333333, "mean": -129.44444444444443}}, "prompt v report": {"1": {"CPU_usage": 93.07388606880993, "RAM_usage": 93.34934934934934, "execution_time_ms": 91.31313131313131}, "2": {"CPU_usage": 95.76988155668359, "RAM_usage": 62.46246246246246, "execution_time_ms": -203.03030303030303}, "3": {"CPU_usage": 95.76988155668359, "RAM_usage": 62.46246246246246, "execution_time_ms": -203.03030303030303}, "4": {"CPU_usage": 95.76988155668359, "RAM_usage": 62.46246246246246, "execution_time_ms": -203.03030303030303}}, "model report": {"openAI": {"CPU_usage": 95.21996615905245, "RAM_usage": 70.1891891891892, "execution_time_ms": -129.24242424242425}, "claude": {"CPU_usage": 94.99153976311337, "RAM_usage": 70.18018018018017, "execution_time_ms": -129.3939393939394}, "gemini": {"CPU_usage": 95.0761421319797, "RAM_usage": 70.18318318318317, "execution_time_ms": -129.6969696969697}}}}