{"improvements_metadata": {"cluster name": "captains_log", "overall mean improvement": 92.00288148002966, "metric cluster report": {"CPU_usage": {"entry_quantity": 36, "sum": 3415.53075103489, "mean": 94.87585419541361}, "RAM_usage": {"entry_quantity": 36, "sum": 3363.2630598302508, "mean": 93.42397388417363}, "execution_time_ms": {"entry_quantity": 36, "sum": 3157.517388978062, "mean": 87.70881636050173}}, "prompt v report": {"1": {"CPU_usage": 94.87585419541362, "RAM_usage": 93.42397388417365, "execution_time_ms": 87.70881636050174}, "2": {"CPU_usage": 94.87585419541362, "RAM_usage": 93.42397388417365, "execution_time_ms": 87.70881636050174}, "3": {"CPU_usage": 94.87585419541362, "RAM_usage": 93.42397388417365, "execution_time_ms": 87.70881636050174}, "4": {"CPU_usage": 94.87585419541362, "RAM_usage": 93.42397388417365, "execution_time_ms": 87.70881636050174}}, "model report": {"openAI": {"CPU_usage": 94.87585419541362, "RAM_usage": 93.42397388417366, "execution_time_ms": 87.70881636050173}, "claude": {"CPU_usage": 94.87585419541362, "RAM_usage": 93.42397388417366, "execution_time_ms": 87.70881636050173}, "gemini": {"CPU_usage": 94.87585419541362, "RAM_usage": 93.42397388417366, "execution_time_ms": 87.70881636050173}}}}