{"improvements_metadata": {"cluster name": "card_tricks", "overall mean improvement": 96.04849280297027, "metric cluster report": {"CPU_usage": {"entry_quantity": 36, "sum": 3388.7521243818724, "mean": 94.13200345505201}, "RAM_usage": {"entry_quantity": 36, "sum": 3474.705147260277, "mean": 96.51958742389658}, "execution_time_ms": {"entry_quantity": 36, "sum": 3509.7799510786404, "mean": 97.49388752996224}}, "prompt v report": {"1": {"CPU_usage": 93.06621249057353, "RAM_usage": 93.35372840325181, "execution_time_ms": 93.31198741045205}, "2": {"CPU_usage": 94.48726710987819, "RAM_usage": 97.57487376411153, "execution_time_ms": 98.88785423646563}, "3": {"CPU_usage": 94.48726710987819, "RAM_usage": 97.57487376411153, "execution_time_ms": 98.88785423646563}, "4": {"CPU_usage": 94.48726710987819, "RAM_usage": 97.57487376411153, "execution_time_ms": 98.88785423646563}}, "model report": {"openAI": {"CPU_usage": 94.08670767408967, "RAM_usage": 96.51310534189376, "execution_time_ms": 97.49050239009891}, "claude": {"CPU_usage": 94.11969879158458, "RAM_usage": 96.51932706214654, "execution_time_ms": 97.5019890489512}, "gemini": {"CPU_usage": 94.18960389948187, "RAM_usage": 96.52632986764951, "execution_time_ms": 97.48917115083658}}}}