{"improvements_metadata": {"cluster name": "cars_assemble", "overall mean improvement": 94.92675685471538, "metric cluster report": {"CPU_usage": {"entry_quantity": 60, "sum": 5665.2292396155235, "mean": 94.4204873269254}, "RAM_usage": {"entry_quantity": 60, "sum": 5750.543115001783, "mean": 95.84238525002972}, "execution_time_ms": {"entry_quantity": 60, "sum": 5671.043879231462, "mean": 94.51739798719103}}, "prompt v report": {"1": {"CPU_usage": 94.42048732692538, "RAM_usage": 95.84238525002974, "execution_time_ms": 94.51739798719102}, "2": {"CPU_usage": 94.42048732692538, "RAM_usage": 95.84238525002974, "execution_time_ms": 94.51739798719102}, "3": {"CPU_usage": 94.42048732692538, "RAM_usage": 95.84238525002974, "execution_time_ms": 94.51739798719102}, "4": {"CPU_usage": 94.42048732692538, "RAM_usage": 95.84238525002974, "execution_time_ms": 94.51739798719102}}, "model report": {"openAI": {"CPU_usage": 94.42048732692538, "RAM_usage": 95.8423852500297, "execution_time_ms": 94.517397987191}, "claude": {"CPU_usage": 94.42048732692538, "RAM_usage": 95.8423852500297, "execution_time_ms": 94.517397987191}, "gemini": {"CPU_usage": 94.42048732692538, "RAM_usage": 95.8423852500297, "execution_time_ms": 94.517397987191}}}}