{"improvements_metadata": {"cluster name": "census", "overall mean improvement": 97.04060586566438, "metric cluster report": {"CPU_usage": {"entry_quantity": 36, "sum": 3409.723454003061, "mean": 94.71454038897392}, "RAM_usage": {"entry_quantity": 36, "sum": 3512.0710137354254, "mean": 97.55752815931737}, "execution_time_ms": {"entry_quantity": 36, "sum": 3558.5909657532666, "mean": 98.84974904870185}}, "prompt v report": {"1": {"CPU_usage": 94.71454038897399, "RAM_usage": 97.55752815931734, "execution_time_ms": 98.84974904870181}, "2": {"CPU_usage": 94.71454038897399, "RAM_usage": 97.55752815931734, "execution_time_ms": 98.84974904870181}, "3": {"CPU_usage": 94.71454038897399, "RAM_usage": 97.55752815931734, "execution_time_ms": 98.84974904870181}, "4": {"CPU_usage": 94.71454038897399, "RAM_usage": 97.55752815931734, "execution_time_ms": 98.84974904870181}}, "model report": {"openAI": {"CPU_usage": 94.71454038897399, "RAM_usage": 97.55752815931733, "execution_time_ms": 98.84974904870182}, "claude": {"CPU_usage": 94.71454038897399, "RAM_usage": 97.55752815931733, "execution_time_ms": 98.84974904870182}, "gemini": {"CPU_usage": 94.71454038897399, "RAM_usage": 97.55752815931733, "execution_time_ms": 98.84974904870182}}}}