{"improvements_metadata": {"cluster name": "chaitanas_colossal_coaster", "overall mean improvement": 18.16391828866725, "metric cluster report": {"CPU_usage": {"entry_quantity": 12, "sum": 1142.5628140703516, "mean": 95.21356783919596}, "RAM_usage": {"entry_quantity": 12, "sum": 834.6715776550028, "mean": 69.55596480458357}, "execution_time_ms": {"entry_quantity": 12, "sum": -1323.3333333333335, "mean": -110.27777777777779}}, "prompt v report": {"1": {"CPU_usage": 93.41708542713566, "RAM_usage": 93.32514835277266, "execution_time_ms": 92.22222222222223}, "2": {"CPU_usage": 95.81239530988275, "RAM_usage": 61.6329036218539, "execution_time_ms": -177.77777777777774}, "3": {"CPU_usage": 95.81239530988275, "RAM_usage": 61.6329036218539, "execution_time_ms": -177.77777777777774}, "4": {"CPU_usage": 95.81239530988275, "RAM_usage": 61.6329036218539, "execution_time_ms": -177.77777777777774}}, "model report": {"openAI": {"CPU_usage": 95.33500837520937, "RAM_usage": 69.56108041743401, "execution_time_ms": -110.13888888888889}, "claude": {"CPU_usage": 95.10050251256281, "RAM_usage": 69.5549416820135, "execution_time_ms": -110.13888888888889}, "gemini": {"CPU_usage": 95.20519262981574, "RAM_usage": 69.55187231430325, "execution_time_ms": -110.55555555555556}}}}