{"improvements_metadata": {"cluster name": "change", "overall mean improvement": 96.98390491077451, "metric cluster report": {"CPU_usage": {"entry_quantity": 36, "sum": 3402.4115902610743, "mean": 94.51143306280761}, "RAM_usage": {"entry_quantity": 36, "sum": 3513.0468122442653, "mean": 97.58463367345182}, "execution_time_ms": {"entry_quantity": 36, "sum": 3558.803327858306, "mean": 98.85564799606406}}, "prompt v report": {"1": {"CPU_usage": 94.51143306280754, "RAM_usage": 97.58463367345186, "execution_time_ms": 98.85564799606405}, "2": {"CPU_usage": 94.51143306280754, "RAM_usage": 97.58463367345186, "execution_time_ms": 98.85564799606405}, "3": {"CPU_usage": 94.51143306280754, "RAM_usage": 97.58463367345186, "execution_time_ms": 98.85564799606405}, "4": {"CPU_usage": 94.51143306280754, "RAM_usage": 97.58463367345186, "execution_time_ms": 98.85564799606405}}, "model report": {"openAI": {"CPU_usage": 94.51143306280755, "RAM_usage": 97.58463367345183, "execution_time_ms": 98.85564799606406}, "claude": {"CPU_usage": 94.51143306280755, "RAM_usage": 97.58463367345183, "execution_time_ms": 98.85564799606406}, "gemini": {"CPU_usage": 94.51143306280755, "RAM_usage": 97.58463367345183, "execution_time_ms": 98.85564799606406}}}}