{"improvements_metadata": {"cluster name": "check_if_point_inside_polygon", "overall mean improvement": -13.352638683238354, "metric cluster report": {"CPU_usage": {"entry_quantity": 10, "sum": 959.4355453852021, "mean": 95.9435545385202}, "RAM_usage": {"entry_quantity": 10, "sum": 648.6519607843138, "mean": 64.86519607843138}, "execution_time_ms": {"entry_quantity": 10, "sum": -2008.6666666666665, "mean": -200.86666666666665}}, "prompt v report": {"1": {"CPU_usage": 93.76048817696415, "RAM_usage": 93.32107843137256, "execution_time_ms": 91.33333333333333}, "2": {"CPU_usage": 96.186117467582, "RAM_usage": 61.703431372549026, "execution_time_ms": -233.33333333333334}, "3": {"CPU_usage": 96.186117467582, "RAM_usage": 61.703431372549026, "execution_time_ms": -233.33333333333334}, "4": {"CPU_usage": 96.186117467582, "RAM_usage": 61.703431372549026, "execution_time_ms": -233.33333333333334}}, "model report": {"openAI": {"CPU_usage": 95.57971014492753, "RAM_usage": 69.6078431372549, "execution_time_ms": -152.16666666666669}, "claude": {"CPU_usage": 96.186117467582, "RAM_usage": 61.703431372549026, "execution_time_ms": -233.33333333333334}, "gemini": {"CPU_usage": 96.186117467582, "RAM_usage": 61.703431372549026, "execution_time_ms": -233.33333333333334}}}}