{"improvements_metadata": {"cluster name": "chessboard", "overall mean improvement": 96.99014371026435, "metric cluster report": {"CPU_usage": {"entry_quantity": 36, "sum": 3403.278688524591, "mean": 94.53551912568308}, "RAM_usage": {"entry_quantity": 36, "sum": 3512.673725487224, "mean": 97.5742701524229}, "execution_time_ms": {"entry_quantity": 36, "sum": 3558.9831066967326, "mean": 98.86064185268702}}, "prompt v report": {"1": {"CPU_usage": 94.53551912568308, "RAM_usage": 97.5742701524229, "execution_time_ms": 98.86064185268704}, "2": {"CPU_usage": 94.53551912568308, "RAM_usage": 97.5742701524229, "execution_time_ms": 98.86064185268704}, "3": {"CPU_usage": 94.53551912568308, "RAM_usage": 97.5742701524229, "execution_time_ms": 98.86064185268704}, "4": {"CPU_usage": 94.53551912568308, "RAM_usage": 97.5742701524229, "execution_time_ms": 98.86064185268704}}, "model report": {"openAI": {"CPU_usage": 94.53551912568308, "RAM_usage": 97.5742701524229, "execution_time_ms": 98.86064185268704}, "claude": {"CPU_usage": 94.53551912568308, "RAM_usage": 97.5742701524229, "execution_time_ms": 98.86064185268704}, "gemini": {"CPU_usage": 94.53551912568308, "RAM_usage": 97.5742701524229, "execution_time_ms": 98.86064185268704}}}}