{"improvements_metadata": {"cluster name": "circular_buffer", "overall mean improvement": 93.6951368649873, "metric cluster report": {"CPU_usage": {"entry_quantity": 108, "sum": 10443.896733983722, "mean": 96.7027475368863}, "RAM_usage": {"entry_quantity": 108, "sum": 9196.57098141847, "mean": 85.15343501313399}, "execution_time_ms": {"entry_quantity": 96, "sum": 9526.005892314393, "mean": 99.22922804494159}}, "prompt v report": {"1": {"CPU_usage": 96.70274753688629, "RAM_usage": 85.15343501313401, "execution_time_ms": 99.22922804494158}, "2": {"CPU_usage": 96.70274753688629, "RAM_usage": 85.15343501313401, "execution_time_ms": 99.22922804494158}, "3": {"CPU_usage": 96.70274753688629, "RAM_usage": 85.15343501313401, "execution_time_ms": 99.22922804494158}, "4": {"CPU_usage": 96.70274753688629, "RAM_usage": 85.15343501313401, "execution_time_ms": 99.22922804494158}}, "model report": {"openAI": {"CPU_usage": 96.7027475368863, "RAM_usage": 85.15343501313399, "execution_time_ms": 99.22922804494159}, "claude": {"CPU_usage": 96.7027475368863, "RAM_usage": 85.15343501313399, "execution_time_ms": 99.22922804494159}, "gemini": {"CPU_usage": 96.7027475368863, "RAM_usage": 85.15343501313399, "execution_time_ms": 99.22922804494159}}}}