{"improvements_metadata": {"cluster name": "climbing_staircase", "overall mean improvement": 4.311514659307922, "metric cluster report": {"CPU_usage": {"entry_quantity": 12, "sum": 1145.2414885193987, "mean": 95.43679070994989}, "RAM_usage": {"entry_quantity": 12, "sum": 835.3063725490198, "mean": 69.60886437908498}, "execution_time_ms": {"entry_quantity": 12, "sum": -1825.3333333333333, "mean": -152.11111111111111}}, "prompt v report": {"1": {"CPU_usage": 93.6236474003695, "RAM_usage": 93.32516339869282, "execution_time_ms": 91.55555555555554}, "2": {"CPU_usage": 96.04117181314331, "RAM_usage": 61.703431372549026, "execution_time_ms": -233.33333333333334}, "3": {"CPU_usage": 96.04117181314331, "RAM_usage": 61.703431372549026, "execution_time_ms": -233.33333333333334}, "4": {"CPU_usage": 96.04117181314331, "RAM_usage": 61.703431372549026, "execution_time_ms": -233.33333333333334}}, "model report": {"openAI": {"CPU_usage": 95.4829770387965, "RAM_usage": 69.6109068627451, "execution_time_ms": -151.83333333333334}, "claude": {"CPU_usage": 95.37608867775138, "RAM_usage": 69.6078431372549, "execution_time_ms": -152.0}, "gemini": {"CPU_usage": 95.45130641330167, "RAM_usage": 69.6078431372549, "execution_time_ms": -152.5}}}}