{"improvements_metadata": {"cluster name": "clock", "overall mean improvement": 73.03436660527363, "metric cluster report": {"CPU_usage": {"entry_quantity": 120, "sum": 10980.555214855158, "mean": 91.50462679045965}, "RAM_usage": {"entry_quantity": 120, "sum": 7637.650616356006, "mean": 63.64708846963338}, "execution_time_ms": {"entry_quantity": 84, "sum": 5371.916302681142, "mean": 63.951384555727884}}, "prompt v report": {"1": {"CPU_usage": 91.18299394242568, "RAM_usage": 93.33863986152669, "execution_time_ms": 90.29622991410235}, "2": {"CPU_usage": 91.61183773980427, "RAM_usage": 53.74990467233549, "execution_time_ms": 55.169769436269725}, "3": {"CPU_usage": 91.61183773980427, "RAM_usage": 53.74990467233549, "execution_time_ms": 55.169769436269725}, "4": {"CPU_usage": 91.61183773980427, "RAM_usage": 53.74990467233549, "execution_time_ms": 55.169769436269725}}, "model report": {"openAI": {"CPU_usage": 91.62436590500525, "RAM_usage": 63.64854314850104, "execution_time_ms": 64.05663103996771}, "claude": {"CPU_usage": 91.26499186249518, "RAM_usage": 63.64407145722073, "execution_time_ms": 63.97459992360832}, "gemini": {"CPU_usage": 91.62452260387846, "RAM_usage": 63.648650803178086, "execution_time_ms": 63.82292270360764}}}}