{"improvements_metadata": {"cluster name": "collatz_conjecture", "overall mean improvement": 77.42820158595973, "metric cluster report": {"CPU_usage": {"entry_quantity": 72, "sum": 6587.83723323408, "mean": 91.49773935047332}, "RAM_usage": {"entry_quantity": 72, "sum": 5505.97026542164, "mean": 76.47180924196722}, "execution_time_ms": {"entry_quantity": 60, "sum": 3858.9033699263173, "mean": 64.31505616543862}}, "prompt v report": {"1": {"CPU_usage": 92.26265035469427, "RAM_usage": 93.26419109889095, "execution_time_ms": 93.24407722149604}, "2": {"CPU_usage": 91.2427690157331, "RAM_usage": 70.87434862299268, "execution_time_ms": 54.67204914675276}, "3": {"CPU_usage": 91.2427690157331, "RAM_usage": 70.87434862299268, "execution_time_ms": 54.67204914675276}, "4": {"CPU_usage": 91.2427690157331, "RAM_usage": 70.87434862299268, "execution_time_ms": 54.67204914675276}}, "model report": {"openAI": {"CPU_usage": 91.70188747171737, "RAM_usage": 76.46645432356509, "execution_time_ms": 64.30809980558814}, "claude": {"CPU_usage": 91.53669765997093, "RAM_usage": 76.47628998343461, "execution_time_ms": 64.32426688680026}, "gemini": {"CPU_usage": 91.25463291973188, "RAM_usage": 76.47268341890204, "execution_time_ms": 64.31280180392733}}}}