{"improvements_metadata": {"cluster name": "complex_numbers", "overall mean improvement": 96.90192166564789, "metric cluster report": {"CPU_usage": {"entry_quantity": 72, "sum": 6971.13995402414, "mean": 96.82138825033527}, "RAM_usage": {"entry_quantity": 72, "sum": 7038.20476545192, "mean": 97.75284396461001}, "execution_time_ms": {"entry_quantity": 72, "sum": 6921.470360303885, "mean": 96.1315327819984}}, "prompt v report": {"1": {"CPU_usage": 93.3249639144967, "RAM_usage": 93.34987113458851, "execution_time_ms": 93.97555550567171}, "2": {"CPU_usage": 97.32087744116942, "RAM_usage": 98.38184008318454, "execution_time_ms": 96.4395295357593}, "3": {"CPU_usage": 97.32087744116942, "RAM_usage": 98.38184008318454, "execution_time_ms": 96.4395295357593}, "4": {"CPU_usage": 97.32087744116942, "RAM_usage": 98.38184008318454, "execution_time_ms": 96.4395295357593}}, "model report": {"openAI": {"CPU_usage": 96.77832191242847, "RAM_usage": 97.75137449296142, "execution_time_ms": 96.17040906675288}, "claude": {"CPU_usage": 96.8527517632694, "RAM_usage": 97.75119404628786, "execution_time_ms": 96.11927511565715}, "gemini": {"CPU_usage": 96.833091075308, "RAM_usage": 97.75596335458089, "execution_time_ms": 96.1049141635851}}}}