{"improvements_metadata": {"cluster name": "connect", "overall mean improvement": 86.27375273468147, "metric cluster report": {"CPU_usage": {"entry_quantity": 47, "sum": 4197.701334273235, "mean": 89.31279434623904}, "RAM_usage": {"entry_quantity": 47, "sum": 4299.573482004817, "mean": 91.48028685116633}, "execution_time_ms": {"entry_quantity": 47, "sum": 3667.324319312035, "mean": 78.02817700663904}}, "prompt v report": {"1": {"CPU_usage": 90.00549985817548, "RAM_usage": 89.85634319262452, "execution_time_ms": 89.45944787486309}, "2": {"CPU_usage": 89.10113432870294, "RAM_usage": 91.976491857943, "execution_time_ms": 74.53528868579286}, "3": {"CPU_usage": 89.10113432870294, "RAM_usage": 91.976491857943, "execution_time_ms": 74.53528868579286}, "4": {"CPU_usage": 89.10113432870294, "RAM_usage": 91.976491857943, "execution_time_ms": 74.53528868579286}}, "model report": {"openAI": {"CPU_usage": 89.461081396105, "RAM_usage": 91.59731417480457, "execution_time_ms": 77.569343440146}, "claude": {"CPU_usage": 89.21586961425633, "RAM_usage": 91.42443087395965, "execution_time_ms": 78.27144873068984}, "gemini": {"CPU_usage": 89.27069996897247, "RAM_usage": 91.42642971246217, "execution_time_ms": 78.21506175117561}}}}