{"improvements_metadata": {"cluster name": "contains_duplicate", "overall mean improvement": 4.234763367674769, "metric cluster report": {"CPU_usage": {"entry_quantity": 12, "sum": 1144.2260442260442, "mean": 95.35217035217035}, "RAM_usage": {"entry_quantity": 12, "sum": 840.892103676914, "mean": 70.07434197307616}, "execution_time_ms": {"entry_quantity": 12, "sum": -1832.6666666666665, "mean": -152.7222222222222}}, "prompt v report": {"1": {"CPU_usage": 93.6936936936937, "RAM_usage": 93.31725939320877, "execution_time_ms": 89.1111111111111}, "2": {"CPU_usage": 95.90499590499591, "RAM_usage": 62.32670283303194, "execution_time_ms": -233.33333333333334}, "3": {"CPU_usage": 95.90499590499591, "RAM_usage": 62.32670283303194, "execution_time_ms": -233.33333333333334}, "4": {"CPU_usage": 95.90499590499591, "RAM_usage": 62.32670283303194, "execution_time_ms": -233.33333333333334}}, "model report": {"openAI": {"CPU_usage": 95.37264537264537, "RAM_usage": 70.07534659433394, "execution_time_ms": -152.66666666666669}, "claude": {"CPU_usage": 95.2989352989353, "RAM_usage": 70.07534659433394, "execution_time_ms": -152.16666666666669}, "gemini": {"CPU_usage": 95.38493038493039, "RAM_usage": 70.07233273056059, "execution_time_ms": -153.33333333333334}}}}