{"improvements_metadata": {"cluster name": "container_with_most_water", "overall mean improvement": 20.25855736246933, "metric cluster report": {"CPU_usage": {"entry_quantity": 24, "sum": 2176.6310794780543, "mean": 90.69296164491892}, "RAM_usage": {"entry_quantity": 24, "sum": 1607.6260762607621, "mean": 66.98441984419843}, "execution_time_ms": {"entry_quantity": 24, "sum": -2325.641025641025, "mean": -96.90170940170937}}, "prompt v report": {"1": {"CPU_usage": 80.56544088572558, "RAM_usage": 83.25133251332514, "execution_time_ms": 81.62393162393163}, "2": {"CPU_usage": 94.06880189798339, "RAM_usage": 61.5621156211562, "execution_time_ms": -156.41025641025638}, "3": {"CPU_usage": 94.06880189798339, "RAM_usage": 61.5621156211562, "execution_time_ms": -156.41025641025638}, "4": {"CPU_usage": 94.06880189798339, "RAM_usage": 61.5621156211562, "execution_time_ms": -156.41025641025638}}, "model report": {"openAI": {"CPU_usage": 90.74733096085409, "RAM_usage": 66.98185731857318, "execution_time_ms": -96.15384615384613}, "claude": {"CPU_usage": 90.45077105575326, "RAM_usage": 66.98185731857318, "execution_time_ms": -97.1153846153846}, "gemini": {"CPU_usage": 90.88078291814946, "RAM_usage": 66.98954489544894, "execution_time_ms": -97.43589743589742}}}}