{"improvements_metadata": {"cluster name": "coordinate_transformation", "overall mean improvement": 84.02144040455794, "metric cluster report": {"CPU_usage": {"entry_quantity": 24, "sum": 2189.7417834015228, "mean": 91.23924097506345}, "RAM_usage": {"entry_quantity": 24, "sum": 2172.702746010018, "mean": 90.52928108375075}, "execution_time_ms": {"entry_quantity": 24, "sum": 1687.0991797166298, "mean": 70.29579915485958}}, "prompt v report": {"1": {"CPU_usage": 91.23924097506345, "RAM_usage": 90.52928108375072, "execution_time_ms": 70.29579915485955}, "2": {"CPU_usage": 91.23924097506345, "RAM_usage": 90.52928108375072, "execution_time_ms": 70.29579915485955}, "3": {"CPU_usage": 91.23924097506345, "RAM_usage": 90.52928108375072, "execution_time_ms": 70.29579915485955}, "4": {"CPU_usage": 91.23924097506345, "RAM_usage": 90.52928108375072, "execution_time_ms": 70.29579915485955}}, "model report": {"openAI": {"CPU_usage": 91.23924097506344, "RAM_usage": 90.52928108375073, "execution_time_ms": 70.29579915485955}, "claude": {"CPU_usage": 91.23924097506344, "RAM_usage": 90.52928108375073, "execution_time_ms": 70.29579915485955}, "gemini": {"CPU_usage": 91.23924097506344, "RAM_usage": 90.52928108375073, "execution_time_ms": 70.29579915485955}}}}