{"improvements_metadata": {"cluster name": "count_ip_addresses", "overall mean improvement": 4.464397259948687, "metric cluster report": {"CPU_usage": {"entry_quantity": 11, "sum": 1047.3486786018757, "mean": 95.21351623653415}, "RAM_usage": {"entry_quantity": 11, "sum": 739.3703703703703, "mean": 67.21548821548821}, "execution_time_ms": {"entry_quantity": 11, "sum": -1639.3939393939393, "mean": -149.0358126721763}}, "prompt v report": {"1": {"CPU_usage": 92.85592497868713, "RAM_usage": 93.29629629629629, "execution_time_ms": 93.93939393939394}, "2": {"CPU_usage": 95.73742540494459, "RAM_usage": 61.419753086419746, "execution_time_ms": -203.03030303030303}, "3": {"CPU_usage": 95.73742540494459, "RAM_usage": 61.419753086419746, "execution_time_ms": -203.03030303030303}, "4": {"CPU_usage": 95.73742540494459, "RAM_usage": 61.419753086419746, "execution_time_ms": -203.03030303030303}}, "model report": {"openAI": {"CPU_usage": 95.05541346973573, "RAM_usage": 69.39197530864197, "execution_time_ms": -128.78787878787878}, "claude": {"CPU_usage": 94.97868712702473, "RAM_usage": 69.3858024691358, "execution_time_ms": -128.78787878787878}, "gemini": {"CPU_usage": 95.73742540494459, "RAM_usage": 61.419753086419746, "execution_time_ms": -203.03030303030303}}}}