{"improvements_metadata": {"cluster name": "count_triplets_with_sum_k", "overall mean improvement": 17.05448308668157, "metric cluster report": {"CPU_usage": {"entry_quantity": 11, "sum": 1051.1322248614413, "mean": 95.55747498740375}, "RAM_usage": {"entry_quantity": 11, "sum": 739.358024691358, "mean": 67.21436588103255}, "execution_time_ms": {"entry_quantity": 11, "sum": -1227.6923076923074, "mean": -111.60839160839159}}, "prompt v report": {"1": {"CPU_usage": 93.38083927157561, "RAM_usage": 93.29012345679013, "execution_time_ms": 90.0}, "2": {"CPU_usage": 96.04117181314331, "RAM_usage": 61.419753086419746, "execution_time_ms": -156.4102564102564}, "3": {"CPU_usage": 96.04117181314331, "RAM_usage": 61.419753086419746, "execution_time_ms": -156.4102564102564}, "4": {"CPU_usage": 96.04117181314331, "RAM_usage": 61.419753086419746, "execution_time_ms": -156.4102564102564}}, "model report": {"openAI": {"CPU_usage": 95.36817102137768, "RAM_usage": 69.38888888888889, "execution_time_ms": -95.12820512820512}, "claude": {"CPU_usage": 95.38400633412509, "RAM_usage": 69.3858024691358, "execution_time_ms": -94.48717948717949}, "gemini": {"CPU_usage": 96.04117181314331, "RAM_usage": 61.419753086419746, "execution_time_ms": -156.4102564102564}}}}