{"improvements_metadata": {"cluster name": "crypto_square", "overall mean improvement": 81.49769279666639, "metric cluster report": {"CPU_usage": {"entry_quantity": 126, "sum": 11346.364584570789, "mean": 90.05051257595863}, "RAM_usage": {"entry_quantity": 126, "sum": 8572.296175062302, "mean": 68.03409662747859}, "execution_time_ms": {"entry_quantity": 90, "sum": 7776.762226790571, "mean": 86.4084691865619}}, "prompt v report": {"1": {"CPU_usage": 86.58255957647407, "RAM_usage": 91.14880414236731, "execution_time_ms": 91.85481811109113}, "2": {"CPU_usage": 90.99631793945443, "RAM_usage": 61.73008548705436, "execution_time_ms": 85.04688195542958}, "3": {"CPU_usage": 90.99631793945443, "RAM_usage": 61.73008548705436, "execution_time_ms": 85.04688195542958}, "4": {"CPU_usage": 90.99631793945443, "RAM_usage": 61.73008548705436, "execution_time_ms": 85.04688195542958}}, "model report": {"openAI": {"CPU_usage": 90.30078237286901, "RAM_usage": 68.02823128753741, "execution_time_ms": 86.33255984902215}, "claude": {"CPU_usage": 89.73791395343055, "RAM_usage": 68.03311878800544, "execution_time_ms": 86.403746852389}, "gemini": {"CPU_usage": 90.11284140157639, "RAM_usage": 68.04093980689287, "execution_time_ms": 86.48910085827461}}}}