{"improvements_metadata": {"cluster name": "currency_exchange", "overall mean improvement": -25.136397151453185, "metric cluster report": {"CPU_usage": {"entry_quantity": 12, "sum": 1154.6485260770976, "mean": 96.2207105064248}, "RAM_usage": {"entry_quantity": 12, "sum": 740.4411764705883, "mean": 61.703431372549026}, "execution_time_ms": {"entry_quantity": 12, "sum": -2800.0000000000005, "mean": -233.33333333333337}}, "prompt v report": {"1": {"CPU_usage": 96.2207105064248, "RAM_usage": 61.703431372549026, "execution_time_ms": -233.33333333333334}, "2": {"CPU_usage": 96.2207105064248, "RAM_usage": 61.703431372549026, "execution_time_ms": -233.33333333333334}, "3": {"CPU_usage": 96.2207105064248, "RAM_usage": 61.703431372549026, "execution_time_ms": -233.33333333333334}, "4": {"CPU_usage": 96.2207105064248, "RAM_usage": 61.703431372549026, "execution_time_ms": -233.33333333333334}}, "model report": {"openAI": {"CPU_usage": 96.2207105064248, "RAM_usage": 61.70343137254902, "execution_time_ms": -233.33333333333334}, "claude": {"CPU_usage": 96.2207105064248, "RAM_usage": 61.70343137254902, "execution_time_ms": -233.33333333333334}, "gemini": {"CPU_usage": 96.2207105064248, "RAM_usage": 61.70343137254902, "execution_time_ms": -233.33333333333334}}}}