{"improvements_metadata": {"cluster name": "custom_set", "overall mean improvement": 91.75926914473571, "metric cluster report": {"CPU_usage": {"entry_quantity": 81, "sum": 7485.67996029521, "mean": 92.41580197895321}, "RAM_usage": {"entry_quantity": 81, "sum": 7654.463427894964, "mean": 94.49954849253042}, "execution_time_ms": {"entry_quantity": 81, "sum": 7157.359013980607, "mean": 88.36245696272354}}, "prompt v report": {"1": {"CPU_usage": 91.31938959913971, "RAM_usage": 91.64548178921578, "execution_time_ms": 92.47318602663671}, "2": {"CPU_usage": 92.72906265889986, "RAM_usage": 95.31499612204887, "execution_time_ms": 87.1879629444627}, "3": {"CPU_usage": 92.72906265889986, "RAM_usage": 95.31499612204887, "execution_time_ms": 87.1879629444627}, "4": {"CPU_usage": 92.72906265889986, "RAM_usage": 95.31499612204887, "execution_time_ms": 87.1879629444627}}, "model report": {"openAI": {"CPU_usage": 92.28866052725115, "RAM_usage": 94.50063951888788, "execution_time_ms": 88.41484281378114}, "claude": {"CPU_usage": 92.55357734335632, "RAM_usage": 94.4920510006845, "execution_time_ms": 88.38653769510005}, "gemini": {"CPU_usage": 92.40516806625207, "RAM_usage": 94.50595495801883, "execution_time_ms": 88.28599037928953}}}}