{"improvements_metadata": {"cluster name": "darts", "overall mean improvement": 88.4500220172652, "metric cluster report": {"CPU_usage": {"entry_quantity": 108, "sum": 10157.942252544675, "mean": 94.05502085689514}, "RAM_usage": {"entry_quantity": 108, "sum": 10162.106602737058, "mean": 94.09357965497276}, "execution_time_ms": {"entry_quantity": 108, "sum": 8337.758278312192, "mean": 77.20146553992771}}, "prompt v report": {"1": {"CPU_usage": 94.05502085689515, "RAM_usage": 94.09357965497273, "execution_time_ms": 77.20146553992767}, "2": {"CPU_usage": 94.05502085689515, "RAM_usage": 94.09357965497273, "execution_time_ms": 77.20146553992767}, "3": {"CPU_usage": 94.05502085689515, "RAM_usage": 94.09357965497273, "execution_time_ms": 77.20146553992767}, "4": {"CPU_usage": 94.05502085689515, "RAM_usage": 94.09357965497273, "execution_time_ms": 77.20146553992767}}, "model report": {"openAI": {"CPU_usage": 94.05502085689515, "RAM_usage": 94.09357965497274, "execution_time_ms": 77.20146553992765}, "claude": {"CPU_usage": 94.05502085689515, "RAM_usage": 94.09357965497274, "execution_time_ms": 77.20146553992765}, "gemini": {"CPU_usage": 94.05502085689515, "RAM_usage": 94.09357965497274, "execution_time_ms": 77.20146553992765}}}}