{"improvements_metadata": {"cluster name": "diamond", "overall mean improvement": 89.45780815354154, "metric cluster report": {"CPU_usage": {"entry_quantity": 108, "sum": 10271.372113816135, "mean": 95.1052973501494}, "RAM_usage": {"entry_quantity": 108, "sum": 10243.499390170467, "mean": 94.84721657565248}, "execution_time_ms": {"entry_quantity": 108, "sum": 8469.458337760858, "mean": 78.42091053482275}}, "prompt v report": {"1": {"CPU_usage": 95.10529735014937, "RAM_usage": 94.84721657565254, "execution_time_ms": 78.42091053482272}, "2": {"CPU_usage": 95.10529735014937, "RAM_usage": 94.84721657565254, "execution_time_ms": 78.42091053482272}, "3": {"CPU_usage": 95.10529735014937, "RAM_usage": 94.84721657565254, "execution_time_ms": 78.42091053482272}, "4": {"CPU_usage": 95.10529735014937, "RAM_usage": 94.84721657565254, "execution_time_ms": 78.42091053482272}}, "model report": {"openAI": {"CPU_usage": 95.10529735014933, "RAM_usage": 94.84721657565255, "execution_time_ms": 78.42091053482272}, "claude": {"CPU_usage": 95.10529735014933, "RAM_usage": 94.84721657565255, "execution_time_ms": 78.42091053482272}, "gemini": {"CPU_usage": 95.10529735014933, "RAM_usage": 94.84721657565255, "execution_time_ms": 78.42091053482272}}}}