{"improvements_metadata": {"cluster name": "diamond_printer", "overall mean improvement": 92.48604557361183, "metric cluster report": {"CPU_usage": {"entry_quantity": 12, "sum": 1159.8597475455822, "mean": 96.65497896213185}, "RAM_usage": {"entry_quantity": 12, "sum": 1120.3979743344998, "mean": 93.36649786120832}, "execution_time_ms": {"entry_quantity": 12, "sum": 1049.2399187699446, "mean": 87.43665989749537}}, "prompt v report": {"1": {"CPU_usage": 93.63253856942497, "RAM_usage": 93.35145119666278, "execution_time_ms": 93.26274054733585}, "2": {"CPU_usage": 97.66245909303412, "RAM_usage": 93.37151341605686, "execution_time_ms": 85.49463301421525}, "3": {"CPU_usage": 97.66245909303412, "RAM_usage": 93.37151341605686, "execution_time_ms": 85.49463301421525}, "4": {"CPU_usage": 97.66245909303412, "RAM_usage": 93.37151341605686, "execution_time_ms": 85.49463301421525}}, "model report": {"openAI": {"CPU_usage": 96.78354371201496, "RAM_usage": 93.36558092056423, "execution_time_ms": 87.41731940818103}, "claude": {"CPU_usage": 96.65965404394578, "RAM_usage": 93.37363453176371, "execution_time_ms": 87.439802727009}, "gemini": {"CPU_usage": 96.52173913043478, "RAM_usage": 93.36027813129708, "execution_time_ms": 87.4528575572962}}}}