{"improvements_metadata": {"cluster name": "diffie_hellman", "overall mean improvement": 97.02028531466796, "metric cluster report": {"CPU_usage": {"entry_quantity": 36, "sum": 3401.323051052768, "mean": 94.48119586257688}, "RAM_usage": {"entry_quantity": 36, "sum": 3513.492546618627, "mean": 97.59701518385074}, "execution_time_ms": {"entry_quantity": 36, "sum": 3563.3752163127465, "mean": 98.9826448975763}}, "prompt v report": {"1": {"CPU_usage": 94.48119586257688, "RAM_usage": 97.5970151838508, "execution_time_ms": 98.98264489757635}, "2": {"CPU_usage": 94.48119586257688, "RAM_usage": 97.5970151838508, "execution_time_ms": 98.98264489757635}, "3": {"CPU_usage": 94.48119586257688, "RAM_usage": 97.5970151838508, "execution_time_ms": 98.98264489757635}, "4": {"CPU_usage": 94.48119586257688, "RAM_usage": 97.5970151838508, "execution_time_ms": 98.98264489757635}}, "model report": {"openAI": {"CPU_usage": 94.4811958625769, "RAM_usage": 97.59701518385077, "execution_time_ms": 98.98264489757635}, "claude": {"CPU_usage": 94.4811958625769, "RAM_usage": 97.59701518385077, "execution_time_ms": 98.98264489757635}, "gemini": {"CPU_usage": 94.4811958625769, "RAM_usage": 97.59701518385077, "execution_time_ms": 98.98264489757635}}}}