{"improvements_metadata": {"cluster name": "difference_of_squares_calculator", "overall mean improvement": 92.45184711900534, "metric cluster report": {"CPU_usage": {"entry_quantity": 12, "sum": 1170.7174231332358, "mean": 97.55978526110299}, "RAM_usage": {"entry_quantity": 12, "sum": 1122.225894888297, "mean": 93.51882457402475}, "execution_time_ms": {"entry_quantity": 12, "sum": 1035.3231782626594, "mean": 86.27693152188829}}, "prompt v report": {"1": {"CPU_usage": 97.55978526110299, "RAM_usage": 93.51882457402475, "execution_time_ms": 86.27693152188829}, "2": {"CPU_usage": 97.55978526110299, "RAM_usage": 93.51882457402475, "execution_time_ms": 86.27693152188829}, "3": {"CPU_usage": 97.55978526110299, "RAM_usage": 93.51882457402475, "execution_time_ms": 86.27693152188829}, "4": {"CPU_usage": 97.55978526110299, "RAM_usage": 93.51882457402475, "execution_time_ms": 86.27693152188829}}, "model report": {"openAI": {"CPU_usage": 97.55978526110299, "RAM_usage": 93.51882457402475, "execution_time_ms": 86.27693152188829}, "claude": {"CPU_usage": 97.55978526110299, "RAM_usage": 93.51882457402475, "execution_time_ms": 86.27693152188829}, "gemini": {"CPU_usage": 97.55978526110299, "RAM_usage": 93.51882457402475, "execution_time_ms": 86.27693152188829}}}}