{"improvements_metadata": {"cluster name": "difference_of_squares", "overall mean improvement": 83.75823477225919, "metric cluster report": {"CPU_usage": {"entry_quantity": 190, "sum": 17800.88363261115, "mean": 93.6888612242692}, "RAM_usage": {"entry_quantity": 190, "sum": 15240.556873027715, "mean": 80.21345722646166}, "execution_time_ms": {"entry_quantity": 166, "sum": 12843.816053763749, "mean": 77.37238586604668}}, "prompt v report": {"1": {"CPU_usage": 92.89385904124188, "RAM_usage": 92.71663825302453, "execution_time_ms": 92.63658525424867}, "2": {"CPU_usage": 93.94282025495839, "RAM_usage": 76.219385509643, "execution_time_ms": 72.52660828249041}, "3": {"CPU_usage": 93.94282025495839, "RAM_usage": 76.219385509643, "execution_time_ms": 72.52660828249041}, "4": {"CPU_usage": 93.94282025495839, "RAM_usage": 76.219385509643, "execution_time_ms": 72.52660828249041}}, "model report": {"openAI": {"CPU_usage": 93.69082827930895, "RAM_usage": 80.19554021065014, "execution_time_ms": 77.40584231392941}, "claude": {"CPU_usage": 93.68822596946039, "RAM_usage": 80.24777037155803, "execution_time_ms": 77.40119845565486}, "gemini": {"CPU_usage": 93.68753950744778, "RAM_usage": 80.19651644408022, "execution_time_ms": 77.30959296328993}}}}