{"improvements_metadata": {"cluster name": "dn_dcharacter", "overall mean improvement": 77.836734625235, "metric cluster report": {"CPU_usage": {"entry_quantity": 12, "sum": 1149.618320610687, "mean": 95.80152671755725}, "RAM_usage": {"entry_quantity": 12, "sum": 1076.018545750221, "mean": 89.66821214585174}, "execution_time_ms": {"entry_quantity": 12, "sum": 576.4855801475521, "mean": 48.04046501229601}}, "prompt v report": {"1": {"CPU_usage": 92.74809160305342, "RAM_usage": 93.27312884567698, "execution_time_ms": 93.36910350994857}, "2": {"CPU_usage": 96.81933842239185, "RAM_usage": 88.46657324590996, "execution_time_ms": 32.93091884641181}, "3": {"CPU_usage": 96.81933842239185, "RAM_usage": 88.46657324590996, "execution_time_ms": 32.93091884641181}, "4": {"CPU_usage": 96.81933842239185, "RAM_usage": 88.46657324590996, "execution_time_ms": 32.93091884641181}}, "model report": {"openAI": {"CPU_usage": 95.80788804071247, "RAM_usage": 89.62553846686158, "execution_time_ms": 47.927565392354126}, "claude": {"CPU_usage": 95.84605597964376, "RAM_usage": 89.69548870012514, "execution_time_ms": 48.09859154929577}, "gemini": {"CPU_usage": 95.75063613231552, "RAM_usage": 89.68360927056843, "execution_time_ms": 48.095238095238095}}}}