{"improvements_metadata": {"cluster name": "dnd_character", "overall mean improvement": 94.5169469424106, "metric cluster report": {"CPU_usage": {"entry_quantity": 78, "sum": 7465.309382667207, "mean": 95.70909464957957}, "RAM_usage": {"entry_quantity": 78, "sum": 7508.472274859543, "mean": 96.26246506230184}, "execution_time_ms": {"entry_quantity": 78, "sum": 7143.183926997333, "mean": 91.57928111535043}}, "prompt v report": {"1": {"CPU_usage": 89.03908341717195, "RAM_usage": 90.30102662912235, "execution_time_ms": 91.42823277855295}, "2": {"CPU_usage": 97.29719256205762, "RAM_usage": 97.68185516543987, "execution_time_ms": 91.61524500506411}, "3": {"CPU_usage": 97.29719256205762, "RAM_usage": 97.68185516543987, "execution_time_ms": 91.61524500506411}, "4": {"CPU_usage": 97.29719256205762, "RAM_usage": 97.68185516543987, "execution_time_ms": 91.61524500506411}}, "model report": {"openAI": {"CPU_usage": 95.73488821789826, "RAM_usage": 96.24521251463624, "execution_time_ms": 91.60978480650049}, "claude": {"CPU_usage": 95.71601783114679, "RAM_usage": 96.284917110923, "execution_time_ms": 91.51025692312552}, "gemini": {"CPU_usage": 95.67637789969373, "RAM_usage": 96.25726556134646, "execution_time_ms": 91.61780161642521}}}}