{"improvements_metadata": {"cluster name": "dominoes", "overall mean improvement": 96.12007785394184, "metric cluster report": {"CPU_usage": {"entry_quantity": 36, "sum": 3395.5882548321624, "mean": 94.32189596756007}, "RAM_usage": {"entry_quantity": 36, "sum": 3473.4975198217476, "mean": 96.48604221727076}, "execution_time_ms": {"entry_quantity": 36, "sum": 3511.882633571808, "mean": 97.55229537699466}}, "prompt v report": {"1": {"CPU_usage": 93.33260746587621, "RAM_usage": 93.25989883099179, "execution_time_ms": 93.51835835022342}, "2": {"CPU_usage": 94.6516588014547, "RAM_usage": 97.5614233460305, "execution_time_ms": 98.89694105258505}, "3": {"CPU_usage": 94.6516588014547, "RAM_usage": 97.5614233460305, "execution_time_ms": 98.89694105258505}, "4": {"CPU_usage": 94.6516588014547, "RAM_usage": 97.5614233460305, "execution_time_ms": 98.89694105258505}}, "model report": {"openAI": {"CPU_usage": 94.28445542555137, "RAM_usage": 96.47838282723929, "execution_time_ms": 97.56446711993374}, "claude": {"CPU_usage": 94.40209639233986, "RAM_usage": 96.5021258459838, "execution_time_ms": 97.53415660185921}, "gemini": {"CPU_usage": 94.27913608478899, "RAM_usage": 96.47761797858936, "execution_time_ms": 97.55826240919096}}}}