{"improvements_metadata": {"cluster name": "election_day", "overall mean improvement": 96.97569470998833, "metric cluster report": {"CPU_usage": {"entry_quantity": 36, "sum": 3402.413028188065, "mean": 94.51147300522402}, "RAM_usage": {"entry_quantity": 36, "sum": 3512.247776144163, "mean": 97.56243822622675}, "execution_time_ms": {"entry_quantity": 36, "sum": 3558.7142243465114, "mean": 98.8531728985142}}, "prompt v report": {"1": {"CPU_usage": 94.51147300522402, "RAM_usage": 97.56243822622672, "execution_time_ms": 98.85317289851425}, "2": {"CPU_usage": 94.51147300522402, "RAM_usage": 97.56243822622672, "execution_time_ms": 98.85317289851425}, "3": {"CPU_usage": 94.51147300522402, "RAM_usage": 97.56243822622672, "execution_time_ms": 98.85317289851425}, "4": {"CPU_usage": 94.51147300522402, "RAM_usage": 97.56243822622672, "execution_time_ms": 98.85317289851425}}, "model report": {"openAI": {"CPU_usage": 94.511473005224, "RAM_usage": 97.56243822622672, "execution_time_ms": 98.85317289851425}, "claude": {"CPU_usage": 94.511473005224, "RAM_usage": 97.56243822622672, "execution_time_ms": 98.85317289851425}, "gemini": {"CPU_usage": 94.511473005224, "RAM_usage": 97.56243822622672, "execution_time_ms": 98.85317289851425}}}}