{"improvements_metadata": {"cluster name": "eliuds_eggs", "overall mean improvement": 95.11452886663557, "metric cluster report": {"CPU_usage": {"entry_quantity": 24, "sum": 2331.8867102396516, "mean": 97.16194625998548}, "RAM_usage": {"entry_quantity": 24, "sum": 2295.9334975456236, "mean": 95.66389573106765}, "execution_time_ms": {"entry_quantity": 24, "sum": 2220.4258706124847, "mean": 92.51774460885353}}, "prompt v report": {"1": {"CPU_usage": 93.64184326929426, "RAM_usage": 93.35980872500845, "execution_time_ms": 93.1215782269562}, "2": {"CPU_usage": 98.33531392354922, "RAM_usage": 96.43192473308738, "execution_time_ms": 92.31646673615263}, "3": {"CPU_usage": 98.33531392354922, "RAM_usage": 96.43192473308738, "execution_time_ms": 92.31646673615263}, "4": {"CPU_usage": 98.33531392354922, "RAM_usage": 96.43192473308738, "execution_time_ms": 92.31646673615263}}, "model report": {"openAI": {"CPU_usage": 97.3010348583878, "RAM_usage": 95.65512508186087, "execution_time_ms": 92.45082297481522}, "claude": {"CPU_usage": 97.12397504456328, "RAM_usage": 95.6688778429583, "execution_time_ms": 92.64562802547078}, "gemini": {"CPU_usage": 97.06082887700535, "RAM_usage": 95.6676842683838, "execution_time_ms": 92.45678282627462}}}}