{"improvements_metadata": {"cluster name": "elons_toys", "overall mean improvement": 96.1547263342333, "metric cluster report": {"CPU_usage": {"entry_quantity": 36, "sum": 3403.2325225905056, "mean": 94.53423673862515}, "RAM_usage": {"entry_quantity": 36, "sum": 3474.6088478335137, "mean": 96.51691243981982}, "execution_time_ms": {"entry_quantity": 36, "sum": 3506.869073673176, "mean": 97.41302982425489}}, "prompt v report": {"1": {"CPU_usage": 93.68102182405312, "RAM_usage": 93.32708845549706, "execution_time_ms": 93.08462770573908}, "2": {"CPU_usage": 94.81864171014922, "RAM_usage": 97.58018710126072, "execution_time_ms": 98.85583053042689}, "3": {"CPU_usage": 94.81864171014922, "RAM_usage": 97.58018710126072, "execution_time_ms": 98.85583053042689}, "4": {"CPU_usage": 94.81864171014922, "RAM_usage": 97.58018710126072, "execution_time_ms": 98.85583053042689}}, "model report": {"openAI": {"CPU_usage": 94.54402434593415, "RAM_usage": 96.52917538125837, "execution_time_ms": 97.41747306896166}, "claude": {"CPU_usage": 94.52158433466845, "RAM_usage": 96.50986316373609, "execution_time_ms": 97.41726615702737}, "gemini": {"CPU_usage": 94.53710153527301, "RAM_usage": 96.51169877446496, "execution_time_ms": 97.40435024677576}}}}