{"improvements_metadata": {"cluster name": "elons_toy_car", "overall mean improvement": 92.510103042432, "metric cluster report": {"CPU_usage": {"entry_quantity": 12, "sum": 1173.1543624161075, "mean": 97.76286353467562}, "RAM_usage": {"entry_quantity": 12, "sum": 1121.2109871278449, "mean": 93.43424892732041}, "execution_time_ms": {"entry_quantity": 12, "sum": 1035.9983599835998, "mean": 86.33319666529998}}, "prompt v report": {"1": {"CPU_usage": 97.76286353467562, "RAM_usage": 93.43424892732043, "execution_time_ms": 86.33319666529998}, "2": {"CPU_usage": 97.76286353467562, "RAM_usage": 93.43424892732043, "execution_time_ms": 86.33319666529998}, "3": {"CPU_usage": 97.76286353467562, "RAM_usage": 93.43424892732043, "execution_time_ms": 86.33319666529998}, "4": {"CPU_usage": 97.76286353467562, "RAM_usage": 93.43424892732043, "execution_time_ms": 86.33319666529998}}, "model report": {"openAI": {"CPU_usage": 97.76286353467562, "RAM_usage": 93.43424892732043, "execution_time_ms": 86.33319666529998}, "claude": {"CPU_usage": 97.76286353467562, "RAM_usage": 93.43424892732043, "execution_time_ms": 86.33319666529998}, "gemini": {"CPU_usage": 97.76286353467562, "RAM_usage": 93.43424892732043, "execution_time_ms": 86.33319666529998}}}}