{"improvements_metadata": {"cluster name": "encode_and_decode_strings", "overall mean improvement": 12.061699463723803, "metric cluster report": {"CPU_usage": {"entry_quantity": 12, "sum": 1147.1559633027523, "mean": 95.59633027522936}, "RAM_usage": {"entry_quantity": 12, "sum": 840.3985507246375, "mean": 70.03321256038646}, "execution_time_ms": {"entry_quantity": 12, "sum": -1553.3333333333333, "mean": -129.44444444444443}}, "prompt v report": {"1": {"CPU_usage": 93.8532110091743, "RAM_usage": 93.35748792270532, "execution_time_ms": 91.31313131313131}, "2": {"CPU_usage": 96.17737003058103, "RAM_usage": 62.25845410628019, "execution_time_ms": -203.03030303030303}, "3": {"CPU_usage": 96.17737003058103, "RAM_usage": 62.25845410628019, "execution_time_ms": -203.03030303030303}, "4": {"CPU_usage": 96.17737003058103, "RAM_usage": 62.25845410628019, "execution_time_ms": -203.03030303030303}}, "model report": {"openAI": {"CPU_usage": 95.5810397553517, "RAM_usage": 70.03321256038647, "execution_time_ms": -129.3939393939394}, "claude": {"CPU_usage": 95.60779816513764, "RAM_usage": 70.03321256038647, "execution_time_ms": -129.0909090909091}, "gemini": {"CPU_usage": 95.6001529051988, "RAM_usage": 70.03321256038647, "execution_time_ms": -129.84848484848484}}}}