{"improvements_metadata": {"cluster name": "error_handling", "overall mean improvement": 97.5501382425341, "metric cluster report": {"CPU_usage": {"entry_quantity": 24, "sum": 2311.6021020141043, "mean": 96.31675425058768}, "RAM_usage": {"entry_quantity": 24, "sum": 2340.0934935530704, "mean": 97.50389556471127}, "execution_time_ms": {"entry_quantity": 24, "sum": 2371.9143578952803, "mean": 98.82976491230335}}, "prompt v report": {"1": {"CPU_usage": 96.31675425058768, "RAM_usage": 97.50389556471127, "execution_time_ms": 98.8297649123033}, "2": {"CPU_usage": 96.31675425058768, "RAM_usage": 97.50389556471127, "execution_time_ms": 98.8297649123033}, "3": {"CPU_usage": 96.31675425058768, "RAM_usage": 97.50389556471127, "execution_time_ms": 98.8297649123033}, "4": {"CPU_usage": 96.31675425058768, "RAM_usage": 97.50389556471127, "execution_time_ms": 98.8297649123033}}, "model report": {"openAI": {"CPU_usage": 96.31675425058768, "RAM_usage": 97.50389556471129, "execution_time_ms": 98.82976491230332}, "claude": {"CPU_usage": 96.31675425058768, "RAM_usage": 97.50389556471129, "execution_time_ms": 98.82976491230332}, "gemini": {"CPU_usage": 96.31675425058768, "RAM_usage": 97.50389556471129, "execution_time_ms": 98.82976491230332}}}}