{"improvements_metadata": {"cluster name": "etl", "overall mean improvement": 80.52844449274805, "metric cluster report": {"CPU_usage": {"entry_quantity": 180, "sum": 16283.120809947392, "mean": 90.46178227748551}, "RAM_usage": {"entry_quantity": 180, "sum": 12485.362271581283, "mean": 69.36312373100714}, "execution_time_ms": {"entry_quantity": 144, "sum": 11773.501555644214, "mean": 81.76042746975149}}, "prompt v report": {"1": {"CPU_usage": 90.4617822774855, "RAM_usage": 69.36312373100716, "execution_time_ms": 81.76042746975146}, "2": {"CPU_usage": 90.4617822774855, "RAM_usage": 69.36312373100716, "execution_time_ms": 81.76042746975146}, "3": {"CPU_usage": 90.4617822774855, "RAM_usage": 69.36312373100716, "execution_time_ms": 81.76042746975146}, "4": {"CPU_usage": 90.4617822774855, "RAM_usage": 69.36312373100716, "execution_time_ms": 81.76042746975146}}, "model report": {"openAI": {"CPU_usage": 90.46178227748547, "RAM_usage": 69.36312373100716, "execution_time_ms": 81.76042746975148}, "claude": {"CPU_usage": 90.46178227748547, "RAM_usage": 69.36312373100716, "execution_time_ms": 81.76042746975148}, "gemini": {"CPU_usage": 90.46178227748547, "RAM_usage": 69.36312373100716, "execution_time_ms": 81.76042746975148}}}}