{"improvements_metadata": {"cluster name": "evaluate_reverse_polish_notation", "overall mean improvement": 11.927882809057905, "metric cluster report": {"CPU_usage": {"entry_quantity": 12, "sum": 1149.1297935103246, "mean": 95.76081612586039}, "RAM_usage": {"entry_quantity": 12, "sum": 840.8800482218205, "mean": 70.07333735181838}, "execution_time_ms": {"entry_quantity": 12, "sum": -1560.6060606060605, "mean": -130.05050505050505}}, "prompt v report": {"1": {"CPU_usage": 94.10521140609637, "RAM_usage": 93.31324090817763, "execution_time_ms": 88.8888888888889}, "2": {"CPU_usage": 96.3126843657817, "RAM_usage": 62.32670283303194, "execution_time_ms": -203.03030303030303}, "3": {"CPU_usage": 96.3126843657817, "RAM_usage": 62.32670283303194, "execution_time_ms": -203.03030303030303}, "4": {"CPU_usage": 96.3126843657817, "RAM_usage": 62.32670283303194, "execution_time_ms": -203.03030303030303}}, "model report": {"openAI": {"CPU_usage": 95.726401179941, "RAM_usage": 70.07233273056059, "execution_time_ms": -129.54545454545453}, "claude": {"CPU_usage": 95.78539823008849, "RAM_usage": 70.07233273056059, "execution_time_ms": -129.6969696969697}, "gemini": {"CPU_usage": 95.77064896755162, "RAM_usage": 70.07534659433394, "execution_time_ms": -130.9090909090909}}}}