{"improvements_metadata": {"cluster name": "expenses", "overall mean improvement": 97.57061145161167, "metric cluster report": {"CPU_usage": {"entry_quantity": 24, "sum": 2313.3251948539773, "mean": 96.38854978558238}, "RAM_usage": {"entry_quantity": 24, "sum": 2339.8408582009297, "mean": 97.4933690917054}, "execution_time_ms": {"entry_quantity": 24, "sum": 2371.9179714611337, "mean": 98.82991547754723}}, "prompt v report": {"1": {"CPU_usage": 96.38854978558237, "RAM_usage": 97.4933690917054, "execution_time_ms": 98.82991547754722}, "2": {"CPU_usage": 96.38854978558237, "RAM_usage": 97.4933690917054, "execution_time_ms": 98.82991547754722}, "3": {"CPU_usage": 96.38854978558237, "RAM_usage": 97.4933690917054, "execution_time_ms": 98.82991547754722}, "4": {"CPU_usage": 96.38854978558237, "RAM_usage": 97.4933690917054, "execution_time_ms": 98.82991547754722}}, "model report": {"openAI": {"CPU_usage": 96.38854978558237, "RAM_usage": 97.4933690917054, "execution_time_ms": 98.82991547754722}, "claude": {"CPU_usage": 96.38854978558237, "RAM_usage": 97.4933690917054, "execution_time_ms": 98.82991547754722}, "gemini": {"CPU_usage": 96.38854978558237, "RAM_usage": 97.4933690917054, "execution_time_ms": 98.82991547754722}}}}