{"improvements_metadata": {"cluster name": "find_two_missing_numbers", "overall mean improvement": -25.130940704711218, "metric cluster report": {"CPU_usage": {"entry_quantity": 12, "sum": 1153.1615925058547, "mean": 96.09679937548789}, "RAM_usage": {"entry_quantity": 12, "sum": 742.1245421245421, "mean": 61.843711843711844}, "execution_time_ms": {"entry_quantity": 12, "sum": -2800.0000000000005, "mean": -233.33333333333337}}, "prompt v report": {"1": {"CPU_usage": 96.09679937548789, "RAM_usage": 61.843711843711844, "execution_time_ms": -233.33333333333334}, "2": {"CPU_usage": 96.09679937548789, "RAM_usage": 61.843711843711844, "execution_time_ms": -233.33333333333334}, "3": {"CPU_usage": 96.09679937548789, "RAM_usage": 61.843711843711844, "execution_time_ms": -233.33333333333334}, "4": {"CPU_usage": 96.09679937548789, "RAM_usage": 61.843711843711844, "execution_time_ms": -233.33333333333334}}, "model report": {"openAI": {"CPU_usage": 96.09679937548789, "RAM_usage": 61.843711843711844, "execution_time_ms": -233.33333333333334}, "claude": {"CPU_usage": 96.09679937548789, "RAM_usage": 61.843711843711844, "execution_time_ms": -233.33333333333334}, "gemini": {"CPU_usage": 96.09679937548789, "RAM_usage": 61.843711843711844, "execution_time_ms": -233.33333333333334}}}}