{"improvements_metadata": {"cluster name": "find_first_missing_positive", "overall mean improvement": -25.127420998980636, "metric cluster report": {"CPU_usage": {"entry_quantity": 12, "sum": 1154.1284403669727, "mean": 96.17737003058106}, "RAM_usage": {"entry_quantity": 12, "sum": 741.2844036697247, "mean": 61.773700305810394}, "execution_time_ms": {"entry_quantity": 12, "sum": -2800.0000000000005, "mean": -233.33333333333337}}, "prompt v report": {"1": {"CPU_usage": 96.17737003058103, "RAM_usage": 61.773700305810394, "execution_time_ms": -233.33333333333334}, "2": {"CPU_usage": 96.17737003058103, "RAM_usage": 61.773700305810394, "execution_time_ms": -233.33333333333334}, "3": {"CPU_usage": 96.17737003058103, "RAM_usage": 61.773700305810394, "execution_time_ms": -233.33333333333334}, "4": {"CPU_usage": 96.17737003058103, "RAM_usage": 61.773700305810394, "execution_time_ms": -233.33333333333334}}, "model report": {"openAI": {"CPU_usage": 96.17737003058105, "RAM_usage": 61.773700305810394, "execution_time_ms": -233.33333333333334}, "claude": {"CPU_usage": 96.17737003058105, "RAM_usage": 61.773700305810394, "execution_time_ms": -233.33333333333334}, "gemini": {"CPU_usage": 96.17737003058105, "RAM_usage": 61.773700305810394, "execution_time_ms": -233.33333333333334}}}}