{"improvements_metadata": {"cluster name": "find_min_path", "overall mean improvement": -15.13395042761862, "metric cluster report": {"CPU_usage": {"entry_quantity": 12, "sum": 1151.1002444987778, "mean": 95.92502037489815}, "RAM_usage": {"entry_quantity": 12, "sum": 740.4411764705883, "mean": 61.703431372549026}, "execution_time_ms": {"entry_quantity": 12, "sum": -2436.3636363636365, "mean": -203.03030303030303}}, "prompt v report": {"1": {"CPU_usage": 95.92502037489812, "RAM_usage": 61.703431372549026, "execution_time_ms": -203.03030303030303}, "2": {"CPU_usage": 95.92502037489812, "RAM_usage": 61.703431372549026, "execution_time_ms": -203.03030303030303}, "3": {"CPU_usage": 95.92502037489812, "RAM_usage": 61.703431372549026, "execution_time_ms": -203.03030303030303}, "4": {"CPU_usage": 95.92502037489812, "RAM_usage": 61.703431372549026, "execution_time_ms": -203.03030303030303}}, "model report": {"openAI": {"CPU_usage": 95.92502037489812, "RAM_usage": 61.70343137254902, "execution_time_ms": -203.03030303030303}, "claude": {"CPU_usage": 95.92502037489812, "RAM_usage": 61.70343137254902, "execution_time_ms": -203.03030303030303}, "gemini": {"CPU_usage": 95.92502037489812, "RAM_usage": 61.70343137254902, "execution_time_ms": -203.03030303030303}}}}