{"improvements_metadata": {"cluster name": "find_el_smaller_left_bigger_right", "overall mean improvement": 32.229231408675524, "metric cluster report": {"CPU_usage": {"entry_quantity": 12, "sum": 1141.3536379018612, "mean": 95.11280315848843}, "RAM_usage": {"entry_quantity": 12, "sum": 835.3431372549021, "mean": 69.61192810457517}, "execution_time_ms": {"entry_quantity": 12, "sum": -816.4444444444443, "mean": -68.03703703703702}}, "prompt v report": {"1": {"CPU_usage": 93.141567963903, "RAM_usage": 93.3374183006536, "execution_time_ms": 94.51851851851852}, "2": {"CPU_usage": 95.76988155668359, "RAM_usage": 61.703431372549026, "execution_time_ms": -122.22222222222223}, "3": {"CPU_usage": 95.76988155668359, "RAM_usage": 61.703431372549026, "execution_time_ms": -122.22222222222223}, "4": {"CPU_usage": 95.76988155668359, "RAM_usage": 61.703431372549026, "execution_time_ms": -122.22222222222223}}, "model report": {"openAI": {"CPU_usage": 95.16074450084602, "RAM_usage": 69.6109068627451, "execution_time_ms": -68.11111111111111}, "claude": {"CPU_usage": 95.05922165820643, "RAM_usage": 69.61397058823529, "execution_time_ms": -68.0}, "gemini": {"CPU_usage": 95.11844331641285, "RAM_usage": 69.6109068627451, "execution_time_ms": -68.0}}}}