{"improvements_metadata": {"cluster name": "find_busiest_interval", "overall mean improvement": -6.688814261124965, "metric cluster report": {"CPU_usage": {"entry_quantity": 12, "sum": 1152.9411764705883, "mean": 96.07843137254902}, "RAM_usage": {"entry_quantity": 12, "sum": 739.5948434622466, "mean": 61.63290362185388}, "execution_time_ms": {"entry_quantity": 12, "sum": -2133.3333333333335, "mean": -177.7777777777778}}, "prompt v report": {"1": {"CPU_usage": 96.07843137254902, "RAM_usage": 61.6329036218539, "execution_time_ms": -177.77777777777774}, "2": {"CPU_usage": 96.07843137254902, "RAM_usage": 61.6329036218539, "execution_time_ms": -177.77777777777774}, "3": {"CPU_usage": 96.07843137254902, "RAM_usage": 61.6329036218539, "execution_time_ms": -177.77777777777774}, "4": {"CPU_usage": 96.07843137254902, "RAM_usage": 61.6329036218539, "execution_time_ms": -177.77777777777774}}, "model report": {"openAI": {"CPU_usage": 96.07843137254902, "RAM_usage": 61.6329036218539, "execution_time_ms": -177.77777777777777}, "claude": {"CPU_usage": 96.07843137254902, "RAM_usage": 61.6329036218539, "execution_time_ms": -177.77777777777777}, "gemini": {"CPU_usage": 96.07843137254902, "RAM_usage": 61.6329036218539, "execution_time_ms": -177.77777777777777}}}}