{"improvements_metadata": {"cluster name": "find_missing_number_in_second_array", "overall mean improvement": 4.224102848686651, "metric cluster report": {"CPU_usage": {"entry_quantity": 12, "sum": 1145.4402515723268, "mean": 95.4533542976939}, "RAM_usage": {"entry_quantity": 12, "sum": 835.294117647059, "mean": 69.60784313725492}, "execution_time_ms": {"entry_quantity": 12, "sum": -1828.6666666666665, "mean": -152.38888888888889}}, "prompt v report": {"1": {"CPU_usage": 93.60587002096436, "RAM_usage": 93.32107843137256, "execution_time_ms": 90.44444444444444}, "2": {"CPU_usage": 96.0691823899371, "RAM_usage": 61.703431372549026, "execution_time_ms": -233.33333333333334}, "3": {"CPU_usage": 96.0691823899371, "RAM_usage": 61.703431372549026, "execution_time_ms": -233.33333333333334}, "4": {"CPU_usage": 96.0691823899371, "RAM_usage": 61.703431372549026, "execution_time_ms": -233.33333333333334}}, "model report": {"openAI": {"CPU_usage": 95.45597484276729, "RAM_usage": 69.6078431372549, "execution_time_ms": -152.33333333333334}, "claude": {"CPU_usage": 95.49528301886792, "RAM_usage": 69.6078431372549, "execution_time_ms": -152.5}, "gemini": {"CPU_usage": 95.40880503144655, "RAM_usage": 69.6078431372549, "execution_time_ms": -152.33333333333334}}}}