{"improvements_metadata": {"cluster name": "find_peak_element", "overall mean improvement": 23.2828177755281, "metric cluster report": {"CPU_usage": {"entry_quantity": 12, "sum": 1143.4881825590874, "mean": 95.29068187992395}, "RAM_usage": {"entry_quantity": 12, "sum": 832.6419753086419, "mean": 69.38683127572016}, "execution_time_ms": {"entry_quantity": 12, "sum": -1137.9487179487178, "mean": -94.82905982905982}}, "prompt v report": {"1": {"CPU_usage": 93.38766639500136, "RAM_usage": 93.2880658436214, "execution_time_ms": 89.91452991452992}, "2": {"CPU_usage": 95.92502037489812, "RAM_usage": 61.419753086419746, "execution_time_ms": -156.4102564102564}, "3": {"CPU_usage": 95.92502037489812, "RAM_usage": 61.419753086419746, "execution_time_ms": -156.4102564102564}, "4": {"CPU_usage": 95.92502037489812, "RAM_usage": 61.419753086419746, "execution_time_ms": -156.4102564102564}}, "model report": {"openAI": {"CPU_usage": 95.33822330888346, "RAM_usage": 69.3858024691358, "execution_time_ms": -95.12820512820512}, "claude": {"CPU_usage": 95.27302363488182, "RAM_usage": 69.3858024691358, "execution_time_ms": -94.61538461538461}, "gemini": {"CPU_usage": 95.26079869600652, "RAM_usage": 69.38888888888889, "execution_time_ms": -94.74358974358974}}}}