{"improvements_metadata": {"cluster name": "flatten_array", "overall mean improvement": 94.9898183119642, "metric cluster report": {"CPU_usage": {"entry_quantity": 93, "sum": 8790.236555696803, "mean": 94.5186726419011}, "RAM_usage": {"entry_quantity": 93, "sum": 8972.561468754468, "mean": 96.47915557800503}, "execution_time_ms": {"entry_quantity": 93, "sum": 8739.361284586743, "mean": 93.97162671598649}}, "prompt v report": {"1": {"CPU_usage": 91.50310351643819, "RAM_usage": 93.04938310010446, "execution_time_ms": 94.27259627424277}, "2": {"CPU_usage": 95.39821363682779, "RAM_usage": 97.47950588405922, "execution_time_ms": 93.88384392816174}, "3": {"CPU_usage": 95.39821363682779, "RAM_usage": 97.47950588405922, "execution_time_ms": 93.88384392816174}, "4": {"CPU_usage": 95.39821363682779, "RAM_usage": 97.47950588405922, "execution_time_ms": 93.88384392816174}}, "model report": {"openAI": {"CPU_usage": 94.38841957535365, "RAM_usage": 96.37620757722046, "execution_time_ms": 94.04360221057463}, "claude": {"CPU_usage": 94.76702887478525, "RAM_usage": 96.57472276812804, "execution_time_ms": 94.00397891863621}, "gemini": {"CPU_usage": 94.41278267877189, "RAM_usage": 96.49294010450205, "execution_time_ms": 93.86602084804095}}}}