{"improvements_metadata": {"cluster name": "flatten_deep_list", "overall mean improvement": -6.7785831442686515, "metric cluster report": {"CPU_usage": {"entry_quantity": 12, "sum": 1152.2673031026252, "mean": 96.0222752585521}, "RAM_usage": {"entry_quantity": 12, "sum": 737.037037037037, "mean": 61.419753086419746}, "execution_time_ms": {"entry_quantity": 12, "sum": -2133.3333333333335, "mean": -177.7777777777778}}, "prompt v report": {"1": {"CPU_usage": 96.0222752585521, "RAM_usage": 61.419753086419746, "execution_time_ms": -177.77777777777774}, "2": {"CPU_usage": 96.0222752585521, "RAM_usage": 61.419753086419746, "execution_time_ms": -177.77777777777774}, "3": {"CPU_usage": 96.0222752585521, "RAM_usage": 61.419753086419746, "execution_time_ms": -177.77777777777774}, "4": {"CPU_usage": 96.0222752585521, "RAM_usage": 61.419753086419746, "execution_time_ms": -177.77777777777774}}, "model report": {"openAI": {"CPU_usage": 96.0222752585521, "RAM_usage": 61.419753086419746, "execution_time_ms": -177.77777777777777}, "claude": {"CPU_usage": 96.0222752585521, "RAM_usage": 61.419753086419746, "execution_time_ms": -177.77777777777777}, "gemini": {"CPU_usage": 96.0222752585521, "RAM_usage": 61.419753086419746, "execution_time_ms": -177.77777777777777}}}}