{"improvements_metadata": {"cluster name": "food_chain", "overall mean improvement": 78.54437415562114, "metric cluster report": {"CPU_usage": {"entry_quantity": 168, "sum": 15609.421790201675, "mean": 92.91322494167665}, "RAM_usage": {"entry_quantity": 168, "sum": 9988.343354054388, "mean": 59.45442472651422}, "execution_time_ms": {"entry_quantity": 120, "sum": 9991.856735840709, "mean": 83.26547279867258}}, "prompt v report": {"1": {"CPU_usage": 92.91322494167669, "RAM_usage": 59.45442472651428, "execution_time_ms": 83.26547279867246}, "2": {"CPU_usage": 92.91322494167669, "RAM_usage": 59.45442472651428, "execution_time_ms": 83.26547279867246}, "3": {"CPU_usage": 92.91322494167669, "RAM_usage": 59.45442472651428, "execution_time_ms": 83.26547279867246}, "4": {"CPU_usage": 92.91322494167669, "RAM_usage": 59.45442472651428, "execution_time_ms": 83.26547279867246}}, "model report": {"openAI": {"CPU_usage": 92.91322494167672, "RAM_usage": 59.45442472651422, "execution_time_ms": 83.26547279867243}, "claude": {"CPU_usage": 92.91322494167672, "RAM_usage": 59.45442472651422, "execution_time_ms": 83.26547279867243}, "gemini": {"CPU_usage": 92.91322494167672, "RAM_usage": 59.45442472651422, "execution_time_ms": 83.26547279867243}}}}