{"improvements_metadata": {"cluster name": "football_match_reports", "overall mean improvement": 92.12722972733206, "metric cluster report": {"CPU_usage": {"entry_quantity": 24, "sum": 2314.426658612706, "mean": 96.43444410886275}, "RAM_usage": {"entry_quantity": 24, "sum": 2241.9991878776514, "mean": 93.41663282823548}, "execution_time_ms": {"entry_quantity": 24, "sum": 2076.734693877551, "mean": 86.53061224489795}}, "prompt v report": {"1": {"CPU_usage": 96.4344441088627, "RAM_usage": 93.41663282823545, "execution_time_ms": 86.53061224489795}, "2": {"CPU_usage": 96.4344441088627, "RAM_usage": 93.41663282823545, "execution_time_ms": 86.53061224489795}, "3": {"CPU_usage": 96.4344441088627, "RAM_usage": 93.41663282823545, "execution_time_ms": 86.53061224489795}, "4": {"CPU_usage": 96.4344441088627, "RAM_usage": 93.41663282823545, "execution_time_ms": 86.53061224489795}}, "model report": {"openAI": {"CPU_usage": 96.4344441088627, "RAM_usage": 93.41663282823546, "execution_time_ms": 86.53061224489795}, "claude": {"CPU_usage": 96.4344441088627, "RAM_usage": 93.41663282823546, "execution_time_ms": 86.53061224489795}, "gemini": {"CPU_usage": 96.4344441088627, "RAM_usage": 93.41663282823546, "execution_time_ms": 86.53061224489795}}}}