{"improvements_metadata": {"cluster name": "forth", "overall mean improvement": 96.46855362061139, "metric cluster report": {"CPU_usage": {"entry_quantity": 24, "sum": 2291.582405401321, "mean": 95.48260022505504}, "RAM_usage": {"entry_quantity": 24, "sum": 2315.7882009637983, "mean": 96.49117504015827}, "execution_time_ms": {"entry_quantity": 24, "sum": 2338.365254318901, "mean": 97.43188559662087}}, "prompt v report": {"1": {"CPU_usage": 93.15375959422919, "RAM_usage": 93.35265042256594, "execution_time_ms": 93.1748178808977}, "2": {"CPU_usage": 96.25888043533028, "RAM_usage": 97.53734991268902, "execution_time_ms": 98.85090816852858}, "3": {"CPU_usage": 96.25888043533028, "RAM_usage": 97.53734991268902, "execution_time_ms": 98.85090816852858}, "4": {"CPU_usage": 96.25888043533028, "RAM_usage": 97.53734991268902, "execution_time_ms": 98.85090816852858}}, "model report": {"openAI": {"CPU_usage": 95.5405812801263, "RAM_usage": 96.47920746887662, "execution_time_ms": 97.40621393401577}, "claude": {"CPU_usage": 95.42088224920641, "RAM_usage": 96.50368080475893, "execution_time_ms": 97.44182695716364}, "gemini": {"CPU_usage": 95.4863371458323, "RAM_usage": 96.49063684683922, "execution_time_ms": 97.44761589868318}}}}