{"improvements_metadata": {"cluster name": "freelancer_rates", "overall mean improvement": 89.61025387714369, "metric cluster report": {"CPU_usage": {"entry_quantity": 11, "sum": 1048.4736842105265, "mean": 95.31578947368422}, "RAM_usage": {"entry_quantity": 11, "sum": 1028.7566477582036, "mean": 93.52333161438214}, "execution_time_ms": {"entry_quantity": 11, "sum": 879.9080459770116, "mean": 79.9916405433647}}, "prompt v report": {"1": {"CPU_usage": 93.97368421052632, "RAM_usage": 93.369153113454, "execution_time_ms": 93.40229885057471}, "2": {"CPU_usage": 95.6140350877193, "RAM_usage": 93.55759350347729, "execution_time_ms": 77.01149425287356}, "3": {"CPU_usage": 95.6140350877193, "RAM_usage": 93.55759350347729, "execution_time_ms": 77.01149425287356}, "4": {"CPU_usage": 95.6140350877193, "RAM_usage": 93.55759350347729, "execution_time_ms": 77.01149425287356}}, "model report": {"openAI": {"CPU_usage": 95.27631578947368, "RAM_usage": 93.50590929735894, "execution_time_ms": 81.11494252873563}, "claude": {"CPU_usage": 95.6140350877193, "RAM_usage": 93.55759350347729, "execution_time_ms": 77.01149425287356}, "gemini": {"CPU_usage": 95.13157894736842, "RAM_usage": 93.515057514584, "execution_time_ms": 81.10344827586206}}}}