{"improvements_metadata": {"cluster name": "ghost_gobble_arcade_game", "overall mean improvement": -25.303061306744564, "metric cluster report": {"CPU_usage": {"entry_quantity": 12, "sum": 1149.4949494949497, "mean": 95.7912457912458}, "RAM_usage": {"entry_quantity": 12, "sum": 739.5948434622466, "mean": 61.63290362185388}, "execution_time_ms": {"entry_quantity": 12, "sum": -2800.0000000000005, "mean": -233.33333333333337}}, "prompt v report": {"1": {"CPU_usage": 95.7912457912458, "RAM_usage": 61.6329036218539, "execution_time_ms": -233.33333333333334}, "2": {"CPU_usage": 95.7912457912458, "RAM_usage": 61.6329036218539, "execution_time_ms": -233.33333333333334}, "3": {"CPU_usage": 95.7912457912458, "RAM_usage": 61.6329036218539, "execution_time_ms": -233.33333333333334}, "4": {"CPU_usage": 95.7912457912458, "RAM_usage": 61.6329036218539, "execution_time_ms": -233.33333333333334}}, "model report": {"openAI": {"CPU_usage": 95.7912457912458, "RAM_usage": 61.6329036218539, "execution_time_ms": -233.33333333333334}, "claude": {"CPU_usage": 95.7912457912458, "RAM_usage": 61.6329036218539, "execution_time_ms": -233.33333333333334}, "gemini": {"CPU_usage": 95.7912457912458, "RAM_usage": 61.6329036218539, "execution_time_ms": -233.33333333333334}}}}