{"improvements_metadata": {"cluster name": "gigasecond", "overall mean improvement": 87.79357023359859, "metric cluster report": {"CPU_usage": {"entry_quantity": 252, "sum": 23371.9182492997, "mean": 92.74570733849087}, "RAM_usage": {"entry_quantity": 252, "sum": 20310.496256379436, "mean": 80.59720736658507}, "execution_time_ms": {"entry_quantity": 216, "sum": 19448.163935075478, "mean": 90.0377959957198}}, "prompt v report": {"1": {"CPU_usage": 91.19114635123168, "RAM_usage": 91.88906912636199, "execution_time_ms": 91.3752416157622}, "2": {"CPU_usage": 93.26389433424393, "RAM_usage": 76.83325344665931, "execution_time_ms": 89.591980789039}, "3": {"CPU_usage": 93.26389433424393, "RAM_usage": 76.83325344665931, "execution_time_ms": 89.591980789039}, "4": {"CPU_usage": 93.26389433424393, "RAM_usage": 76.83325344665931, "execution_time_ms": 89.591980789039}}, "model report": {"openAI": {"CPU_usage": 92.74559757652068, "RAM_usage": 80.59754203545344, "execution_time_ms": 90.0180416714411}, "claude": {"CPU_usage": 92.78711407666925, "RAM_usage": 80.59812693522038, "execution_time_ms": 90.06148752224445}, "gemini": {"CPU_usage": 92.70441036228269, "RAM_usage": 80.59595312908111, "execution_time_ms": 90.03385879347394}}}}