{"improvements_metadata": {"cluster name": "gotta_snatch_em_all", "overall mean improvement": 92.329764999428, "metric cluster report": {"CPU_usage": {"entry_quantity": 36, "sum": 3393.682364007049, "mean": 94.26895455575135}, "RAM_usage": {"entry_quantity": 36, "sum": 3361.327654442511, "mean": 93.37021262340309}, "execution_time_ms": {"entry_quantity": 36, "sum": 3216.6046014886647, "mean": 89.35012781912957}}, "prompt v report": {"1": {"CPU_usage": 91.78975105080568, "RAM_usage": 93.30868831103261, "execution_time_ms": 93.4635870534302}, "2": {"CPU_usage": 95.09535572406665, "RAM_usage": 93.3907207275266, "execution_time_ms": 87.97897474102933}, "3": {"CPU_usage": 95.09535572406665, "RAM_usage": 93.3907207275266, "execution_time_ms": 87.97897474102933}, "4": {"CPU_usage": 95.09535572406665, "RAM_usage": 93.3907207275266, "execution_time_ms": 87.97897474102933}}, "model report": {"openAI": {"CPU_usage": 94.3864635536035, "RAM_usage": 93.36763551352574, "execution_time_ms": 89.31964823355264}, "claude": {"CPU_usage": 94.26431482260018, "RAM_usage": 93.3653553584537, "execution_time_ms": 89.30919337401237}, "gemini": {"CPU_usage": 94.15608529105049, "RAM_usage": 93.37764699822988, "execution_time_ms": 89.42154184982365}}}}