{"improvements_metadata": {"cluster name": "grade_school", "overall mean improvement": 78.83395067755468, "metric cluster report": {"CPU_usage": {"entry_quantity": 173, "sum": 15759.954306441385, "mean": 91.09800177133748}, "RAM_usage": {"entry_quantity": 173, "sum": 12806.87778338044, "mean": 74.02819527965572}, "execution_time_ms": {"entry_quantity": 137, "sum": 9778.464732488908, "mean": 71.37565498167086}}, "prompt v report": {"1": {"CPU_usage": 91.79517432698015, "RAM_usage": 93.3322643722703, "execution_time_ms": 93.29715259229839}, "2": {"CPU_usage": 90.90176060752701, "RAM_usage": 68.5944573128458, "execution_time_ms": 65.48932691955801}, "3": {"CPU_usage": 90.90176060752701, "RAM_usage": 68.5944573128458, "execution_time_ms": 65.48932691955801}, "4": {"CPU_usage": 90.90176060752701, "RAM_usage": 68.5944573128458, "execution_time_ms": 65.48932691955801}}, "model report": {"openAI": {"CPU_usage": 91.1856974730412, "RAM_usage": 73.8031944292981, "execution_time_ms": 71.05161807336532}, "claude": {"CPU_usage": 91.17778153214898, "RAM_usage": 74.46523262342903, "execution_time_ms": 71.99291658468434}, "gemini": {"CPU_usage": 90.92772701896932, "RAM_usage": 73.80082414259918, "execution_time_ms": 71.05499643794028}}}}