{"improvements_metadata": {"cluster name": "grains", "overall mean improvement": 72.82808607649241, "metric cluster report": {"CPU_usage": {"entry_quantity": 132, "sum": 12266.714784224658, "mean": 92.92965745624741}, "RAM_usage": {"entry_quantity": 132, "sum": 7684.559522892366, "mean": 58.21636002191186}, "execution_time_ms": {"entry_quantity": 84, "sum": 5656.412223110709, "mean": 67.33824075131797}}, "prompt v report": {"1": {"CPU_usage": 93.03708186069406, "RAM_usage": 93.32152416694036, "execution_time_ms": 92.98829664472983}, "2": {"CPU_usage": 92.89384932143174, "RAM_usage": 46.514638640235674, "execution_time_ms": 58.78822212018062}, "3": {"CPU_usage": 92.89384932143174, "RAM_usage": 46.514638640235674, "execution_time_ms": 58.78822212018062}, "4": {"CPU_usage": 92.89384932143174, "RAM_usage": 46.514638640235674, "execution_time_ms": 58.78822212018062}}, "model report": {"openAI": {"CPU_usage": 92.69035194247867, "RAM_usage": 58.22034787657392, "execution_time_ms": 67.33252312948483}, "claude": {"CPU_usage": 93.07945558239112, "RAM_usage": 58.214756193533276, "execution_time_ms": 67.32716484826052}, "gemini": {"CPU_usage": 93.01916484387225, "RAM_usage": 58.21397599562835, "execution_time_ms": 67.35503427620843}}}}