{"improvements_metadata": {"cluster name": "grep", "overall mean improvement": 97.05308706081205, "metric cluster report": {"CPU_usage": {"entry_quantity": 36, "sum": 3408.3027832961247, "mean": 94.67507731378124}, "RAM_usage": {"entry_quantity": 36, "sum": 3513.9311847807944, "mean": 97.60919957724428}, "execution_time_ms": {"entry_quantity": 36, "sum": 3559.499434490781, "mean": 98.87498429141058}}, "prompt v report": {"1": {"CPU_usage": 94.67507731378132, "RAM_usage": 97.60919957724428, "execution_time_ms": 98.87498429141058}, "2": {"CPU_usage": 94.67507731378132, "RAM_usage": 97.60919957724428, "execution_time_ms": 98.87498429141058}, "3": {"CPU_usage": 94.67507731378132, "RAM_usage": 97.60919957724428, "execution_time_ms": 98.87498429141058}, "4": {"CPU_usage": 94.67507731378132, "RAM_usage": 97.60919957724428, "execution_time_ms": 98.87498429141058}}, "model report": {"openAI": {"CPU_usage": 94.6750773137813, "RAM_usage": 97.60919957724427, "execution_time_ms": 98.87498429141057}, "claude": {"CPU_usage": 94.6750773137813, "RAM_usage": 97.60919957724427, "execution_time_ms": 98.87498429141057}, "gemini": {"CPU_usage": 94.6750773137813, "RAM_usage": 97.60919957724427, "execution_time_ms": 98.87498429141057}}}}