{"improvements_metadata": {"cluster name": "gross_store", "overall mean improvement": 96.12539694841024, "metric cluster report": {"CPU_usage": {"entry_quantity": 36, "sum": 3397.3021706569652, "mean": 94.36950474047126}, "RAM_usage": {"entry_quantity": 36, "sum": 3476.1121337652376, "mean": 96.55867038236771}, "execution_time_ms": {"entry_quantity": 36, "sum": 3508.128566006103, "mean": 97.44801572239174}}, "prompt v report": {"1": {"CPU_usage": 93.40169351074024, "RAM_usage": 93.4058562871615, "execution_time_ms": 93.2265624699524}, "2": {"CPU_usage": 94.69210848371493, "RAM_usage": 97.60960841410309, "execution_time_ms": 98.85516680653815}, "3": {"CPU_usage": 94.69210848371493, "RAM_usage": 97.60960841410309, "execution_time_ms": 98.85516680653815}, "4": {"CPU_usage": 94.69210848371493, "RAM_usage": 97.60960841410309, "execution_time_ms": 98.85516680653815}}, "model report": {"openAI": {"CPU_usage": 94.33291860692266, "RAM_usage": 96.55969111859464, "execution_time_ms": 97.45316766649513}, "claude": {"CPU_usage": 94.3665803190165, "RAM_usage": 96.5513067565338, "execution_time_ms": 97.44744318550856}, "gemini": {"CPU_usage": 94.40901529547466, "RAM_usage": 96.56501327197459, "execution_time_ms": 97.44343631517144}}}}