{"improvements_metadata": {"cluster name": "hamming", "overall mean improvement": 79.69093965236368, "metric cluster report": {"CPU_usage": {"entry_quantity": 131, "sum": 12203.789275313711, "mean": 93.15869675811993}, "RAM_usage": {"entry_quantity": 131, "sum": 9900.821138905596, "mean": 75.57878731989004}, "execution_time_ms": {"entry_quantity": 107, "sum": 7525.880832061674, "mean": 70.33533487908106}}, "prompt v report": {"1": {"CPU_usage": 92.96782876874335, "RAM_usage": 93.36118761954411, "execution_time_ms": 92.89636183811373}, "2": {"CPU_usage": 93.22039146175682, "RAM_usage": 69.8309407583857, "execution_time_ms": 63.09352375642855}, "3": {"CPU_usage": 93.22039146175682, "RAM_usage": 69.8309407583857, "execution_time_ms": 63.09352375642855}, "4": {"CPU_usage": 93.22039146175682, "RAM_usage": 69.8309407583857, "execution_time_ms": 63.09352375642855}}, "model report": {"openAI": {"CPU_usage": 93.35131707882233, "RAM_usage": 75.71187759915404, "execution_time_ms": 70.57884656842323}, "claude": {"CPU_usage": 93.0626836007396, "RAM_usage": 75.71110888156174, "execution_time_ms": 70.5144942859555}, "gemini": {"CPU_usage": 93.05984291658095, "RAM_usage": 75.30720311056045, "execution_time_ms": 69.90058746582966}}}}