{"improvements_metadata": {"cluster name": "hello_world", "overall mean improvement": 83.07613444972935, "metric cluster report": {"CPU_usage": {"entry_quantity": 312, "sum": 29282.932342870714, "mean": 93.85555238099587}, "RAM_usage": {"entry_quantity": 312, "sum": 24908.01191717489, "mean": 79.83337152940669}, "execution_time_ms": {"entry_quantity": 276, "sum": 20848.896325104794, "mean": 75.53947943878548}}, "prompt v report": {"1": {"CPU_usage": 93.85555238099586, "RAM_usage": 79.83337152940676, "execution_time_ms": 75.53947943878546}, "2": {"CPU_usage": 93.85555238099586, "RAM_usage": 79.83337152940676, "execution_time_ms": 75.53947943878546}, "3": {"CPU_usage": 93.85555238099586, "RAM_usage": 79.83337152940676, "execution_time_ms": 75.53947943878546}, "4": {"CPU_usage": 93.85555238099586, "RAM_usage": 79.83337152940676, "execution_time_ms": 75.53947943878546}}, "model report": {"openAI": {"CPU_usage": 93.8555523809959, "RAM_usage": 79.83337152940675, "execution_time_ms": 75.53947943878552}, "claude": {"CPU_usage": 93.8555523809959, "RAM_usage": 79.83337152940675, "execution_time_ms": 75.53947943878552}, "gemini": {"CPU_usage": 93.8555523809959, "RAM_usage": 79.83337152940675, "execution_time_ms": 75.53947943878552}}}}