{"improvements_metadata": {"cluster name": "hexadecimal", "overall mean improvement": 61.046722578527444, "metric cluster report": {"CPU_usage": {"entry_quantity": 84, "sum": 7636.559986838351, "mean": 90.91142841474228}, "RAM_usage": {"entry_quantity": 84, "sum": 1773.588237723428, "mean": 21.114145687183665}, "execution_time_ms": {"entry_quantity": 36, "sum": 2560.12537081163, "mean": 71.1145936336564}}, "prompt v report": {"1": {"CPU_usage": 90.9114284147423, "RAM_usage": 21.11414568718366, "execution_time_ms": 71.11459363365641}, "2": {"CPU_usage": 90.9114284147423, "RAM_usage": 21.11414568718366, "execution_time_ms": 71.11459363365641}, "3": {"CPU_usage": 90.9114284147423, "RAM_usage": 21.11414568718366, "execution_time_ms": 71.11459363365641}, "4": {"CPU_usage": 90.9114284147423, "RAM_usage": 21.11414568718366, "execution_time_ms": 71.11459363365641}}, "model report": {"openAI": {"CPU_usage": 90.91142841474232, "RAM_usage": 21.11414568718365, "execution_time_ms": 71.11459363365643}, "claude": {"CPU_usage": 90.91142841474232, "RAM_usage": 21.11414568718365, "execution_time_ms": 71.11459363365643}, "gemini": {"CPU_usage": 90.91142841474232, "RAM_usage": 21.11414568718365, "execution_time_ms": 71.11459363365643}}}}