{"improvements_metadata": {"cluster name": "high_scores", "overall mean improvement": 67.15306933233906, "metric cluster report": {"CPU_usage": {"entry_quantity": 48, "sum": 4505.1563427400715, "mean": 93.85742380708483}, "RAM_usage": {"entry_quantity": 48, "sum": 4062.353088048816, "mean": 84.632356001017}, "execution_time_ms": {"entry_quantity": 48, "sum": 1102.5325530679372, "mean": 22.96942818891536}}, "prompt v report": {"1": {"CPU_usage": 93.8574238070848, "RAM_usage": 84.63235600101699, "execution_time_ms": 22.969428188915355}, "2": {"CPU_usage": 93.8574238070848, "RAM_usage": 84.63235600101699, "execution_time_ms": 22.969428188915355}, "3": {"CPU_usage": 93.8574238070848, "RAM_usage": 84.63235600101699, "execution_time_ms": 22.969428188915355}, "4": {"CPU_usage": 93.8574238070848, "RAM_usage": 84.63235600101699, "execution_time_ms": 22.969428188915355}}, "model report": {"openAI": {"CPU_usage": 93.85742380708481, "RAM_usage": 84.632356001017, "execution_time_ms": 22.96942818891535}, "claude": {"CPU_usage": 93.85742380708481, "RAM_usage": 84.632356001017, "execution_time_ms": 22.96942818891535}, "gemini": {"CPU_usage": 93.85742380708481, "RAM_usage": 84.632356001017, "execution_time_ms": 22.96942818891535}}}}