{"improvements_metadata": {"cluster name": "high_score_board", "overall mean improvement": 89.22619951065276, "metric cluster report": {"CPU_usage": {"entry_quantity": 11, "sum": 1041.0505050505049, "mean": 94.64095500459135}, "RAM_usage": {"entry_quantity": 11, "sum": 1028.3436562658253, "mean": 93.48578693325685}, "execution_time_ms": {"entry_quantity": 11, "sum": 875.0704225352113, "mean": 79.55185659411012}}, "prompt v report": {"1": {"CPU_usage": 93.25252525252526, "RAM_usage": 93.38767480814926, "execution_time_ms": 93.16901408450704}, "2": {"CPU_usage": 94.94949494949496, "RAM_usage": 93.50758962772518, "execution_time_ms": 76.52582159624414}, "3": {"CPU_usage": 94.94949494949496, "RAM_usage": 93.50758962772518, "execution_time_ms": 76.52582159624414}, "4": {"CPU_usage": 94.94949494949496, "RAM_usage": 93.50758962772518, "execution_time_ms": 76.52582159624414}}, "model report": {"openAI": {"CPU_usage": 94.94949494949496, "RAM_usage": 93.50758962772518, "execution_time_ms": 76.52582159624414}, "claude": {"CPU_usage": 94.50505050505049, "RAM_usage": 93.48037019723941, "execution_time_ms": 80.71596244131457}, "gemini": {"CPU_usage": 94.54545454545453, "RAM_usage": 93.47485164842298, "execution_time_ms": 80.65727699530518}}}}