{"improvements_metadata": {"cluster name": "house", "overall mean improvement": 94.70940549607344, "metric cluster report": {"CPU_usage": {"entry_quantity": 72, "sum": 6917.503421097349, "mean": 96.07643640412985}, "RAM_usage": {"entry_quantity": 72, "sum": 6908.619208429169, "mean": 95.95304456151624}, "execution_time_ms": {"entry_quantity": 72, "sum": 6631.108957625345, "mean": 92.09873552257424}}, "prompt v report": {"1": {"CPU_usage": 94.69447530449423, "RAM_usage": 93.17638366834352, "execution_time_ms": 93.38957340972053}, "2": {"CPU_usage": 96.53709010400834, "RAM_usage": 96.87859819257388, "execution_time_ms": 91.66845622685875}, "3": {"CPU_usage": 96.53709010400834, "RAM_usage": 96.87859819257388, "execution_time_ms": 91.66845622685875}, "4": {"CPU_usage": 96.53709010400834, "RAM_usage": 96.87859819257388, "execution_time_ms": 91.66845622685875}}, "model report": {"openAI": {"CPU_usage": 96.02779343733488, "RAM_usage": 95.95130518248557, "execution_time_ms": 92.11049546766817}, "claude": {"CPU_usage": 95.99972885983095, "RAM_usage": 95.94106785124524, "execution_time_ms": 92.13005595214513}, "gemini": {"CPU_usage": 96.20178691522365, "RAM_usage": 95.96676065081813, "execution_time_ms": 92.05565514790926}}}}