{"improvements_metadata": {"cluster name": "interest_is_interesting", "overall mean improvement": 97.57937299000258, "metric cluster report": {"CPU_usage": {"entry_quantity": 24, "sum": 2312.376674728396, "mean": 96.34902811368318}, "RAM_usage": {"entry_quantity": 24, "sum": 2340.628845756227, "mean": 97.52620190650946}, "execution_time_ms": {"entry_quantity": 24, "sum": 2372.709334795563, "mean": 98.86288894981512}}, "prompt v report": {"1": {"CPU_usage": 96.34902811368318, "RAM_usage": 97.52620190650947, "execution_time_ms": 98.86288894981514}, "2": {"CPU_usage": 96.34902811368318, "RAM_usage": 97.52620190650947, "execution_time_ms": 98.86288894981514}, "3": {"CPU_usage": 96.34902811368318, "RAM_usage": 97.52620190650947, "execution_time_ms": 98.86288894981514}, "4": {"CPU_usage": 96.34902811368318, "RAM_usage": 97.52620190650947, "execution_time_ms": 98.86288894981514}}, "model report": {"openAI": {"CPU_usage": 96.34902811368318, "RAM_usage": 97.52620190650947, "execution_time_ms": 98.86288894981514}, "claude": {"CPU_usage": 96.34902811368318, "RAM_usage": 97.52620190650947, "execution_time_ms": 98.86288894981514}, "gemini": {"CPU_usage": 96.34902811368318, "RAM_usage": 97.52620190650947, "execution_time_ms": 98.86288894981514}}}}