{"improvements_metadata": {"cluster name": "isbn_verifier", "overall mean improvement": 82.53501939595311, "metric cluster report": {"CPU_usage": {"entry_quantity": 168, "sum": 15672.043906578143, "mean": 93.28597563439371}, "RAM_usage": {"entry_quantity": 168, "sum": 15422.831787185003, "mean": 91.8025701618155}, "execution_time_ms": {"entry_quantity": 168, "sum": 10502.774081797223, "mean": 62.51651239165013}}, "prompt v report": {"1": {"CPU_usage": 93.28597563439368, "RAM_usage": 91.80257016181547, "execution_time_ms": 62.51651239165011}, "2": {"CPU_usage": 93.28597563439368, "RAM_usage": 91.80257016181547, "execution_time_ms": 62.51651239165011}, "3": {"CPU_usage": 93.28597563439368, "RAM_usage": 91.80257016181547, "execution_time_ms": 62.51651239165011}, "4": {"CPU_usage": 93.28597563439368, "RAM_usage": 91.80257016181547, "execution_time_ms": 62.51651239165011}}, "model report": {"openAI": {"CPU_usage": 93.28597563439364, "RAM_usage": 91.8025701618155, "execution_time_ms": 62.516512391650124}, "claude": {"CPU_usage": 93.28597563439364, "RAM_usage": 91.8025701618155, "execution_time_ms": 62.516512391650124}, "gemini": {"CPU_usage": 93.28597563439364, "RAM_usage": 91.8025701618155, "execution_time_ms": 62.516512391650124}}}}