{"improvements_metadata": {"cluster name": "isogram", "overall mean improvement": 84.42740877938861, "metric cluster report": {"CPU_usage": {"entry_quantity": 202, "sum": 18754.38776974501, "mean": 92.84350381061887}, "RAM_usage": {"entry_quantity": 202, "sum": 17594.604344759144, "mean": 87.10200170672843}, "execution_time_ms": {"entry_quantity": 190, "sum": 13933.976955955526, "mean": 73.33672082081856}}, "prompt v report": {"1": {"CPU_usage": 92.52880512314977, "RAM_usage": 92.19583020109995, "execution_time_ms": 90.74371363222926}, "2": {"CPU_usage": 92.94428966477557, "RAM_usage": 85.47064486866167, "execution_time_ms": 67.776153672729}, "3": {"CPU_usage": 92.94428966477557, "RAM_usage": 85.47064486866167, "execution_time_ms": 67.776153672729}, "4": {"CPU_usage": 92.94428966477557, "RAM_usage": 85.47064486866167, "execution_time_ms": 67.776153672729}}, "model report": {"openAI": {"CPU_usage": 92.79714225946418, "RAM_usage": 87.05783161270483, "execution_time_ms": 73.30699910998337}, "claude": {"CPU_usage": 93.03473146556172, "RAM_usage": 87.18981829841202, "execution_time_ms": 73.23248900910778}, "gemini": {"CPU_usage": 92.70426204962307, "RAM_usage": 87.06093805000032, "execution_time_ms": 73.46741709924846}}}}