{"improvements_metadata": {"cluster name": "jedliks_toy_car", "overall mean improvement": 92.17730764577284, "metric cluster report": {"CPU_usage": {"entry_quantity": 12, "sum": 1169.6969696969697, "mean": 97.47474747474747}, "RAM_usage": {"entry_quantity": 12, "sum": 1120.4336366800935, "mean": 93.36946972334113}, "execution_time_ms": {"entry_quantity": 12, "sum": 1028.2524688707597, "mean": 85.68770573922997}}, "prompt v report": {"1": {"CPU_usage": 97.47474747474747, "RAM_usage": 93.36946972334113, "execution_time_ms": 85.68770573923}, "2": {"CPU_usage": 97.47474747474747, "RAM_usage": 93.36946972334113, "execution_time_ms": 85.68770573923}, "3": {"CPU_usage": 97.47474747474747, "RAM_usage": 93.36946972334113, "execution_time_ms": 85.68770573923}, "4": {"CPU_usage": 97.47474747474747, "RAM_usage": 93.36946972334113, "execution_time_ms": 85.68770573923}}, "model report": {"openAI": {"CPU_usage": 97.47474747474747, "RAM_usage": 93.36946972334113, "execution_time_ms": 85.68770573923}, "claude": {"CPU_usage": 97.47474747474747, "RAM_usage": 93.36946972334113, "execution_time_ms": 85.68770573923}, "gemini": {"CPU_usage": 97.47474747474747, "RAM_usage": 93.36946972334113, "execution_time_ms": 85.68770573923}}}}