{"improvements_metadata": {"cluster name": "jump_game", "overall mean improvement": -15.18111213006901, "metric cluster report": {"CPU_usage": {"entry_quantity": 12, "sum": 1150.2487562189053, "mean": 95.85406301824212}, "RAM_usage": {"entry_quantity": 12, "sum": 739.5948434622466, "mean": 61.63290362185388}, "execution_time_ms": {"entry_quantity": 12, "sum": -2436.3636363636365, "mean": -203.03030303030303}}, "prompt v report": {"1": {"CPU_usage": 95.85406301824212, "RAM_usage": 61.6329036218539, "execution_time_ms": -203.03030303030303}, "2": {"CPU_usage": 95.85406301824212, "RAM_usage": 61.6329036218539, "execution_time_ms": -203.03030303030303}, "3": {"CPU_usage": 95.85406301824212, "RAM_usage": 61.6329036218539, "execution_time_ms": -203.03030303030303}, "4": {"CPU_usage": 95.85406301824212, "RAM_usage": 61.6329036218539, "execution_time_ms": -203.03030303030303}}, "model report": {"openAI": {"CPU_usage": 95.85406301824212, "RAM_usage": 61.6329036218539, "execution_time_ms": -203.03030303030303}, "claude": {"CPU_usage": 95.85406301824212, "RAM_usage": 61.6329036218539, "execution_time_ms": -203.03030303030303}, "gemini": {"CPU_usage": 95.85406301824212, "RAM_usage": 61.6329036218539, "execution_time_ms": -203.03030303030303}}}}