{"improvements_metadata": {"cluster name": "killer_sudoku_helper", "overall mean improvement": 92.44350751929142, "metric cluster report": {"CPU_usage": {"entry_quantity": 12, "sum": 1159.8991288399818, "mean": 96.65826073666516}, "RAM_usage": {"entry_quantity": 12, "sum": 1121.1769786432162, "mean": 93.43141488693469}, "execution_time_ms": {"entry_quantity": 12, "sum": 1046.8901632112925, "mean": 87.24084693427437}}, "prompt v report": {"1": {"CPU_usage": 93.51062203882013, "RAM_usage": 93.35505653266331, "execution_time_ms": 93.07454786060873}, "2": {"CPU_usage": 97.70747363594681, "RAM_usage": 93.4568676716918, "execution_time_ms": 85.29627995882959}, "3": {"CPU_usage": 97.70747363594681, "RAM_usage": 93.4568676716918, "execution_time_ms": 85.29627995882959}, "4": {"CPU_usage": 97.70747363594681, "RAM_usage": 93.4568676716918, "execution_time_ms": 85.29627995882959}}, "model report": {"openAI": {"CPU_usage": 96.5772581384686, "RAM_usage": 93.43792530360135, "execution_time_ms": 87.29083958241435}, "claude": {"CPU_usage": 96.64374140302614, "RAM_usage": 93.42582050879396, "execution_time_ms": 87.1871783561241}, "gemini": {"CPU_usage": 96.75378266850069, "RAM_usage": 93.4304988484087, "execution_time_ms": 87.24452286428466}}}}