{"improvements_metadata": {"cluster name": "kindergarten_garden", "overall mean improvement": 83.78243334918588, "metric cluster report": {"CPU_usage": {"entry_quantity": 72, "sum": 6994.263892107734, "mean": 97.14255405705187}, "RAM_usage": {"entry_quantity": 72, "sum": 6637.349679093368, "mean": 92.1854122096301}, "execution_time_ms": {"entry_quantity": 72, "sum": 4465.392032223048, "mean": 62.01933378087566}}, "prompt v report": {"1": {"CPU_usage": 97.14255405705188, "RAM_usage": 92.18541220963009, "execution_time_ms": 62.01933378087564}, "2": {"CPU_usage": 97.14255405705188, "RAM_usage": 92.18541220963009, "execution_time_ms": 62.01933378087564}, "3": {"CPU_usage": 97.14255405705188, "RAM_usage": 92.18541220963009, "execution_time_ms": 62.01933378087564}, "4": {"CPU_usage": 97.14255405705188, "RAM_usage": 92.18541220963009, "execution_time_ms": 62.01933378087564}}, "model report": {"openAI": {"CPU_usage": 97.14255405705188, "RAM_usage": 92.18541220963009, "execution_time_ms": 62.019333780875655}, "claude": {"CPU_usage": 97.14255405705188, "RAM_usage": 92.18541220963009, "execution_time_ms": 62.019333780875655}, "gemini": {"CPU_usage": 97.14255405705188, "RAM_usage": 92.18541220963009, "execution_time_ms": 62.019333780875655}}}}