{"improvements_metadata": {"cluster name": "knapsack", "overall mean improvement": 98.53818255213919, "metric cluster report": {"CPU_usage": {"entry_quantity": 24, "sum": 2356.219266633827, "mean": 98.17580277640945}, "RAM_usage": {"entry_quantity": 24, "sum": 2363.932136498267, "mean": 98.49717235409446}, "execution_time_ms": {"entry_quantity": 24, "sum": 2374.5977406219286, "mean": 98.94157252591368}}, "prompt v report": {"1": {"CPU_usage": 98.17580277640944, "RAM_usage": 98.49717235409447, "execution_time_ms": 98.94157252591371}, "2": {"CPU_usage": 98.17580277640944, "RAM_usage": 98.49717235409447, "execution_time_ms": 98.94157252591371}, "3": {"CPU_usage": 98.17580277640944, "RAM_usage": 98.49717235409447, "execution_time_ms": 98.94157252591371}, "4": {"CPU_usage": 98.17580277640944, "RAM_usage": 98.49717235409447, "execution_time_ms": 98.94157252591371}}, "model report": {"openAI": {"CPU_usage": 98.17580277640945, "RAM_usage": 98.49717235409449, "execution_time_ms": 98.94157252591371}, "claude": {"CPU_usage": 98.17580277640945, "RAM_usage": 98.49717235409449, "execution_time_ms": 98.94157252591371}, "gemini": {"CPU_usage": 98.17580277640945, "RAM_usage": 98.49717235409449, "execution_time_ms": 98.94157252591371}}}}