{"improvements_metadata": {"cluster name": "kth_smallest", "overall mean improvement": 4.054226298050689, "metric cluster report": {"CPU_usage": {"entry_quantity": 11, "sum": 1048.976897689769, "mean": 95.36153615361536}, "RAM_usage": {"entry_quantity": 11, "sum": 739.358024691358, "mean": 67.21436588103255}, "execution_time_ms": {"entry_quantity": 11, "sum": -1654.5454545454545, "mean": -150.41322314049586}}, "prompt v report": {"1": {"CPU_usage": 93.05280528052806, "RAM_usage": 93.29012345679013, "execution_time_ms": 86.36363636363636}, "2": {"CPU_usage": 95.87458745874589, "RAM_usage": 61.419753086419746, "execution_time_ms": -203.03030303030303}, "3": {"CPU_usage": 95.87458745874589, "RAM_usage": 61.419753086419746, "execution_time_ms": -203.03030303030303}, "4": {"CPU_usage": 95.87458745874589, "RAM_usage": 61.419753086419746, "execution_time_ms": -203.03030303030303}}, "model report": {"openAI": {"CPU_usage": 95.15676567656766, "RAM_usage": 69.3858024691358, "execution_time_ms": -130.9090909090909}, "claude": {"CPU_usage": 95.18151815181517, "RAM_usage": 69.38888888888889, "execution_time_ms": -130.45454545454547}, "gemini": {"CPU_usage": 95.87458745874589, "RAM_usage": 61.419753086419746, "execution_time_ms": -203.03030303030303}}}}