{"improvements_metadata": {"cluster name": "largest_series_product", "overall mean improvement": 97.14288944028955, "metric cluster report": {"CPU_usage": {"entry_quantity": 48, "sum": 4557.607565201083, "mean": 94.9501576083559}, "RAM_usage": {"entry_quantity": 48, "sum": 4684.263821928857, "mean": 97.58882962351787}, "execution_time_ms": {"entry_quantity": 48, "sum": 4746.7046922717545, "mean": 98.88968108899489}}, "prompt v report": {"1": {"CPU_usage": 94.95015760835592, "RAM_usage": 97.5888296235179, "execution_time_ms": 98.88968108899486}, "2": {"CPU_usage": 94.95015760835592, "RAM_usage": 97.5888296235179, "execution_time_ms": 98.88968108899486}, "3": {"CPU_usage": 94.95015760835592, "RAM_usage": 97.5888296235179, "execution_time_ms": 98.88968108899486}, "4": {"CPU_usage": 94.95015760835592, "RAM_usage": 97.5888296235179, "execution_time_ms": 98.88968108899486}}, "model report": {"openAI": {"CPU_usage": 94.9501576083559, "RAM_usage": 97.5888296235179, "execution_time_ms": 98.88968108899488}, "claude": {"CPU_usage": 94.9501576083559, "RAM_usage": 97.5888296235179, "execution_time_ms": 98.88968108899488}, "gemini": {"CPU_usage": 94.9501576083559, "RAM_usage": 97.5888296235179, "execution_time_ms": 98.88968108899488}}}}