{"improvements_metadata": {"cluster name": "largest_series_product_calculator", "overall mean improvement": 81.24888513043165, "metric cluster report": {"CPU_usage": {"entry_quantity": 36, "sum": 3386.7046782029824, "mean": 94.07512995008284}, "RAM_usage": {"entry_quantity": 36, "sum": 3246.6170306422136, "mean": 90.18380640672815}, "execution_time_ms": {"entry_quantity": 36, "sum": 2141.557885241422, "mean": 59.487719034483945}}, "prompt v report": {"1": {"CPU_usage": 94.07512995008284, "RAM_usage": 90.18380640672817, "execution_time_ms": 59.48771903448393}, "2": {"CPU_usage": 94.07512995008284, "RAM_usage": 90.18380640672817, "execution_time_ms": 59.48771903448393}, "3": {"CPU_usage": 94.07512995008284, "RAM_usage": 90.18380640672817, "execution_time_ms": 59.48771903448393}, "4": {"CPU_usage": 94.07512995008284, "RAM_usage": 90.18380640672817, "execution_time_ms": 59.48771903448393}}, "model report": {"openAI": {"CPU_usage": 94.07512995008283, "RAM_usage": 90.18380640672815, "execution_time_ms": 59.48771903448394}, "claude": {"CPU_usage": 94.07512995008283, "RAM_usage": 90.18380640672815, "execution_time_ms": 59.48771903448394}, "gemini": {"CPU_usage": 94.07512995008283, "RAM_usage": 90.18380640672815, "execution_time_ms": 59.48771903448394}}}}