{"improvements_metadata": {"cluster name": "lasagna", "overall mean improvement": 94.02583993006209, "metric cluster report": {"CPU_usage": {"entry_quantity": 48, "sum": 4474.074099114171, "mean": 93.20987706487857}, "RAM_usage": {"entry_quantity": 48, "sum": 4596.6570593563665, "mean": 95.76368873659096}, "execution_time_ms": {"entry_quantity": 48, "sum": 4468.989791458404, "mean": 93.10395398871675}}, "prompt v report": {"1": {"CPU_usage": 93.31924159267771, "RAM_usage": 93.38810676551601, "execution_time_ms": 93.26559850698008}, "2": {"CPU_usage": 93.17342222227883, "RAM_usage": 96.55554939361588, "execution_time_ms": 93.05007248262895}, "3": {"CPU_usage": 93.17342222227883, "RAM_usage": 96.55554939361588, "execution_time_ms": 93.05007248262895}, "4": {"CPU_usage": 93.17342222227883, "RAM_usage": 96.55554939361588, "execution_time_ms": 93.05007248262895}}, "model report": {"openAI": {"CPU_usage": 93.17747739659137, "RAM_usage": 95.76087166264425, "execution_time_ms": 93.10987625751254}, "claude": {"CPU_usage": 93.21876123978019, "RAM_usage": 95.76659612494512, "execution_time_ms": 93.09770100510191}, "gemini": {"CPU_usage": 93.2333925582641, "RAM_usage": 95.76359842218338, "execution_time_ms": 93.10428470353578}}}}