{"improvements_metadata": {"cluster name": "lasagna_master", "overall mean improvement": 88.8513116998339, "metric cluster report": {"CPU_usage": {"entry_quantity": 48, "sum": 4406.364837033254, "mean": 91.79926743819279}, "RAM_usage": {"entry_quantity": 48, "sum": 4481.843705229362, "mean": 93.37174385894504}, "execution_time_ms": {"entry_quantity": 48, "sum": 3906.3803425134656, "mean": 81.38292380236386}}, "prompt v report": {"1": {"CPU_usage": 91.79926743819276, "RAM_usage": 93.37174385894501, "execution_time_ms": 81.38292380236389}, "2": {"CPU_usage": 91.79926743819276, "RAM_usage": 93.37174385894501, "execution_time_ms": 81.38292380236389}, "3": {"CPU_usage": 91.79926743819276, "RAM_usage": 93.37174385894501, "execution_time_ms": 81.38292380236389}, "4": {"CPU_usage": 91.79926743819276, "RAM_usage": 93.37174385894501, "execution_time_ms": 81.38292380236389}}, "model report": {"openAI": {"CPU_usage": 91.79926743819274, "RAM_usage": 93.37174385894501, "execution_time_ms": 81.38292380236388}, "claude": {"CPU_usage": 91.79926743819274, "RAM_usage": 93.37174385894501, "execution_time_ms": 81.38292380236388}, "gemini": {"CPU_usage": 91.79926743819274, "RAM_usage": 93.37174385894501, "execution_time_ms": 81.38292380236388}}}}