{"improvements_metadata": {"cluster name": "leap", "overall mean improvement": 93.10654435753138, "metric cluster report": {"CPU_usage": {"entry_quantity": 393, "sum": 36156.18092008901, "mean": 92.0004603564606}, "RAM_usage": {"entry_quantity": 393, "sum": 36559.256288877965, "mean": 93.0260974271704}, "execution_time_ms": {"entry_quantity": 285, "sum": 26873.526457354492, "mean": 94.29307528896312}}, "prompt v report": {"1": {"CPU_usage": 92.13207373890484, "RAM_usage": 93.07369572831504, "execution_time_ms": 94.27775873311481}, "2": {"CPU_usage": 91.07262992735247, "RAM_usage": 92.66615550100072, "execution_time_ms": 94.26596753899086}, "3": {"CPU_usage": 92.14979651439593, "RAM_usage": 93.06520873378025, "execution_time_ms": 94.41251128811113}, "4": {"CPU_usage": 92.66755627296165, "RAM_usage": 93.30786825553598, "execution_time_ms": 94.21271526114292}}, "model report": {"openAI": {"CPU_usage": 92.34466500670466, "RAM_usage": 93.0202440220714, "execution_time_ms": 94.157928509051}, "claude": {"CPU_usage": 91.90697062546184, "RAM_usage": 93.02575410668975, "execution_time_ms": 94.29916866332591}, "gemini": {"CPU_usage": 91.74974543721505, "RAM_usage": 93.03229415275024, "execution_time_ms": 94.42212869451232}}}}