{"improvements_metadata": {"cluster name": "ledger", "overall mean improvement": 97.00010464731076, "metric cluster report": {"CPU_usage": {"entry_quantity": 36, "sum": 3403.4929818922114, "mean": 94.5414717192281}, "RAM_usage": {"entry_quantity": 36, "sum": 3513.624458079132, "mean": 97.600679391087}, "execution_time_ms": {"entry_quantity": 36, "sum": 3558.8938619382193, "mean": 98.85816283161721}}, "prompt v report": {"1": {"CPU_usage": 94.5414717192281, "RAM_usage": 97.60067939108706, "execution_time_ms": 98.8581628316172}, "2": {"CPU_usage": 94.5414717192281, "RAM_usage": 97.60067939108706, "execution_time_ms": 98.8581628316172}, "3": {"CPU_usage": 94.5414717192281, "RAM_usage": 97.60067939108706, "execution_time_ms": 98.8581628316172}, "4": {"CPU_usage": 94.5414717192281, "RAM_usage": 97.60067939108706, "execution_time_ms": 98.8581628316172}}, "model report": {"openAI": {"CPU_usage": 94.54147171922808, "RAM_usage": 97.60067939108706, "execution_time_ms": 98.85816283161718}, "claude": {"CPU_usage": 94.54147171922808, "RAM_usage": 97.60067939108706, "execution_time_ms": 98.85816283161718}, "gemini": {"CPU_usage": 94.54147171922808, "RAM_usage": 97.60067939108706, "execution_time_ms": 98.85816283161718}}}}