{"improvements_metadata": {"cluster name": "linked_list", "overall mean improvement": 91.9861154596374, "metric cluster report": {"CPU_usage": {"entry_quantity": 192, "sum": 17887.510971657142, "mean": 93.16411964404762}, "RAM_usage": {"entry_quantity": 192, "sum": 18368.000497843736, "mean": 95.66666925960278}, "execution_time_ms": {"entry_quantity": 192, "sum": 16728.49103525027, "mean": 87.12755747526182}}, "prompt v report": {"1": {"CPU_usage": 93.16411964404762, "RAM_usage": 95.66666925960283, "execution_time_ms": 87.12755747526172}, "2": {"CPU_usage": 93.16411964404762, "RAM_usage": 95.66666925960283, "execution_time_ms": 87.12755747526172}, "3": {"CPU_usage": 93.16411964404762, "RAM_usage": 95.66666925960283, "execution_time_ms": 87.12755747526172}, "4": {"CPU_usage": 93.16411964404762, "RAM_usage": 95.66666925960283, "execution_time_ms": 87.12755747526172}}, "model report": {"openAI": {"CPU_usage": 93.16411964404757, "RAM_usage": 95.66666925960281, "execution_time_ms": 87.12755747526174}, "claude": {"CPU_usage": 93.16411964404757, "RAM_usage": 95.66666925960281, "execution_time_ms": 87.12755747526174}, "gemini": {"CPU_usage": 93.16411964404757, "RAM_usage": 95.66666925960281, "execution_time_ms": 87.12755747526174}}}}