{"improvements_metadata": {"cluster name": "list_ops", "overall mean improvement": 94.20513148329474, "metric cluster report": {"CPU_usage": {"entry_quantity": 36, "sum": 3381.9323268282274, "mean": 93.94256463411743}, "RAM_usage": {"entry_quantity": 36, "sum": 3437.0550262912366, "mean": 95.47375073031213}, "execution_time_ms": {"entry_quantity": 36, "sum": 3355.166847076367, "mean": 93.19907908545464}}, "prompt v report": {"1": {"CPU_usage": 93.0128289471897, "RAM_usage": 93.33120763663118, "execution_time_ms": 93.47525184326722}, "2": {"CPU_usage": 94.25247652975997, "RAM_usage": 96.18793176153909, "execution_time_ms": 93.10702149951716}, "3": {"CPU_usage": 94.25247652975997, "RAM_usage": 96.18793176153909, "execution_time_ms": 93.10702149951716}, "4": {"CPU_usage": 94.25247652975997, "RAM_usage": 96.18793176153909, "execution_time_ms": 93.10702149951716}}, "model report": {"openAI": {"CPU_usage": 94.00083348770808, "RAM_usage": 95.46800827378092, "execution_time_ms": 93.14644429787575}, "claude": {"CPU_usage": 93.97535513883133, "RAM_usage": 95.46925050506168, "execution_time_ms": 93.2396114404661}, "gemini": {"CPU_usage": 93.85150527581288, "RAM_usage": 95.48399341209377, "execution_time_ms": 93.21118151802216}}}}