{"improvements_metadata": {"cluster name": "little_sisters_vocab", "overall mean improvement": -25.2725022169672, "metric cluster report": {"CPU_usage": {"entry_quantity": 12, "sum": 1149.748743718593, "mean": 95.81239530988275}, "RAM_usage": {"entry_quantity": 12, "sum": 740.4411764705883, "mean": 61.703431372549026}, "execution_time_ms": {"entry_quantity": 12, "sum": -2800.0000000000005, "mean": -233.33333333333337}}, "prompt v report": {"1": {"CPU_usage": 95.81239530988275, "RAM_usage": 61.703431372549026, "execution_time_ms": -233.33333333333334}, "2": {"CPU_usage": 95.81239530988275, "RAM_usage": 61.703431372549026, "execution_time_ms": -233.33333333333334}, "3": {"CPU_usage": 95.81239530988275, "RAM_usage": 61.703431372549026, "execution_time_ms": -233.33333333333334}, "4": {"CPU_usage": 95.81239530988275, "RAM_usage": 61.703431372549026, "execution_time_ms": -233.33333333333334}}, "model report": {"openAI": {"CPU_usage": 95.81239530988275, "RAM_usage": 61.70343137254902, "execution_time_ms": -233.33333333333334}, "claude": {"CPU_usage": 95.81239530988275, "RAM_usage": 61.70343137254902, "execution_time_ms": -233.33333333333334}, "gemini": {"CPU_usage": 95.81239530988275, "RAM_usage": 61.70343137254902, "execution_time_ms": -233.33333333333334}}}}