{"improvements_metadata": {"cluster name": "log_levels_alt", "overall mean improvement": 92.56990569794506, "metric cluster report": {"CPU_usage": {"entry_quantity": 12, "sum": 1171.7114568599716, "mean": 97.64262140499763}, "RAM_usage": {"entry_quantity": 12, "sum": 1121.4477185471753, "mean": 93.45397654559794}, "execution_time_ms": {"entry_quantity": 12, "sum": 1039.3574297188754, "mean": 86.61311914323962}}, "prompt v report": {"1": {"CPU_usage": 97.64262140499766, "RAM_usage": 93.45397654559797, "execution_time_ms": 86.61311914323964}, "2": {"CPU_usage": 97.64262140499766, "RAM_usage": 93.45397654559797, "execution_time_ms": 86.61311914323964}, "3": {"CPU_usage": 97.64262140499766, "RAM_usage": 93.45397654559797, "execution_time_ms": 86.61311914323964}, "4": {"CPU_usage": 97.64262140499766, "RAM_usage": 93.45397654559797, "execution_time_ms": 86.61311914323964}}, "model report": {"openAI": {"CPU_usage": 97.64262140499764, "RAM_usage": 93.45397654559797, "execution_time_ms": 86.61311914323963}, "claude": {"CPU_usage": 97.64262140499764, "RAM_usage": 93.45397654559797, "execution_time_ms": 86.61311914323963}, "gemini": {"CPU_usage": 97.64262140499764, "RAM_usage": 93.45397654559797, "execution_time_ms": 86.61311914323963}}}}