{"improvements_metadata": {"cluster name": "log_levels", "overall mean improvement": 88.67024666030444, "metric cluster report": {"CPU_usage": {"entry_quantity": 24, "sum": 2275.661453242099, "mean": 94.81922721842079}, "RAM_usage": {"entry_quantity": 24, "sum": 2210.8637789206805, "mean": 92.11932412169502}, "execution_time_ms": {"entry_quantity": 24, "sum": 1897.732527379141, "mean": 79.07218864079753}}, "prompt v report": {"1": {"CPU_usage": 91.82484480871578, "RAM_usage": 93.31200644902442, "execution_time_ms": 93.59456483499413}, "2": {"CPU_usage": 95.81735468832242, "RAM_usage": 91.72176334591848, "execution_time_ms": 74.23139657606536}, "3": {"CPU_usage": 95.81735468832242, "RAM_usage": 91.72176334591848, "execution_time_ms": 74.23139657606536}, "4": {"CPU_usage": 95.81735468832242, "RAM_usage": 91.72176334591848, "execution_time_ms": 74.23139657606536}}, "model report": {"openAI": {"CPU_usage": 94.77896207734918, "RAM_usage": 92.11206411952347, "execution_time_ms": 79.23544005373029}, "claude": {"CPU_usage": 95.09383537609344, "RAM_usage": 92.11145007946314, "execution_time_ms": 78.90966596762478}, "gemini": {"CPU_usage": 94.58488420181968, "RAM_usage": 92.13445816609827, "execution_time_ms": 79.0714599010376}}}}