{"improvements_metadata": {"cluster name": "logs_logs_logs", "overall mean improvement": 97.64234306286555, "metric cluster report": {"CPU_usage": {"entry_quantity": 24, "sum": 2317.525773195877, "mean": 96.56357388316154}, "RAM_usage": {"entry_quantity": 24, "sum": 2340.9570799755993, "mean": 97.53987833231663}, "execution_time_ms": {"entry_quantity": 24, "sum": 2371.7658473548436, "mean": 98.82357697311848}}, "prompt v report": {"1": {"CPU_usage": 96.56357388316151, "RAM_usage": 97.5398783323166, "execution_time_ms": 98.82357697311845}, "2": {"CPU_usage": 96.56357388316151, "RAM_usage": 97.5398783323166, "execution_time_ms": 98.82357697311845}, "3": {"CPU_usage": 96.56357388316151, "RAM_usage": 97.5398783323166, "execution_time_ms": 98.82357697311845}, "4": {"CPU_usage": 96.56357388316151, "RAM_usage": 97.5398783323166, "execution_time_ms": 98.82357697311845}}, "model report": {"openAI": {"CPU_usage": 96.56357388316152, "RAM_usage": 97.53987833231659, "execution_time_ms": 98.82357697311846}, "claude": {"CPU_usage": 96.56357388316152, "RAM_usage": 97.53987833231659, "execution_time_ms": 98.82357697311846}, "gemini": {"CPU_usage": 96.56357388316152, "RAM_usage": 97.53987833231659, "execution_time_ms": 98.82357697311846}}}}