{"improvements_metadata": {"cluster name": "longest_common_subsequence", "overall mean improvement": -25.215728901475085, "metric cluster report": {"CPU_usage": {"entry_quantity": 12, "sum": 1153.4883720930231, "mean": 96.12403100775192}, "RAM_usage": {"entry_quantity": 12, "sum": 738.7453874538743, "mean": 61.56211562115619}, "execution_time_ms": {"entry_quantity": 12, "sum": -2800.0000000000005, "mean": -233.33333333333337}}, "prompt v report": {"1": {"CPU_usage": 96.12403100775195, "RAM_usage": 61.56211562115621, "execution_time_ms": -233.33333333333334}, "2": {"CPU_usage": 96.12403100775195, "RAM_usage": 61.56211562115621, "execution_time_ms": -233.33333333333334}, "3": {"CPU_usage": 96.12403100775195, "RAM_usage": 61.56211562115621, "execution_time_ms": -233.33333333333334}, "4": {"CPU_usage": 96.12403100775195, "RAM_usage": 61.56211562115621, "execution_time_ms": -233.33333333333334}}, "model report": {"openAI": {"CPU_usage": 96.12403100775194, "RAM_usage": 61.56211562115621, "execution_time_ms": -233.33333333333334}, "claude": {"CPU_usage": 96.12403100775194, "RAM_usage": 61.56211562115621, "execution_time_ms": -233.33333333333334}, "gemini": {"CPU_usage": 96.12403100775194, "RAM_usage": 61.56211562115621, "execution_time_ms": -233.33333333333334}}}}