{"improvements_metadata": {"cluster name": "longest_substring_without_repeating_characters", "overall mean improvement": -7.408135968614592, "metric cluster report": {"CPU_usage": {"entry_quantity": 24, "sum": 2252.39852398524, "mean": 93.849938499385}, "RAM_usage": {"entry_quantity": 24, "sum": 1480.8823529411761, "mean": 61.703431372549005}, "execution_time_ms": {"entry_quantity": 24, "sum": -4266.666666666667, "mean": -177.7777777777778}}, "prompt v report": {"1": {"CPU_usage": 93.84993849938498, "RAM_usage": 61.70343137254901, "execution_time_ms": -177.7777777777778}, "2": {"CPU_usage": 93.84993849938498, "RAM_usage": 61.70343137254901, "execution_time_ms": -177.7777777777778}, "3": {"CPU_usage": 93.84993849938498, "RAM_usage": 61.70343137254901, "execution_time_ms": -177.7777777777778}, "4": {"CPU_usage": 93.84993849938498, "RAM_usage": 61.70343137254901, "execution_time_ms": -177.7777777777778}}, "model report": {"openAI": {"CPU_usage": 93.84993849938498, "RAM_usage": 61.70343137254901, "execution_time_ms": -177.7777777777778}, "claude": {"CPU_usage": 93.84993849938498, "RAM_usage": 61.70343137254901, "execution_time_ms": -177.7777777777778}, "gemini": {"CPU_usage": 93.84993849938498, "RAM_usage": 61.70343137254901, "execution_time_ms": -177.7777777777778}}}}