{"improvements_metadata": {"cluster name": "longest_repeating_character_replacement", "overall mean improvement": 4.384067982634359, "metric cluster report": {"CPU_usage": {"entry_quantity": 12, "sum": 1147.0007593014427, "mean": 95.58339660845355}, "RAM_usage": {"entry_quantity": 12, "sum": 836.1590214067278, "mean": 69.67991845056065}, "execution_time_ms": {"entry_quantity": 12, "sum": -1825.3333333333333, "mean": -152.11111111111111}}, "prompt v report": {"1": {"CPU_usage": 93.72310807390534, "RAM_usage": 93.39857288481141, "execution_time_ms": 91.55555555555554}, "2": {"CPU_usage": 96.20349278663629, "RAM_usage": 61.773700305810394, "execution_time_ms": -233.33333333333334}, "3": {"CPU_usage": 96.20349278663629, "RAM_usage": 61.773700305810394, "execution_time_ms": -233.33333333333334}, "4": {"CPU_usage": 96.20349278663629, "RAM_usage": 61.773700305810394, "execution_time_ms": -233.33333333333334}}, "model report": {"openAI": {"CPU_usage": 95.57706909643127, "RAM_usage": 69.6788990825688, "execution_time_ms": -152.0}, "claude": {"CPU_usage": 95.55808656036446, "RAM_usage": 69.68195718654434, "execution_time_ms": -152.16666666666669}, "gemini": {"CPU_usage": 95.6150341685649, "RAM_usage": 69.6788990825688, "execution_time_ms": -152.16666666666669}}}}