{"improvements_metadata": {"cluster name": "longest_palindromic_substring", "overall mean improvement": 11.670875003185833, "metric cluster report": {"CPU_usage": {"entry_quantity": 12, "sum": 1144.3357783211086, "mean": 95.36131486009238}, "RAM_usage": {"entry_quantity": 12, "sum": 833.9975399753995, "mean": 69.49979499794996}, "execution_time_ms": {"entry_quantity": 12, "sum": -1558.181818181818, "mean": -129.84848484848484}}, "prompt v report": {"1": {"CPU_usage": 93.67019831567511, "RAM_usage": 93.31283312833129, "execution_time_ms": 89.6969696969697}, "2": {"CPU_usage": 95.92502037489812, "RAM_usage": 61.56211562115621, "execution_time_ms": -203.03030303030303}, "3": {"CPU_usage": 95.92502037489812, "RAM_usage": 61.56211562115621, "execution_time_ms": -203.03030303030303}, "4": {"CPU_usage": 95.92502037489812, "RAM_usage": 61.56211562115621, "execution_time_ms": -203.03030303030303}}, "model report": {"openAI": {"CPU_usage": 95.47269763651181, "RAM_usage": 69.50184501845018, "execution_time_ms": -129.0909090909091}, "claude": {"CPU_usage": 95.28932355338223, "RAM_usage": 69.49876998769987, "execution_time_ms": -130.45454545454547}, "gemini": {"CPU_usage": 95.32192339038305, "RAM_usage": 69.49876998769987, "execution_time_ms": -130.0}}}}