{"improvements_metadata": {"cluster name": "longest_increasing_subarray", "overall mean improvement": -25.240221596528773, "metric cluster report": {"CPU_usage": {"entry_quantity": 12, "sum": 1152.6066350710903, "mean": 96.05055292259085}, "RAM_usage": {"entry_quantity": 12, "sum": 738.7453874538743, "mean": 61.56211562115619}, "execution_time_ms": {"entry_quantity": 12, "sum": -2800.0000000000005, "mean": -233.33333333333337}}, "prompt v report": {"1": {"CPU_usage": 96.05055292259084, "RAM_usage": 61.56211562115621, "execution_time_ms": -233.33333333333334}, "2": {"CPU_usage": 96.05055292259084, "RAM_usage": 61.56211562115621, "execution_time_ms": -233.33333333333334}, "3": {"CPU_usage": 96.05055292259084, "RAM_usage": 61.56211562115621, "execution_time_ms": -233.33333333333334}, "4": {"CPU_usage": 96.05055292259084, "RAM_usage": 61.56211562115621, "execution_time_ms": -233.33333333333334}}, "model report": {"openAI": {"CPU_usage": 96.05055292259084, "RAM_usage": 61.56211562115621, "execution_time_ms": -233.33333333333334}, "claude": {"CPU_usage": 96.05055292259084, "RAM_usage": 61.56211562115621, "execution_time_ms": -233.33333333333334}, "gemini": {"CPU_usage": 96.05055292259084, "RAM_usage": 61.56211562115621, "execution_time_ms": -233.33333333333334}}}}