{"improvements_metadata": {"cluster name": "longest_consecutive_sequence", "overall mean improvement": -24.98535919257019, "metric cluster report": {"CPU_usage": {"entry_quantity": 12, "sum": 1152.6066350710903, "mean": 96.05055292259085}, "RAM_usage": {"entry_quantity": 12, "sum": 747.9204339963834, "mean": 62.32670283303195}, "execution_time_ms": {"entry_quantity": 12, "sum": -2800.0000000000005, "mean": -233.33333333333337}}, "prompt v report": {"1": {"CPU_usage": 96.05055292259084, "RAM_usage": 62.32670283303194, "execution_time_ms": -233.33333333333334}, "2": {"CPU_usage": 96.05055292259084, "RAM_usage": 62.32670283303194, "execution_time_ms": -233.33333333333334}, "3": {"CPU_usage": 96.05055292259084, "RAM_usage": 62.32670283303194, "execution_time_ms": -233.33333333333334}, "4": {"CPU_usage": 96.05055292259084, "RAM_usage": 62.32670283303194, "execution_time_ms": -233.33333333333334}}, "model report": {"openAI": {"CPU_usage": 96.05055292259084, "RAM_usage": 62.326702833031945, "execution_time_ms": -233.33333333333334}, "claude": {"CPU_usage": 96.05055292259084, "RAM_usage": 62.326702833031945, "execution_time_ms": -233.33333333333334}, "gemini": {"CPU_usage": 96.05055292259084, "RAM_usage": 62.326702833031945, "execution_time_ms": -233.33333333333334}}}}