{"improvements_metadata": {"cluster name": "lucky_numbers", "overall mean improvement": 89.40834388371358, "metric cluster report": {"CPU_usage": {"entry_quantity": 12, "sum": 1132.3333333333333, "mean": 94.3611111111111}, "RAM_usage": {"entry_quantity": 12, "sum": 1120.938475051784, "mean": 93.41153958764868}, "execution_time_ms": {"entry_quantity": 12, "sum": 965.4285714285712, "mean": 80.45238095238093}}, "prompt v report": {"1": {"CPU_usage": 93.06944444444446, "RAM_usage": 93.31106828530726, "execution_time_ms": 93.23809523809524}, "2": {"CPU_usage": 94.79166666666667, "RAM_usage": 93.44503002176252, "execution_time_ms": 76.19047619047619}, "3": {"CPU_usage": 94.79166666666667, "RAM_usage": 93.44503002176252, "execution_time_ms": 76.19047619047619}, "4": {"CPU_usage": 94.79166666666667, "RAM_usage": 93.44503002176252, "execution_time_ms": 76.19047619047619}}, "model report": {"openAI": {"CPU_usage": 94.40104166666666, "RAM_usage": 93.41733527360444, "execution_time_ms": 80.46428571428572}, "claude": {"CPU_usage": 94.30208333333331, "RAM_usage": 93.40473334382128, "execution_time_ms": 80.48809523809524}, "gemini": {"CPU_usage": 94.38020833333331, "RAM_usage": 93.41255014552033, "execution_time_ms": 80.40476190476191}}}}