{"improvements_metadata": {"cluster name": "luhn_validator", "overall mean improvement": 92.54146110829208, "metric cluster report": {"CPU_usage": {"entry_quantity": 24, "sum": 2292.9073956346692, "mean": 95.53780815144455}, "RAM_usage": {"entry_quantity": 24, "sum": 2241.0458176303728, "mean": 93.3769090679322}, "execution_time_ms": {"entry_quantity": 24, "sum": 2129.031986531987, "mean": 88.70966610549947}}, "prompt v report": {"1": {"CPU_usage": 92.81102735648192, "RAM_usage": 93.34799520185213, "execution_time_ms": 92.93514648399706}, "2": {"CPU_usage": 96.44673508309872, "RAM_usage": 93.38654702329222, "execution_time_ms": 87.30117264600024}, "3": {"CPU_usage": 96.44673508309872, "RAM_usage": 93.38654702329222, "execution_time_ms": 87.30117264600024}, "4": {"CPU_usage": 96.44673508309872, "RAM_usage": 93.38654702329222, "execution_time_ms": 87.30117264600024}}, "model report": {"openAI": {"CPU_usage": 95.67684966548602, "RAM_usage": 93.37781250768137, "execution_time_ms": 88.63473092998956}, "claude": {"CPU_usage": 95.68604123149576, "RAM_usage": 93.38457799718927, "execution_time_ms": 88.67573000116104}, "gemini": {"CPU_usage": 95.25053355735173, "RAM_usage": 93.36833669892596, "execution_time_ms": 88.81853738534772}}}}