{"improvements_metadata": {"cluster name": "luhn", "overall mean improvement": 86.05906952988568, "metric cluster report": {"CPU_usage": {"entry_quantity": 155, "sum": 14578.950097477808, "mean": 94.05774256437296}, "RAM_usage": {"entry_quantity": 155, "sum": 13344.04222756025, "mean": 86.09059501651774}, "execution_time_ms": {"entry_quantity": 143, "sum": 11158.128554253584, "mean": 78.02887100876633}}, "prompt v report": {"1": {"CPU_usage": 92.29279618111269, "RAM_usage": 91.57197069831206, "execution_time_ms": 89.69508811862116}, "2": {"CPU_usage": 94.63097301363707, "RAM_usage": 84.3103191540546, "execution_time_ms": 74.24815250094302}, "3": {"CPU_usage": 94.63097301363707, "RAM_usage": 84.3103191540546, "execution_time_ms": 74.24815250094302}, "4": {"CPU_usage": 94.63097301363707, "RAM_usage": 84.3103191540546, "execution_time_ms": 74.24815250094302}}, "model report": {"openAI": {"CPU_usage": 94.24081926459148, "RAM_usage": 86.15261686603972, "execution_time_ms": 77.9715883900785}, "claude": {"CPU_usage": 94.02813584543263, "RAM_usage": 86.13340784734659, "execution_time_ms": 78.0960200946105}, "gemini": {"CPU_usage": 93.90779328886836, "RAM_usage": 85.98695306404237, "execution_time_ms": 78.0178111537207}}}}