{"improvements_metadata": {"cluster name": "majority_element", "overall mean improvement": -3.6332897315436505, "metric cluster report": {"CPU_usage": {"entry_quantity": 11, "sum": 1052.7803379416284, "mean": 95.70730344923895}, "RAM_usage": {"entry_quantity": 11, "sum": 742.6544342507644, "mean": 67.51403947734222}, "execution_time_ms": {"entry_quantity": 11, "sum": -1915.3333333333333, "mean": -174.12121212121212}}, "prompt v report": {"1": {"CPU_usage": 93.67127496159753, "RAM_usage": 93.34556574923548, "execution_time_ms": 92.33333333333333}, "2": {"CPU_usage": 96.15975422427034, "RAM_usage": 61.773700305810394, "execution_time_ms": -233.33333333333334}, "3": {"CPU_usage": 96.15975422427034, "RAM_usage": 61.773700305810394, "execution_time_ms": -233.33333333333334}, "4": {"CPU_usage": 96.15975422427034, "RAM_usage": 61.773700305810394, "execution_time_ms": -233.33333333333334}}, "model report": {"openAI": {"CPU_usage": 96.15975422427034, "RAM_usage": 61.773700305810394, "execution_time_ms": -233.33333333333334}, "claude": {"CPU_usage": 95.54915514592935, "RAM_usage": 69.66666666666666, "execution_time_ms": -151.83333333333334}, "gemini": {"CPU_usage": 95.52611367127497, "RAM_usage": 69.66666666666666, "execution_time_ms": -152.0}}}}