{"improvements_metadata": {"cluster name": "markdown", "overall mean improvement": 79.86698072729962, "metric cluster report": {"CPU_usage": {"entry_quantity": 59, "sum": 5452.34544919536, "mean": 92.41263473212474}, "RAM_usage": {"entry_quantity": 59, "sum": 5292.159861658789, "mean": 89.69762477387778}, "execution_time_ms": {"entry_quantity": 59, "sum": 3391.9502778778833, "mean": 57.49068267589633}}, "prompt v report": {"1": {"CPU_usage": 89.89180629963501, "RAM_usage": 93.48263475885369, "execution_time_ms": 93.75769701980694}, "2": {"CPU_usage": 93.19689246667713, "RAM_usage": 88.52006611188534, "execution_time_ms": 46.20761154667969}, "3": {"CPU_usage": 93.19689246667713, "RAM_usage": 88.52006611188534, "execution_time_ms": 46.20761154667969}, "4": {"CPU_usage": 93.19689246667713, "RAM_usage": 88.52006611188534, "execution_time_ms": 46.20761154667969}}, "model report": {"openAI": {"CPU_usage": 92.46293137754768, "RAM_usage": 89.76686037793263, "execution_time_ms": 58.08728962633436}, "claude": {"CPU_usage": 92.27235481121447, "RAM_usage": 89.57064233033685, "execution_time_ms": 56.23075307364649}, "gemini": {"CPU_usage": 92.4956040115666, "RAM_usage": 89.74902249118693, "execution_time_ms": 58.09100884759564}}}}