{"improvements_metadata": {"cluster name": "matching_brackets", "overall mean improvement": 83.6871768195259, "metric cluster report": {"CPU_usage": {"entry_quantity": 48, "sum": 4512.982982711414, "mean": 94.02047880648779}, "RAM_usage": {"entry_quantity": 48, "sum": 3092.212685865774, "mean": 64.42109762220362}, "execution_time_ms": {"entry_quantity": 36, "sum": 3334.3183450759057, "mean": 92.61995402988627}}, "prompt v report": {"1": {"CPU_usage": 94.02047880648779, "RAM_usage": 64.4210976222036, "execution_time_ms": 92.61995402988629}, "2": {"CPU_usage": 94.02047880648779, "RAM_usage": 64.4210976222036, "execution_time_ms": 92.61995402988629}, "3": {"CPU_usage": 94.02047880648779, "RAM_usage": 64.4210976222036, "execution_time_ms": 92.61995402988629}, "4": {"CPU_usage": 94.02047880648779, "RAM_usage": 64.4210976222036, "execution_time_ms": 92.61995402988629}}, "model report": {"openAI": {"CPU_usage": 94.02047880648779, "RAM_usage": 64.4210976222036, "execution_time_ms": 92.61995402988629}, "claude": {"CPU_usage": 94.02047880648779, "RAM_usage": 64.4210976222036, "execution_time_ms": 92.61995402988629}, "gemini": {"CPU_usage": 94.02047880648779, "RAM_usage": 64.4210976222036, "execution_time_ms": 92.61995402988629}}}}