{"improvements_metadata": {"cluster name": "matrix", "overall mean improvement": 85.42323005290984, "metric cluster report": {"CPU_usage": {"entry_quantity": 216, "sum": 20054.00679118826, "mean": 92.842624033279}, "RAM_usage": {"entry_quantity": 216, "sum": 20057.193551404667, "mean": 92.85737755279939}, "execution_time_ms": {"entry_quantity": 216, "sum": 15243.052731692656, "mean": 70.56968857265119}}, "prompt v report": {"1": {"CPU_usage": 92.842624033279, "RAM_usage": 92.85737755279932, "execution_time_ms": 70.56968857265117}, "2": {"CPU_usage": 92.842624033279, "RAM_usage": 92.85737755279932, "execution_time_ms": 70.56968857265117}, "3": {"CPU_usage": 92.842624033279, "RAM_usage": 92.85737755279932, "execution_time_ms": 70.56968857265117}, "4": {"CPU_usage": 92.842624033279, "RAM_usage": 92.85737755279932, "execution_time_ms": 70.56968857265117}}, "model report": {"openAI": {"CPU_usage": 92.84262403327901, "RAM_usage": 92.85737755279938, "execution_time_ms": 70.5696885726512}, "claude": {"CPU_usage": 92.84262403327901, "RAM_usage": 92.85737755279938, "execution_time_ms": 70.5696885726512}, "gemini": {"CPU_usage": 92.84262403327901, "RAM_usage": 92.85737755279938, "execution_time_ms": 70.5696885726512}}}}