{"improvements_metadata": {"cluster name": "maximum_depth_of_binary_tree", "overall mean improvement": 23.45988670437201, "metric cluster report": {"CPU_usage": {"entry_quantity": 12, "sum": 1143.046683046683, "mean": 95.25389025389025}, "RAM_usage": {"entry_quantity": 12, "sum": 835.3553921568629, "mean": 69.61294934640524}, "execution_time_ms": {"entry_quantity": 12, "sum": -1133.8461538461536, "mean": -94.48717948717946}}, "prompt v report": {"1": {"CPU_usage": 93.3005733005733, "RAM_usage": 93.34150326797385, "execution_time_ms": 91.28205128205128}, "2": {"CPU_usage": 95.90499590499591, "RAM_usage": 61.703431372549026, "execution_time_ms": -156.4102564102564}, "3": {"CPU_usage": 95.90499590499591, "RAM_usage": 61.703431372549026, "execution_time_ms": -156.4102564102564}, "4": {"CPU_usage": 95.90499590499591, "RAM_usage": 61.703431372549026, "execution_time_ms": -156.4102564102564}}, "model report": {"openAI": {"CPU_usage": 95.28255528255528, "RAM_usage": 69.61397058823529, "execution_time_ms": -94.74358974358974}, "claude": {"CPU_usage": 95.18427518427518, "RAM_usage": 69.61703431372548, "execution_time_ms": -94.23076923076923}, "gemini": {"CPU_usage": 95.2948402948403, "RAM_usage": 69.6078431372549, "execution_time_ms": -94.48717948717949}}}}