{"improvements_metadata": {"cluster name": "meetup", "overall mean improvement": 76.66578250862426, "metric cluster report": {"CPU_usage": {"entry_quantity": 96, "sum": 9001.12588166912, "mean": 93.76172793405334}, "RAM_usage": {"entry_quantity": 96, "sum": 3717.996462699421, "mean": 38.72912981978563}, "execution_time_ms": {"entry_quantity": 36, "sum": 3510.2336317932172, "mean": 97.50648977203382}}, "prompt v report": {"1": {"CPU_usage": 93.53470308312826, "RAM_usage": 93.36068758642129, "execution_time_ms": 93.39864751667717}, "2": {"CPU_usage": 93.83740288436171, "RAM_usage": 20.518610564240397, "execution_time_ms": 98.87577052381936}, "3": {"CPU_usage": 93.83740288436171, "RAM_usage": 20.518610564240397, "execution_time_ms": 98.87577052381936}, "4": {"CPU_usage": 93.83740288436171, "RAM_usage": 20.518610564240397, "execution_time_ms": 98.87577052381936}}, "model report": {"openAI": {"CPU_usage": 93.80042729176596, "RAM_usage": 38.73592295959828, "execution_time_ms": 97.45153679625928}, "claude": {"CPU_usage": 93.8495260890162, "RAM_usage": 38.723580184027824, "execution_time_ms": 97.52483271523158}, "gemini": {"CPU_usage": 93.63523042137791, "RAM_usage": 38.72788631573073, "execution_time_ms": 97.54309980461062}}}}