{"improvements_metadata": {"cluster name": "meetup_schedule", "overall mean improvement": 92.87803280400152, "metric cluster report": {"CPU_usage": {"entry_quantity": 12, "sum": 1173.8903394255874, "mean": 97.82419495213229}, "RAM_usage": {"entry_quantity": 12, "sum": 1121.8100962713188, "mean": 93.48417468927657}, "execution_time_ms": {"entry_quantity": 12, "sum": 1047.9087452471483, "mean": 87.32572877059569}}, "prompt v report": {"1": {"CPU_usage": 97.82419495213229, "RAM_usage": 93.48417468927657, "execution_time_ms": 87.32572877059569}, "2": {"CPU_usage": 97.82419495213229, "RAM_usage": 93.48417468927657, "execution_time_ms": 87.32572877059569}, "3": {"CPU_usage": 97.82419495213229, "RAM_usage": 93.48417468927657, "execution_time_ms": 87.32572877059569}, "4": {"CPU_usage": 97.82419495213229, "RAM_usage": 93.48417468927657, "execution_time_ms": 87.32572877059569}}, "model report": {"openAI": {"CPU_usage": 97.82419495213229, "RAM_usage": 93.48417468927657, "execution_time_ms": 87.32572877059569}, "claude": {"CPU_usage": 97.82419495213229, "RAM_usage": 93.48417468927657, "execution_time_ms": 87.32572877059569}, "gemini": {"CPU_usage": 97.82419495213229, "RAM_usage": 93.48417468927657, "execution_time_ms": 87.32572877059569}}}}