{"improvements_metadata": {"cluster name": "merge_sorted_array", "overall mean improvement": 11.60264746133087, "metric cluster report": {"CPU_usage": {"entry_quantity": 12, "sum": 1141.670843776107, "mean": 95.13923698134225}, "RAM_usage": {"entry_quantity": 12, "sum": 836.0244648318043, "mean": 69.66870540265036}, "execution_time_ms": {"entry_quantity": 12, "sum": -1560.0, "mean": -130.0}}, "prompt v report": {"1": {"CPU_usage": 93.08827624617099, "RAM_usage": 93.35372069317025, "execution_time_ms": 89.09090909090908}, "2": {"CPU_usage": 95.82289055973267, "RAM_usage": 61.773700305810394, "execution_time_ms": -203.03030303030303}, "3": {"CPU_usage": 95.82289055973267, "RAM_usage": 61.773700305810394, "execution_time_ms": -203.03030303030303}, "4": {"CPU_usage": 95.82289055973267, "RAM_usage": 61.773700305810394, "execution_time_ms": -203.03030303030303}}, "model report": {"openAI": {"CPU_usage": 95.18379281537177, "RAM_usage": 69.6697247706422, "execution_time_ms": -130.6060606060606}, "claude": {"CPU_usage": 95.12113617376777, "RAM_usage": 69.6697247706422, "execution_time_ms": -129.54545454545453}, "gemini": {"CPU_usage": 95.11278195488723, "RAM_usage": 69.66666666666666, "execution_time_ms": -129.84848484848484}}}}