{"improvements_metadata": {"cluster name": "meteorology", "overall mean improvement": 97.56761138489014, "metric cluster report": {"CPU_usage": {"entry_quantity": 24, "sum": 2311.698058039522, "mean": 96.32075241831342}, "RAM_usage": {"entry_quantity": 24, "sum": 2341.2958588919164, "mean": 97.55399412049651}, "execution_time_ms": {"entry_quantity": 24, "sum": 2371.874102780652, "mean": 98.8280876158605}}, "prompt v report": {"1": {"CPU_usage": 96.3207524183134, "RAM_usage": 97.5539941204965, "execution_time_ms": 98.82808761586053}, "2": {"CPU_usage": 96.3207524183134, "RAM_usage": 97.5539941204965, "execution_time_ms": 98.82808761586053}, "3": {"CPU_usage": 96.3207524183134, "RAM_usage": 97.5539941204965, "execution_time_ms": 98.82808761586053}, "4": {"CPU_usage": 96.3207524183134, "RAM_usage": 97.5539941204965, "execution_time_ms": 98.82808761586053}}, "model report": {"openAI": {"CPU_usage": 96.32075241831338, "RAM_usage": 97.55399412049648, "execution_time_ms": 98.82808761586053}, "claude": {"CPU_usage": 96.32075241831338, "RAM_usage": 97.55399412049648, "execution_time_ms": 98.82808761586053}, "gemini": {"CPU_usage": 96.32075241831338, "RAM_usage": 97.55399412049648, "execution_time_ms": 98.82808761586053}}}}