{"improvements_metadata": {"cluster name": "min_swaps", "overall mean improvement": -6.764585229309735, "metric cluster report": {"CPU_usage": {"entry_quantity": 12, "sum": 1149.367088607595, "mean": 95.78059071729957}, "RAM_usage": {"entry_quantity": 12, "sum": 740.4411764705883, "mean": 61.703431372549026}, "execution_time_ms": {"entry_quantity": 12, "sum": -2133.3333333333335, "mean": -177.7777777777778}}, "prompt v report": {"1": {"CPU_usage": 95.78059071729957, "RAM_usage": 61.703431372549026, "execution_time_ms": -177.77777777777774}, "2": {"CPU_usage": 95.78059071729957, "RAM_usage": 61.703431372549026, "execution_time_ms": -177.77777777777774}, "3": {"CPU_usage": 95.78059071729957, "RAM_usage": 61.703431372549026, "execution_time_ms": -177.77777777777774}, "4": {"CPU_usage": 95.78059071729957, "RAM_usage": 61.703431372549026, "execution_time_ms": -177.77777777777774}}, "model report": {"openAI": {"CPU_usage": 95.78059071729957, "RAM_usage": 61.70343137254902, "execution_time_ms": -177.77777777777777}, "claude": {"CPU_usage": 95.78059071729957, "RAM_usage": 61.70343137254902, "execution_time_ms": -177.77777777777777}, "gemini": {"CPU_usage": 95.78059071729957, "RAM_usage": 61.70343137254902, "execution_time_ms": -177.77777777777777}}}}