{"improvements_metadata": {"cluster name": "minesweeper_board", "overall mean improvement": 92.1407046153037, "metric cluster report": {"CPU_usage": {"entry_quantity": 12, "sum": 1171.1815561959654, "mean": 97.59846301633046}, "RAM_usage": {"entry_quantity": 12, "sum": 1120.0239928021595, "mean": 93.33533273351328}, "execution_time_ms": {"entry_quantity": 12, "sum": 1025.859817152808, "mean": 85.48831809606735}}, "prompt v report": {"1": {"CPU_usage": 97.59846301633046, "RAM_usage": 93.33533273351328, "execution_time_ms": 85.48831809606735}, "2": {"CPU_usage": 97.59846301633046, "RAM_usage": 93.33533273351328, "execution_time_ms": 85.48831809606735}, "3": {"CPU_usage": 97.59846301633046, "RAM_usage": 93.33533273351328, "execution_time_ms": 85.48831809606735}, "4": {"CPU_usage": 97.59846301633046, "RAM_usage": 93.33533273351328, "execution_time_ms": 85.48831809606735}}, "model report": {"openAI": {"CPU_usage": 97.59846301633046, "RAM_usage": 93.33533273351328, "execution_time_ms": 85.48831809606735}, "claude": {"CPU_usage": 97.59846301633046, "RAM_usage": 93.33533273351328, "execution_time_ms": 85.48831809606735}, "gemini": {"CPU_usage": 97.59846301633046, "RAM_usage": 93.33533273351328, "execution_time_ms": 85.48831809606735}}}}