{"improvements_metadata": {"cluster name": "minesweeper", "overall mean improvement": 97.44009306669132, "metric cluster report": {"CPU_usage": {"entry_quantity": 108, "sum": 10509.500090456468, "mean": 97.31018602274507}, "RAM_usage": {"entry_quantity": 108, "sum": 10626.672198136333, "mean": 98.39511294570679}, "execution_time_ms": {"entry_quantity": 108, "sum": 10434.417865015186, "mean": 96.6149802316221}}, "prompt v report": {"1": {"CPU_usage": 97.31018602274519, "RAM_usage": 98.39511294570684, "execution_time_ms": 96.61498023162203}, "2": {"CPU_usage": 97.31018602274519, "RAM_usage": 98.39511294570684, "execution_time_ms": 96.61498023162203}, "3": {"CPU_usage": 97.31018602274519, "RAM_usage": 98.39511294570684, "execution_time_ms": 96.61498023162203}, "4": {"CPU_usage": 97.31018602274519, "RAM_usage": 98.39511294570684, "execution_time_ms": 96.61498023162203}}, "model report": {"openAI": {"CPU_usage": 97.3101860227452, "RAM_usage": 98.39511294570686, "execution_time_ms": 96.61498023162203}, "claude": {"CPU_usage": 97.3101860227452, "RAM_usage": 98.39511294570686, "execution_time_ms": 96.61498023162203}, "gemini": {"CPU_usage": 97.3101860227452, "RAM_usage": 98.39511294570686, "execution_time_ms": 96.61498023162203}}}}