{"improvements_metadata": {"cluster name": "minimum_size_subarray_sum", "overall mean improvement": 23.284100687251865, "metric cluster report": {"CPU_usage": {"entry_quantity": 12, "sum": 1132.0980392156864, "mean": 94.34150326797386}, "RAM_usage": {"entry_quantity": 12, "sum": 833.3090727048677, "mean": 69.44242272540565}, "execution_time_ms": {"entry_quantity": 12, "sum": -1127.179487179487, "mean": -93.93162393162392}}, "prompt v report": {"1": {"CPU_usage": 92.07189542483661, "RAM_usage": 93.29649311973712, "execution_time_ms": 93.5042735042735}, "2": {"CPU_usage": 95.09803921568626, "RAM_usage": 61.49106592729513, "execution_time_ms": -156.4102564102564}, "3": {"CPU_usage": 95.09803921568626, "RAM_usage": 61.49106592729513, "execution_time_ms": -156.4102564102564}, "4": {"CPU_usage": 95.09803921568626, "RAM_usage": 61.49106592729513, "execution_time_ms": -156.4102564102564}}, "model report": {"openAI": {"CPU_usage": 94.37745098039215, "RAM_usage": 69.44864833641405, "execution_time_ms": -94.1025641025641}, "claude": {"CPU_usage": 94.37254901960785, "RAM_usage": 69.43930991990142, "execution_time_ms": -93.71794871794872}, "gemini": {"CPU_usage": 94.27450980392157, "RAM_usage": 69.43930991990142, "execution_time_ms": -93.97435897435898}}}}