{"improvements_metadata": {"cluster name": "minimum_window_substring", "overall mean improvement": 4.264469679800158, "metric cluster report": {"CPU_usage": {"entry_quantity": 12, "sum": 1144.8247758761208, "mean": 95.4020646563434}, "RAM_usage": {"entry_quantity": 12, "sum": 834.6961325966848, "mean": 69.55801104972373}, "execution_time_ms": {"entry_quantity": 12, "sum": -1825.9999999999998, "mean": -152.16666666666666}}, "prompt v report": {"1": {"CPU_usage": 93.83319750067919, "RAM_usage": 93.33333333333333, "execution_time_ms": 91.33333333333333}, "2": {"CPU_usage": 95.92502037489812, "RAM_usage": 61.6329036218539, "execution_time_ms": -233.33333333333334}, "3": {"CPU_usage": 95.92502037489812, "RAM_usage": 61.6329036218539, "execution_time_ms": -233.33333333333334}, "4": {"CPU_usage": 95.92502037489812, "RAM_usage": 61.6329036218539, "execution_time_ms": -233.33333333333334}}, "model report": {"openAI": {"CPU_usage": 95.50122249388752, "RAM_usage": 69.55801104972376, "execution_time_ms": -152.16666666666669}, "claude": {"CPU_usage": 95.38304808475958, "RAM_usage": 69.5549416820135, "execution_time_ms": -152.16666666666669}, "gemini": {"CPU_usage": 95.32192339038305, "RAM_usage": 69.56108041743401, "execution_time_ms": -152.16666666666669}}}}