{"improvements_metadata": {"cluster name": "mixed_juices", "overall mean improvement": 88.15331408870203, "metric cluster report": {"CPU_usage": {"entry_quantity": 12, "sum": 1141.1764705882354, "mean": 95.09803921568628}, "RAM_usage": {"entry_quantity": 12, "sum": 1122.197909068806, "mean": 93.5164924224005}, "execution_time_ms": {"entry_quantity": 12, "sum": 910.1449275362316, "mean": 75.84541062801931}}, "prompt v report": {"1": {"CPU_usage": 95.09803921568626, "RAM_usage": 93.51649242240052, "execution_time_ms": 75.84541062801932}, "2": {"CPU_usage": 95.09803921568626, "RAM_usage": 93.51649242240052, "execution_time_ms": 75.84541062801932}, "3": {"CPU_usage": 95.09803921568626, "RAM_usage": 93.51649242240052, "execution_time_ms": 75.84541062801932}, "4": {"CPU_usage": 95.09803921568626, "RAM_usage": 93.51649242240052, "execution_time_ms": 75.84541062801932}}, "model report": {"openAI": {"CPU_usage": 95.09803921568627, "RAM_usage": 93.51649242240052, "execution_time_ms": 75.84541062801932}, "claude": {"CPU_usage": 95.09803921568627, "RAM_usage": 93.51649242240052, "execution_time_ms": 75.84541062801932}, "gemini": {"CPU_usage": 95.09803921568627, "RAM_usage": 93.51649242240052, "execution_time_ms": 75.84541062801932}}}}