{"improvements_metadata": {"cluster name": "need_for_speed", "overall mean improvement": 94.47175140144968, "metric cluster report": {"CPU_usage": {"entry_quantity": 69, "sum": 6537.555467563422, "mean": 94.74718068932496}, "RAM_usage": {"entry_quantity": 69, "sum": 6554.515213468325, "mean": 94.9929741082366}, "execution_time_ms": {"entry_quantity": 69, "sum": 6463.5818590683375, "mean": 93.6750994067875}}, "prompt v report": {"1": {"CPU_usage": 92.42036720991177, "RAM_usage": 93.37320519980695, "execution_time_ms": 93.51000607964089}, "2": {"CPU_usage": 95.39351776693971, "RAM_usage": 95.44290991613366, "execution_time_ms": 93.72095866432817}, "3": {"CPU_usage": 95.39351776693971, "RAM_usage": 95.44290991613366, "execution_time_ms": 93.72095866432817}, "4": {"CPU_usage": 95.39351776693971, "RAM_usage": 95.44290991613366, "execution_time_ms": 93.72095866432817}}, "model report": {"openAI": {"CPU_usage": 94.71299512897374, "RAM_usage": 94.99018201116941, "execution_time_ms": 93.67126345553936}, "claude": {"CPU_usage": 94.59244407892018, "RAM_usage": 94.98958460968197, "execution_time_ms": 93.6670237858911}, "gemini": {"CPU_usage": 94.93610286008088, "RAM_usage": 94.99915570385834, "execution_time_ms": 93.68701097893181}}}}