{"improvements_metadata": {"cluster name": "nth_fibonacci_number", "overall mean improvement": -3.682163788424598, "metric cluster report": {"CPU_usage": {"entry_quantity": 11, "sum": 1053.3641262509623, "mean": 95.76037511372384}, "RAM_usage": {"entry_quantity": 11, "sum": 745.124468731026, "mean": 67.73858806645691}, "execution_time_ms": {"entry_quantity": 11, "sum": -1919.9999999999998, "mean": -174.54545454545453}}, "prompt v report": {"1": {"CPU_usage": 94.0030792917629, "RAM_usage": 93.32726168791743, "execution_time_ms": 90.0}, "2": {"CPU_usage": 96.15088529638183, "RAM_usage": 62.05221615057681, "execution_time_ms": -233.33333333333334}, "3": {"CPU_usage": 96.15088529638183, "RAM_usage": 62.05221615057681, "execution_time_ms": -233.33333333333334}, "4": {"CPU_usage": 96.15088529638183, "RAM_usage": 62.05221615057681, "execution_time_ms": -233.33333333333334}}, "model report": {"openAI": {"CPU_usage": 95.635103926097, "RAM_usage": 69.86945962355799, "execution_time_ms": -152.83333333333334}, "claude": {"CPU_usage": 95.5927636643572, "RAM_usage": 69.87249544626594, "execution_time_ms": -152.16666666666669}, "gemini": {"CPU_usage": 96.15088529638183, "RAM_usage": 62.05221615057681, "execution_time_ms": -233.33333333333334}}}}