{"improvements_metadata": {"cluster name": "nth_prime", "overall mean improvement": 72.49560763826959, "metric cluster report": {"CPU_usage": {"entry_quantity": 72, "sum": 6784.13465427905, "mean": 94.22409242054236}, "RAM_usage": {"entry_quantity": 72, "sum": 3751.4301263262205, "mean": 52.10319619897528}, "execution_time_ms": {"entry_quantity": 72, "sum": 5123.486469260961, "mean": 71.15953429529112}}, "prompt v report": {"1": {"CPU_usage": 93.06896992273604, "RAM_usage": 93.33726782929, "execution_time_ms": 93.32805564213055}, "2": {"CPU_usage": 94.60913325314439, "RAM_usage": 38.35850565553714, "execution_time_ms": 63.77002717967803}, "3": {"CPU_usage": 94.60913325314439, "RAM_usage": 38.35850565553714, "execution_time_ms": 63.77002717967803}, "4": {"CPU_usage": 94.60913325314439, "RAM_usage": 38.35850565553714, "execution_time_ms": 63.77002717967803}}, "model report": {"openAI": {"CPU_usage": 94.24884043083114, "RAM_usage": 52.111307021880464, "execution_time_ms": 71.10950269534497}, "claude": {"CPU_usage": 94.14208640441116, "RAM_usage": 52.102069196211126, "execution_time_ms": 71.15707265159257}, "gemini": {"CPU_usage": 94.28135042638458, "RAM_usage": 52.0962123788345, "execution_time_ms": 71.21202753893597}}}}