{"improvements_metadata": {"cluster name": "nucleotide_count", "overall mean improvement": 79.0301577874996, "metric cluster report": {"CPU_usage": {"entry_quantity": 60, "sum": 5396.4269904214825, "mean": 89.94044984035804}, "RAM_usage": {"entry_quantity": 60, "sum": 2872.8106874568552, "mean": 47.880178124280924}, "execution_time_ms": {"entry_quantity": 36, "sum": 3573.714434322955, "mean": 99.26984539785987}}, "prompt v report": {"1": {"CPU_usage": 89.94044984035803, "RAM_usage": 47.88017812428091, "execution_time_ms": 99.26984539785981}, "2": {"CPU_usage": 89.94044984035803, "RAM_usage": 47.88017812428091, "execution_time_ms": 99.26984539785981}, "3": {"CPU_usage": 89.94044984035803, "RAM_usage": 47.88017812428091, "execution_time_ms": 99.26984539785981}, "4": {"CPU_usage": 89.94044984035803, "RAM_usage": 47.88017812428091, "execution_time_ms": 99.26984539785981}}, "model report": {"openAI": {"CPU_usage": 89.94044984035803, "RAM_usage": 47.88017812428092, "execution_time_ms": 99.26984539785981}, "claude": {"CPU_usage": 89.94044984035803, "RAM_usage": 47.88017812428092, "execution_time_ms": 99.26984539785981}, "gemini": {"CPU_usage": 89.94044984035803, "RAM_usage": 47.88017812428092, "execution_time_ms": 99.26984539785981}}}}