{"improvements_metadata": {"cluster name": "number_of_islands", "overall mean improvement": -26.005199333884235, "metric cluster report": {"CPU_usage": {"entry_quantity": 24, "sum": 2246.7432950191574, "mean": 93.61430395913156}, "RAM_usage": {"entry_quantity": 24, "sum": 1480.8823529411761, "mean": 61.703431372549005}, "execution_time_ms": {"entry_quantity": 24, "sum": -5599.999999999999, "mean": -233.3333333333333}}, "prompt v report": {"1": {"CPU_usage": 93.61430395913156, "RAM_usage": 61.70343137254901, "execution_time_ms": -233.33333333333334}, "2": {"CPU_usage": 93.61430395913156, "RAM_usage": 61.70343137254901, "execution_time_ms": -233.33333333333334}, "3": {"CPU_usage": 93.61430395913156, "RAM_usage": 61.70343137254901, "execution_time_ms": -233.33333333333334}, "4": {"CPU_usage": 93.61430395913156, "RAM_usage": 61.70343137254901, "execution_time_ms": -233.33333333333334}}, "model report": {"openAI": {"CPU_usage": 93.61430395913156, "RAM_usage": 61.70343137254901, "execution_time_ms": -233.33333333333331}, "claude": {"CPU_usage": 93.61430395913156, "RAM_usage": 61.70343137254901, "execution_time_ms": -233.33333333333331}, "gemini": {"CPU_usage": 93.61430395913156, "RAM_usage": 61.70343137254901, "execution_time_ms": -233.33333333333331}}}}