{"improvements_metadata": {"cluster name": "ocr_numbers", "overall mean improvement": 90.56482630921094, "metric cluster report": {"CPU_usage": {"entry_quantity": 60, "sum": 5588.526899971708, "mean": 93.14211499952847}, "RAM_usage": {"entry_quantity": 60, "sum": 5675.62713282226, "mean": 94.59378554703767}, "execution_time_ms": {"entry_quantity": 60, "sum": 5037.514702864, "mean": 83.95857838106667}}, "prompt v report": {"1": {"CPU_usage": 93.14211499952845, "RAM_usage": 94.59378554703765, "execution_time_ms": 83.95857838106672}, "2": {"CPU_usage": 93.14211499952845, "RAM_usage": 94.59378554703765, "execution_time_ms": 83.95857838106672}, "3": {"CPU_usage": 93.14211499952845, "RAM_usage": 94.59378554703765, "execution_time_ms": 83.95857838106672}, "4": {"CPU_usage": 93.14211499952845, "RAM_usage": 94.59378554703765, "execution_time_ms": 83.95857838106672}}, "model report": {"openAI": {"CPU_usage": 93.14211499952843, "RAM_usage": 94.59378554703764, "execution_time_ms": 83.9585783810667}, "claude": {"CPU_usage": 93.14211499952843, "RAM_usage": 94.59378554703764, "execution_time_ms": 83.9585783810667}, "gemini": {"CPU_usage": 93.14211499952843, "RAM_usage": 94.59378554703764, "execution_time_ms": 83.9585783810667}}}}