{"improvements_metadata": {"cluster name": "octal", "overall mean improvement": 92.9498730093781, "metric cluster report": {"CPU_usage": {"entry_quantity": 24, "sum": 2282.107030558355, "mean": 95.08779293993145}, "RAM_usage": {"entry_quantity": 24, "sum": 2278.1841738747266, "mean": 94.92434057811361}, "execution_time_ms": {"entry_quantity": 24, "sum": 2132.0996522421406, "mean": 88.8374855100892}}, "prompt v report": {"1": {"CPU_usage": 94.08869351080176, "RAM_usage": 93.36370520469451, "execution_time_ms": 91.98895336884557}, "2": {"CPU_usage": 95.42082608297464, "RAM_usage": 95.44455236925324, "execution_time_ms": 87.7869962238371}, "3": {"CPU_usage": 95.42082608297464, "RAM_usage": 95.44455236925324, "execution_time_ms": 87.7869962238371}, "4": {"CPU_usage": 95.42082608297464, "RAM_usage": 95.44455236925324, "execution_time_ms": 87.7869962238371}}, "model report": {"openAI": {"CPU_usage": 95.09808972128094, "RAM_usage": 94.92273955182492, "execution_time_ms": 88.9482847439257}, "claude": {"CPU_usage": 95.10453872454742, "RAM_usage": 94.92533458209256, "execution_time_ms": 88.71700498938606}, "gemini": {"CPU_usage": 95.06075037396587, "RAM_usage": 94.92494760042321, "execution_time_ms": 88.84716679695588}}}}