{"improvements_metadata": {"cluster name": "odd_sum", "overall mean improvement": 18.06506475395148, "metric cluster report": {"CPU_usage": {"entry_quantity": 12, "sum": 1142.3005877413939, "mean": 95.19171564511616}, "RAM_usage": {"entry_quantity": 12, "sum": 834.7084100675258, "mean": 69.55903417229382}, "execution_time_ms": {"entry_quantity": 12, "sum": -1326.6666666666667, "mean": -110.55555555555556}}, "prompt v report": {"1": {"CPU_usage": 93.36132101875175, "RAM_usage": 93.33742582361367, "execution_time_ms": 91.1111111111111}, "2": {"CPU_usage": 95.80184718723763, "RAM_usage": 61.6329036218539, "execution_time_ms": -177.77777777777774}, "3": {"CPU_usage": 95.80184718723763, "RAM_usage": 61.6329036218539, "execution_time_ms": -177.77777777777774}, "4": {"CPU_usage": 95.80184718723763, "RAM_usage": 61.6329036218539, "execution_time_ms": -177.77777777777774}}, "model report": {"openAI": {"CPU_usage": 95.25608732157852, "RAM_usage": 69.55801104972376, "execution_time_ms": -110.27777777777777}, "claude": {"CPU_usage": 95.1679261125105, "RAM_usage": 69.5672191528545, "execution_time_ms": -110.69444444444444}, "gemini": {"CPU_usage": 95.15113350125945, "RAM_usage": 69.55187231430325, "execution_time_ms": -110.69444444444444}}}}