{"improvements_metadata": {"cluster name": "optical_character_reader", "overall mean improvement": 71.46887388115458, "metric cluster report": {"CPU_usage": {"entry_quantity": 12, "sum": 1164.2857142857142, "mean": 97.02380952380952}, "RAM_usage": {"entry_quantity": 12, "sum": 1063.2946001367054, "mean": 88.60788334472545}, "execution_time_ms": {"entry_quantity": 12, "sum": 345.29914529914527, "mean": 28.77492877492877}}, "prompt v report": {"1": {"CPU_usage": 97.02380952380952, "RAM_usage": 88.60788334472545, "execution_time_ms": 28.77492877492877}, "2": {"CPU_usage": 97.02380952380952, "RAM_usage": 88.60788334472545, "execution_time_ms": 28.77492877492877}, "3": {"CPU_usage": 97.02380952380952, "RAM_usage": 88.60788334472545, "execution_time_ms": 28.77492877492877}, "4": {"CPU_usage": 97.02380952380952, "RAM_usage": 88.60788334472545, "execution_time_ms": 28.77492877492877}}, "model report": {"openAI": {"CPU_usage": 97.02380952380952, "RAM_usage": 88.60788334472545, "execution_time_ms": 28.774928774928775}, "claude": {"CPU_usage": 97.02380952380952, "RAM_usage": 88.60788334472545, "execution_time_ms": 28.774928774928775}, "gemini": {"CPU_usage": 97.02380952380952, "RAM_usage": 88.60788334472545, "execution_time_ms": 28.774928774928775}}}}