{"improvements_metadata": {"cluster name": "ordered_digits", "overall mean improvement": -15.094122539940912, "metric cluster report": {"CPU_usage": {"entry_quantity": 12, "sum": 1151.6908212560386, "mean": 95.97423510466989}, "RAM_usage": {"entry_quantity": 12, "sum": 741.2844036697247, "mean": 61.773700305810394}, "execution_time_ms": {"entry_quantity": 12, "sum": -2436.3636363636365, "mean": -203.03030303030303}}, "prompt v report": {"1": {"CPU_usage": 95.97423510466989, "RAM_usage": 61.773700305810394, "execution_time_ms": -203.03030303030303}, "2": {"CPU_usage": 95.97423510466989, "RAM_usage": 61.773700305810394, "execution_time_ms": -203.03030303030303}, "3": {"CPU_usage": 95.97423510466989, "RAM_usage": 61.773700305810394, "execution_time_ms": -203.03030303030303}, "4": {"CPU_usage": 95.97423510466989, "RAM_usage": 61.773700305810394, "execution_time_ms": -203.03030303030303}}, "model report": {"openAI": {"CPU_usage": 95.97423510466989, "RAM_usage": 61.773700305810394, "execution_time_ms": -203.03030303030303}, "claude": {"CPU_usage": 95.97423510466989, "RAM_usage": 61.773700305810394, "execution_time_ms": -203.03030303030303}, "gemini": {"CPU_usage": 95.97423510466989, "RAM_usage": 61.773700305810394, "execution_time_ms": -203.03030303030303}}}}