{"improvements_metadata": {"cluster name": "ozans_playlist", "overall mean improvement": 84.48003161658528, "metric cluster report": {"CPU_usage": {"entry_quantity": 24, "sum": 2221.4666899536196, "mean": 92.56111208140082}, "RAM_usage": {"entry_quantity": 24, "sum": 2191.6934909514694, "mean": 91.32056212297789}, "execution_time_ms": {"entry_quantity": 24, "sum": 1669.4020954890511, "mean": 69.55842064537713}}, "prompt v report": {"1": {"CPU_usage": 92.56111208140084, "RAM_usage": 91.32056212297789, "execution_time_ms": 69.55842064537717}, "2": {"CPU_usage": 92.56111208140084, "RAM_usage": 91.32056212297789, "execution_time_ms": 69.55842064537717}, "3": {"CPU_usage": 92.56111208140084, "RAM_usage": 91.32056212297789, "execution_time_ms": 69.55842064537717}, "4": {"CPU_usage": 92.56111208140084, "RAM_usage": 91.32056212297789, "execution_time_ms": 69.55842064537717}}, "model report": {"openAI": {"CPU_usage": 92.56111208140084, "RAM_usage": 91.32056212297789, "execution_time_ms": 69.55842064537717}, "claude": {"CPU_usage": 92.56111208140084, "RAM_usage": 91.32056212297789, "execution_time_ms": 69.55842064537717}, "gemini": {"CPU_usage": 92.56111208140084, "RAM_usage": 91.32056212297789, "execution_time_ms": 69.55842064537717}}}}