{"improvements_metadata": {"cluster name": "paasio", "overall mean improvement": 96.49327776590927, "metric cluster report": {"CPU_usage": {"entry_quantity": 48, "sum": 4461.368478152171, "mean": 92.94517662817022}, "RAM_usage": {"entry_quantity": 48, "sum": 4683.899402396342, "mean": 97.5812375499238}, "execution_time_ms": {"entry_quantity": 48, "sum": 4749.764117742423, "mean": 98.9534191196338}}, "prompt v report": {"1": {"CPU_usage": 92.94517662817019, "RAM_usage": 97.5812375499238, "execution_time_ms": 98.95341911963379}, "2": {"CPU_usage": 92.94517662817019, "RAM_usage": 97.5812375499238, "execution_time_ms": 98.95341911963379}, "3": {"CPU_usage": 92.94517662817019, "RAM_usage": 97.5812375499238, "execution_time_ms": 98.95341911963379}, "4": {"CPU_usage": 92.94517662817019, "RAM_usage": 97.5812375499238, "execution_time_ms": 98.95341911963379}}, "model report": {"openAI": {"CPU_usage": 92.9451766281702, "RAM_usage": 97.5812375499238, "execution_time_ms": 98.95341911963379}, "claude": {"CPU_usage": 92.9451766281702, "RAM_usage": 97.5812375499238, "execution_time_ms": 98.95341911963379}, "gemini": {"CPU_usage": 92.9451766281702, "RAM_usage": 97.5812375499238, "execution_time_ms": 98.95341911963379}}}}