{"improvements_metadata": {"cluster name": "palindrome_integer", "overall mean improvement": -25.124505186646996, "metric cluster report": {"CPU_usage": {"entry_quantity": 12, "sum": 1154.233409610984, "mean": 96.186117467582}, "RAM_usage": {"entry_quantity": 12, "sum": 741.2844036697247, "mean": 61.773700305810394}, "execution_time_ms": {"entry_quantity": 12, "sum": -2800.0000000000005, "mean": -233.33333333333337}}, "prompt v report": {"1": {"CPU_usage": 96.186117467582, "RAM_usage": 61.773700305810394, "execution_time_ms": -233.33333333333334}, "2": {"CPU_usage": 96.186117467582, "RAM_usage": 61.773700305810394, "execution_time_ms": -233.33333333333334}, "3": {"CPU_usage": 96.186117467582, "RAM_usage": 61.773700305810394, "execution_time_ms": -233.33333333333334}, "4": {"CPU_usage": 96.186117467582, "RAM_usage": 61.773700305810394, "execution_time_ms": -233.33333333333334}}, "model report": {"openAI": {"CPU_usage": 96.186117467582, "RAM_usage": 61.773700305810394, "execution_time_ms": -233.33333333333334}, "claude": {"CPU_usage": 96.186117467582, "RAM_usage": 61.773700305810394, "execution_time_ms": -233.33333333333334}, "gemini": {"CPU_usage": 96.186117467582, "RAM_usage": 61.773700305810394, "execution_time_ms": -233.33333333333334}}}}