{"improvements_metadata": {"cluster name": "palindrome_products", "overall mean improvement": 97.06539737298078, "metric cluster report": {"CPU_usage": {"entry_quantity": 36, "sum": 3410.117744227122, "mean": 94.72549289519783}, "RAM_usage": {"entry_quantity": 36, "sum": 3513.6427397480893, "mean": 97.6011872152247}, "execution_time_ms": {"entry_quantity": 36, "sum": 3559.302432306713, "mean": 98.8695120085198}}, "prompt v report": {"1": {"CPU_usage": 94.72549289519785, "RAM_usage": 97.60118721522468, "execution_time_ms": 98.86951200851986}, "2": {"CPU_usage": 94.72549289519785, "RAM_usage": 97.60118721522468, "execution_time_ms": 98.86951200851986}, "3": {"CPU_usage": 94.72549289519785, "RAM_usage": 97.60118721522468, "execution_time_ms": 98.86951200851986}, "4": {"CPU_usage": 94.72549289519785, "RAM_usage": 97.60118721522468, "execution_time_ms": 98.86951200851986}}, "model report": {"openAI": {"CPU_usage": 94.72549289519786, "RAM_usage": 97.6011872152247, "execution_time_ms": 98.86951200851983}, "claude": {"CPU_usage": 94.72549289519786, "RAM_usage": 97.6011872152247, "execution_time_ms": 98.86951200851983}, "gemini": {"CPU_usage": 94.72549289519786, "RAM_usage": 97.6011872152247, "execution_time_ms": 98.86951200851983}}}}