{"improvements_metadata": {"cluster name": "pangram_checker", "overall mean improvement": 92.77121816739042, "metric cluster report": {"CPU_usage": {"entry_quantity": 12, "sum": 1156.5955284552847, "mean": 96.38296070460706}, "RAM_usage": {"entry_quantity": 12, "sum": 1120.4570394815314, "mean": 93.37141995679428}, "execution_time_ms": {"entry_quantity": 12, "sum": 1062.711286089239, "mean": 88.5592738407699}}, "prompt v report": {"1": {"CPU_usage": 93.15379403794037, "RAM_usage": 93.36560507865823, "execution_time_ms": 93.60717410323709}, "2": {"CPU_usage": 97.45934959349593, "RAM_usage": 93.37335824950632, "execution_time_ms": 86.87664041994749}, "3": {"CPU_usage": 97.45934959349593, "RAM_usage": 93.37335824950632, "execution_time_ms": 86.87664041994749}, "4": {"CPU_usage": 97.45934959349593, "RAM_usage": 93.37335824950632, "execution_time_ms": 86.87664041994749}}, "model report": {"openAI": {"CPU_usage": 96.1839430894309, "RAM_usage": 93.37624083866777, "execution_time_ms": 88.63648293963254}, "claude": {"CPU_usage": 96.53963414634148, "RAM_usage": 93.36865333386345, "execution_time_ms": 88.55643044619424}, "gemini": {"CPU_usage": 96.42530487804879, "RAM_usage": 93.36936569785163, "execution_time_ms": 88.48490813648294}}}}