{
  "improvements_metadata": {
    "cluster name": "pangram",
    "overall mean improvement": 92.97023203367861,
    "metric cluster report": {
      "CPU_usage": {
        "entry_quantity": 335,
        "sum": 31065.665325748458,
        "mean": 92.73332933059241
      },
      "RAM_usage": {
        "entry_quantity": 336,
        "sum": 31361.56796981026,
        "mean": 93.33799991014959
      },
      "execution_time_ms": {
        "entry_quantity": 251,
        "sum": 23302.681081933762,
        "mean": 92.83936686029388
      }
    },
    "prompt v report": {
      "1": {
        "CPU_usage": 93.07774199565746,
        "RAM_usage": 93.33986049353864,
        "execution_time_ms": 92.48949432645702
      },
      "2": {
        "CPU_usage": 92.76454890378486,
        "RAM_usage": 93.33568508665834,
        "execution_time_ms": 93.11492899727067
      },
      "3": {
        "CPU_usage": 92.4395439169274,
        "RAM_usage": 93.33320036247976,
        "execution_time_ms": 92.93439869274691
      },
      "4": {
        "CPU_usage": 92.65185416758598,
        "RAM_usage": 93.3432536979216,
        "execution_time_ms": 92.82301942687535
      }
    },
    "model report": {
      "openAI": {
        "CPU_usage": 93.03710056555359,
        "RAM_usage": 93.32864802191725,
        "execution_time_ms": 92.58968941011567
      },
      "claude": {
        "CPU_usage": 92.70796943083867,
        "RAM_usage": 93.34127643527633,
        "execution_time_ms": 92.89538868801122
      },
      "gemini": {
        "CPU_usage": 92.45240978515827,
        "RAM_usage": 93.34407527325527,
        "execution_time_ms": 93.03535568302546
      }
    }
  }
}
