{"improvements_metadata": {"cluster name": "parallel_letter_frequency", "overall mean improvement": 97.6540518897878, "metric cluster report": {"CPU_usage": {"entry_quantity": 24, "sum": 2317.946560067326, "mean": 96.58110666947192}, "RAM_usage": {"entry_quantity": 24, "sum": 2341.5855755850084, "mean": 97.56606564937535}, "execution_time_ms": {"entry_quantity": 24, "sum": 2371.5596004123863, "mean": 98.8149833505161}}, "prompt v report": {"1": {"CPU_usage": 96.58110666947191, "RAM_usage": 97.56606564937535, "execution_time_ms": 98.81498335051607}, "2": {"CPU_usage": 96.58110666947191, "RAM_usage": 97.56606564937535, "execution_time_ms": 98.81498335051607}, "3": {"CPU_usage": 96.58110666947191, "RAM_usage": 97.56606564937535, "execution_time_ms": 98.81498335051607}, "4": {"CPU_usage": 96.58110666947191, "RAM_usage": 97.56606564937535, "execution_time_ms": 98.81498335051607}}, "model report": {"openAI": {"CPU_usage": 96.58110666947191, "RAM_usage": 97.56606564937535, "execution_time_ms": 98.81498335051607}, "claude": {"CPU_usage": 96.58110666947191, "RAM_usage": 97.56606564937535, "execution_time_ms": 98.81498335051607}, "gemini": {"CPU_usage": 96.58110666947191, "RAM_usage": 97.56606564937535, "execution_time_ms": 98.81498335051607}}}}