{"improvements_metadata": {"cluster name": "parsing_log_files", "overall mean improvement": 97.59526656988241, "metric cluster report": {"CPU_usage": {"entry_quantity": 24, "sum": 2314.06999926161, "mean": 96.41958330256709}, "RAM_usage": {"entry_quantity": 24, "sum": 2340.7519631499404, "mean": 97.53133179791418}, "execution_time_ms": {"entry_quantity": 24, "sum": 2372.0372306199833, "mean": 98.83488460916597}}, "prompt v report": {"1": {"CPU_usage": 96.41958330256712, "RAM_usage": 97.53133179791416, "execution_time_ms": 98.83488460916594}, "2": {"CPU_usage": 96.41958330256712, "RAM_usage": 97.53133179791416, "execution_time_ms": 98.83488460916594}, "3": {"CPU_usage": 96.41958330256712, "RAM_usage": 97.53133179791416, "execution_time_ms": 98.83488460916594}, "4": {"CPU_usage": 96.41958330256712, "RAM_usage": 97.53133179791416, "execution_time_ms": 98.83488460916594}}, "model report": {"openAI": {"CPU_usage": 96.41958330256715, "RAM_usage": 97.53133179791416, "execution_time_ms": 98.83488460916594}, "claude": {"CPU_usage": 96.41958330256715, "RAM_usage": 97.53133179791416, "execution_time_ms": 98.83488460916594}, "gemini": {"CPU_usage": 96.41958330256715, "RAM_usage": 97.53133179791416, "execution_time_ms": 98.83488460916594}}}}