{"improvements_metadata": {"cluster name": "party_robot", "overall mean improvement": 97.02520236651918, "metric cluster report": {"CPU_usage": {"entry_quantity": 36, "sum": 3408.1006042789472, "mean": 94.66946122997075}, "RAM_usage": {"entry_quantity": 36, "sum": 3512.029289886422, "mean": 97.55636916351172}, "execution_time_ms": {"entry_quantity": 36, "sum": 3558.5919614187037, "mean": 98.8497767060751}}, "prompt v report": {"1": {"CPU_usage": 94.66946122997076, "RAM_usage": 97.55636916351166, "execution_time_ms": 98.84977670607506}, "2": {"CPU_usage": 94.66946122997076, "RAM_usage": 97.55636916351166, "execution_time_ms": 98.84977670607506}, "3": {"CPU_usage": 94.66946122997076, "RAM_usage": 97.55636916351166, "execution_time_ms": 98.84977670607506}, "4": {"CPU_usage": 94.66946122997076, "RAM_usage": 97.55636916351166, "execution_time_ms": 98.84977670607506}}, "model report": {"openAI": {"CPU_usage": 94.66946122997076, "RAM_usage": 97.55636916351169, "execution_time_ms": 98.84977670607505}, "claude": {"CPU_usage": 94.66946122997076, "RAM_usage": 97.55636916351169, "execution_time_ms": 98.84977670607505}, "gemini": {"CPU_usage": 94.66946122997076, "RAM_usage": 97.55636916351169, "execution_time_ms": 98.84977670607505}}}}