{"improvements_metadata": {"cluster name": "pascals_triangle", "overall mean improvement": 86.49215738986165, "metric cluster report": {"CPU_usage": {"entry_quantity": 194, "sum": 17851.508748470424, "mean": 92.01808633232177}, "RAM_usage": {"entry_quantity": 194, "sum": 17029.114387096313, "mean": 87.77894013967172}, "execution_time_ms": {"entry_quantity": 182, "sum": 14501.659116961644, "mean": 79.67944569759145}}, "prompt v report": {"1": {"CPU_usage": 91.5313223296095, "RAM_usage": 93.12501427571813, "execution_time_ms": 94.16265353484644}, "2": {"CPU_usage": 92.14852635919219, "RAM_usage": 86.34633203785539, "execution_time_ms": 75.8574880738713}, "3": {"CPU_usage": 92.14852635919219, "RAM_usage": 86.34633203785539, "execution_time_ms": 75.8574880738713}, "4": {"CPU_usage": 92.14852635919219, "RAM_usage": 86.34633203785539, "execution_time_ms": 75.8574880738713}}, "model report": {"openAI": {"CPU_usage": 92.07398408889752, "RAM_usage": 87.74052226280776, "execution_time_ms": 79.52255884847798}, "claude": {"CPU_usage": 91.94669343049995, "RAM_usage": 87.796849191749, "execution_time_ms": 79.78560927827765}, "gemini": {"CPU_usage": 92.03444144305315, "RAM_usage": 87.79885792019894, "execution_time_ms": 79.72759705045925}}}}