{"improvements_metadata": {"cluster name": "perfect_numbers", "overall mean improvement": 83.55631460917041, "metric cluster report": {"CPU_usage": {"entry_quantity": 71, "sum": 6761.366212964133, "mean": 95.23051004174836}, "RAM_usage": {"entry_quantity": 71, "sum": 6508.225096776585, "mean": 91.66514220812091}, "execution_time_ms": {"entry_quantity": 71, "sum": 4527.90370201258, "mean": 63.77329157764197}}, "prompt v report": {"1": {"CPU_usage": 93.98267631676683, "RAM_usage": 93.33767313182842, "execution_time_ms": 89.10743433536342}, "2": {"CPU_usage": 95.62334658479807, "RAM_usage": 91.13860469510182, "execution_time_ms": 55.79772811687777}, "3": {"CPU_usage": 95.62334658479807, "RAM_usage": 91.13860469510182, "execution_time_ms": 55.79772811687777}, "4": {"CPU_usage": 95.62334658479807, "RAM_usage": 91.13860469510182, "execution_time_ms": 55.79772811687777}}, "model report": {"openAI": {"CPU_usage": 95.24002945425502, "RAM_usage": 91.69491879291564, "execution_time_ms": 64.21710024401803}, "claude": {"CPU_usage": 95.31734619884695, "RAM_usage": 91.61631431757851, "execution_time_ms": 62.899907631700444}, "gemini": {"CPU_usage": 95.13777264535543, "RAM_usage": 91.68215901842923, "execution_time_ms": 64.16647585945984}}}}