{"improvements_metadata": {"cluster name": "phone_number", "overall mean improvement": 75.31642119956022, "metric cluster report": {"CPU_usage": {"entry_quantity": 180, "sum": 16687.102973676952, "mean": 92.70612763153862}, "RAM_usage": {"entry_quantity": 180, "sum": 12210.28828315167, "mean": 67.83493490639817}, "execution_time_ms": {"entry_quantity": 144, "sum": 9418.780952747114, "mean": 65.40820106074385}}, "prompt v report": {"1": {"CPU_usage": 92.70612763153856, "RAM_usage": 67.83493490639825, "execution_time_ms": 65.40820106074389}, "2": {"CPU_usage": 92.70612763153856, "RAM_usage": 67.83493490639825, "execution_time_ms": 65.40820106074389}, "3": {"CPU_usage": 92.70612763153856, "RAM_usage": 67.83493490639825, "execution_time_ms": 65.40820106074389}, "4": {"CPU_usage": 92.70612763153856, "RAM_usage": 67.83493490639825, "execution_time_ms": 65.40820106074389}}, "model report": {"openAI": {"CPU_usage": 92.70612763153859, "RAM_usage": 67.83493490639823, "execution_time_ms": 65.40820106074386}, "claude": {"CPU_usage": 92.70612763153859, "RAM_usage": 67.83493490639823, "execution_time_ms": 65.40820106074386}, "gemini": {"CPU_usage": 92.70612763153859, "RAM_usage": 67.83493490639823, "execution_time_ms": 65.40820106074386}}}}