{"improvements_metadata": {"cluster name": "pig_latin_translator", "overall mean improvement": 92.42120181540717, "metric cluster report": {"CPU_usage": {"entry_quantity": 12, "sum": 1170.3703703703702, "mean": 97.53086419753085}, "RAM_usage": {"entry_quantity": 12, "sum": 1120.2583629041903, "mean": 93.3548635753492}, "execution_time_ms": {"entry_quantity": 12, "sum": 1036.5345320800977, "mean": 86.37787767334147}}, "prompt v report": {"1": {"CPU_usage": 97.53086419753087, "RAM_usage": 93.3548635753492, "execution_time_ms": 86.3778776733415}, "2": {"CPU_usage": 97.53086419753087, "RAM_usage": 93.3548635753492, "execution_time_ms": 86.3778776733415}, "3": {"CPU_usage": 97.53086419753087, "RAM_usage": 93.3548635753492, "execution_time_ms": 86.3778776733415}, "4": {"CPU_usage": 97.53086419753087, "RAM_usage": 93.3548635753492, "execution_time_ms": 86.3778776733415}}, "model report": {"openAI": {"CPU_usage": 97.53086419753086, "RAM_usage": 93.3548635753492, "execution_time_ms": 86.3778776733415}, "claude": {"CPU_usage": 97.53086419753086, "RAM_usage": 93.3548635753492, "execution_time_ms": 86.3778776733415}, "gemini": {"CPU_usage": 97.53086419753086, "RAM_usage": 93.3548635753492, "execution_time_ms": 86.3778776733415}}}}