{"improvements_metadata": {"cluster name": "pig_latin", "overall mean improvement": 85.89782603839912, "metric cluster report": {"CPU_usage": {"entry_quantity": 117, "sum": 10965.416666163896, "mean": 93.72150996721278}, "RAM_usage": {"entry_quantity": 117, "sum": 10882.878511492423, "mean": 93.0160556537814}, "execution_time_ms": {"entry_quantity": 117, "sum": 8301.841761821772, "mean": 70.95591249420318}}, "prompt v report": {"1": {"CPU_usage": 94.0465337841065, "RAM_usage": 93.84939226852595, "execution_time_ms": 75.5979755533772}, "2": {"CPU_usage": 93.6240028221446, "RAM_usage": 92.76605466935804, "execution_time_ms": 69.563293576451}, "3": {"CPU_usage": 93.6240028221446, "RAM_usage": 92.76605466935804, "execution_time_ms": 69.563293576451}, "4": {"CPU_usage": 93.6240028221446, "RAM_usage": 92.76605466935804, "execution_time_ms": 69.563293576451}}, "model report": {"openAI": {"CPU_usage": 93.93233622681949, "RAM_usage": 93.55659832280486, "execution_time_ms": 73.96698042447821}, "claude": {"CPU_usage": 93.62400282214456, "RAM_usage": 92.76605466935803, "execution_time_ms": 69.56329357645097}, "gemini": {"CPU_usage": 93.62400282214456, "RAM_usage": 92.76605466935803, "execution_time_ms": 69.56329357645097}}}}