{"improvements_metadata": {"cluster name": "poker", "overall mean improvement": 96.1127760180362, "metric cluster report": {"CPU_usage": {"entry_quantity": 36, "sum": 3397.2320035298976, "mean": 94.36755565360826}, "RAM_usage": {"entry_quantity": 36, "sum": 3474.738512789824, "mean": 96.52051424416179}, "execution_time_ms": {"entry_quantity": 36, "sum": 3508.2092936281883, "mean": 97.45025815633856}}, "prompt v report": {"1": {"CPU_usage": 93.49662879746205, "RAM_usage": 93.29740791789067, "execution_time_ms": 93.06975467156408}, "2": {"CPU_usage": 94.65786460565704, "RAM_usage": 97.59488301958547, "execution_time_ms": 98.91042598459669}, "3": {"CPU_usage": 94.65786460565704, "RAM_usage": 97.59488301958547, "execution_time_ms": 98.91042598459669}, "4": {"CPU_usage": 94.65786460565704, "RAM_usage": 97.59488301958547, "execution_time_ms": 98.91042598459669}}, "model report": {"openAI": {"CPU_usage": 94.36578814356017, "RAM_usage": 96.51339031469388, "execution_time_ms": 97.4575511628767}, "claude": {"CPU_usage": 94.45126230986962, "RAM_usage": 96.51824425142831, "execution_time_ms": 97.45708707310735}, "gemini": {"CPU_usage": 94.285616507395, "RAM_usage": 96.52990816636303, "execution_time_ms": 97.43613623303158}}}}