{"improvements_metadata": {"cluster name": "postfix_evaluate", "overall mean improvement": 4.372014919195588, "metric cluster report": {"CPU_usage": {"entry_quantity": 12, "sum": 1145.4292343387472, "mean": 95.4524361948956}, "RAM_usage": {"entry_quantity": 12, "sum": 835.9633027522935, "mean": 69.66360856269112}, "execution_time_ms": {"entry_quantity": 12, "sum": -1823.9999999999998, "mean": -151.99999999999997}}, "prompt v report": {"1": {"CPU_usage": 93.4106728538283, "RAM_usage": 93.33333333333333, "execution_time_ms": 92.0}, "2": {"CPU_usage": 96.13302397525133, "RAM_usage": 61.773700305810394, "execution_time_ms": -233.33333333333334}, "3": {"CPU_usage": 96.13302397525133, "RAM_usage": 61.773700305810394, "execution_time_ms": -233.33333333333334}, "4": {"CPU_usage": 96.13302397525133, "RAM_usage": 61.773700305810394, "execution_time_ms": -233.33333333333334}}, "model report": {"openAI": {"CPU_usage": 95.44083526682135, "RAM_usage": 69.66360856269112, "execution_time_ms": -152.0}, "claude": {"CPU_usage": 95.44856921887083, "RAM_usage": 69.66360856269112, "execution_time_ms": -151.83333333333334}, "gemini": {"CPU_usage": 95.46790409899458, "RAM_usage": 69.66360856269112, "execution_time_ms": -152.16666666666669}}}}