{"improvements_metadata": {"cluster name": "pov", "overall mean improvement": 96.97505810661518, "metric cluster report": {"CPU_usage": {"entry_quantity": 36, "sum": 3401.323051052768, "mean": 94.48119586257688}, "RAM_usage": {"entry_quantity": 36, "sum": 3513.1315028152817, "mean": 97.58698618931338}, "execution_time_ms": {"entry_quantity": 36, "sum": 3558.85172164639, "mean": 98.85699226795528}}, "prompt v report": {"1": {"CPU_usage": 94.48119586257688, "RAM_usage": 97.58698618931336, "execution_time_ms": 98.85699226795528}, "2": {"CPU_usage": 94.48119586257688, "RAM_usage": 97.58698618931336, "execution_time_ms": 98.85699226795528}, "3": {"CPU_usage": 94.48119586257688, "RAM_usage": 97.58698618931336, "execution_time_ms": 98.85699226795528}, "4": {"CPU_usage": 94.48119586257688, "RAM_usage": 97.58698618931336, "execution_time_ms": 98.85699226795528}}, "model report": {"openAI": {"CPU_usage": 94.4811958625769, "RAM_usage": 97.58698618931335, "execution_time_ms": 98.85699226795528}, "claude": {"CPU_usage": 94.4811958625769, "RAM_usage": 97.58698618931335, "execution_time_ms": 98.85699226795528}, "gemini": {"CPU_usage": 94.4811958625769, "RAM_usage": 97.58698618931335, "execution_time_ms": 98.85699226795528}}}}