{"improvements_metadata": {"cluster name": "power", "overall mean improvement": 11.792861210140623, "metric cluster report": {"CPU_usage": {"entry_quantity": 12, "sum": 1140.7272727272727, "mean": 95.06060606060606}, "RAM_usage": {"entry_quantity": 12, "sum": 835.3308823529413, "mean": 69.61090686274511}, "execution_time_ms": {"entry_quantity": 12, "sum": -1551.5151515151515, "mean": -129.2929292929293}}, "prompt v report": {"1": {"CPU_usage": 93.22943722943724, "RAM_usage": 93.33333333333333, "execution_time_ms": 91.91919191919192}, "2": {"CPU_usage": 95.67099567099568, "RAM_usage": 61.703431372549026, "execution_time_ms": -203.03030303030303}, "3": {"CPU_usage": 95.67099567099568, "RAM_usage": 61.703431372549026, "execution_time_ms": -203.03030303030303}, "4": {"CPU_usage": 95.67099567099568, "RAM_usage": 61.703431372549026, "execution_time_ms": -203.03030303030303}}, "model report": {"openAI": {"CPU_usage": 95.19480519480521, "RAM_usage": 69.6109068627451, "execution_time_ms": -129.24242424242425}, "claude": {"CPU_usage": 94.94805194805195, "RAM_usage": 69.6078431372549, "execution_time_ms": -128.93939393939394}, "gemini": {"CPU_usage": 95.03896103896105, "RAM_usage": 69.61397058823529, "execution_time_ms": -129.6969696969697}}}}