{"improvements_metadata": {"cluster name": "prime_calculator", "overall mean improvement": 90.72304128190437, "metric cluster report": {"CPU_usage": {"entry_quantity": 12, "sum": 1161.6858237547892, "mean": 96.80715197956577}, "RAM_usage": {"entry_quantity": 12, "sum": 1083.7158597031848, "mean": 90.3096549752654}, "execution_time_ms": {"entry_quantity": 12, "sum": 1020.6278026905829, "mean": 85.05231689088191}}, "prompt v report": {"1": {"CPU_usage": 96.80715197956577, "RAM_usage": 90.3096549752654, "execution_time_ms": 85.05231689088191}, "2": {"CPU_usage": 96.80715197956577, "RAM_usage": 90.3096549752654, "execution_time_ms": 85.05231689088191}, "3": {"CPU_usage": 96.80715197956577, "RAM_usage": 90.3096549752654, "execution_time_ms": 85.05231689088191}, "4": {"CPU_usage": 96.80715197956577, "RAM_usage": 90.3096549752654, "execution_time_ms": 85.05231689088191}}, "model report": {"openAI": {"CPU_usage": 96.80715197956577, "RAM_usage": 90.3096549752654, "execution_time_ms": 85.05231689088191}, "claude": {"CPU_usage": 96.80715197956577, "RAM_usage": 90.3096549752654, "execution_time_ms": 85.05231689088191}, "gemini": {"CPU_usage": 96.80715197956577, "RAM_usage": 90.3096549752654, "execution_time_ms": 85.05231689088191}}}}