{"improvements_metadata": {"cluster name": "prime_factors", "overall mean improvement": 71.21952616374817, "metric cluster report": {"CPU_usage": {"entry_quantity": 179, "sum": 16691.457483665057, "mean": 93.24836583053104}, "RAM_usage": {"entry_quantity": 179, "sum": 10938.033631513303, "mean": 61.10633313694583}, "execution_time_ms": {"entry_quantity": 131, "sum": 7768.808217613563, "mean": 59.303879523767655}}, "prompt v report": {"1": {"CPU_usage": 92.77981674808207, "RAM_usage": 92.12405919507944, "execution_time_ms": 91.32319428370305}, "2": {"CPU_usage": 93.40107812406994, "RAM_usage": 50.9968520513319, "execution_time_ms": 48.95420202560677}, "3": {"CPU_usage": 93.40107812406994, "RAM_usage": 50.9968520513319, "execution_time_ms": 48.95420202560677}, "4": {"CPU_usage": 93.40107812406994, "RAM_usage": 50.9968520513319, "execution_time_ms": 48.95420202560677}}, "model report": {"openAI": {"CPU_usage": 93.30505354892323, "RAM_usage": 60.860735842304464, "execution_time_ms": 58.94936186139716}, "claude": {"CPU_usage": 93.20822014778909, "RAM_usage": 61.22254891031188, "execution_time_ms": 59.50940826585641}, "gemini": {"CPU_usage": 93.2327685901873, "RAM_usage": 61.23162136997696, "execution_time_ms": 59.444811224450206}}}}