{"improvements_metadata": {"cluster name": "product_of_array_except_self", "overall mean improvement": 11.511600121635487, "metric cluster report": {"CPU_usage": {"entry_quantity": 24, "sum": 2259.043715846995, "mean": 94.12682149362479}, "RAM_usage": {"entry_quantity": 24, "sum": 1672.0642201834867, "mean": 69.66934250764528}, "execution_time_ms": {"entry_quantity": 24, "sum": -3102.272727272727, "mean": -129.26136363636363}}, "prompt v report": {"1": {"CPU_usage": 92.90072859744991, "RAM_usage": 93.35626911314984, "execution_time_ms": 92.04545454545455}, "2": {"CPU_usage": 94.53551912568308, "RAM_usage": 61.773700305810394, "execution_time_ms": -203.03030303030303}, "3": {"CPU_usage": 94.53551912568308, "RAM_usage": 61.773700305810394, "execution_time_ms": -203.03030303030303}, "4": {"CPU_usage": 94.53551912568308, "RAM_usage": 61.773700305810394, "execution_time_ms": -203.03030303030303}}, "model report": {"openAI": {"CPU_usage": 94.46038251366122, "RAM_usage": 69.6788990825688, "execution_time_ms": -129.16666666666666}, "claude": {"CPU_usage": 94.19057377049182, "RAM_usage": 69.66551987767583, "execution_time_ms": -129.54545454545453}, "gemini": {"CPU_usage": 93.72950819672133, "RAM_usage": 69.66360856269112, "execution_time_ms": -129.0719696969697}}}}