{"improvements_metadata": {"cluster name": "protein_translation", "overall mean improvement": -34.57714995389305, "metric cluster report": {"CPU_usage": {"entry_quantity": 144, "sum": 13473.433213184813, "mean": 93.56550842489453}, "RAM_usage": {"entry_quantity": 144, "sum": 10524.990033788714, "mean": 73.09020856797719}, "execution_time_ms": {"entry_quantity": 120, "sum": -32446.4600225461, "mean": -270.38716685455086}}, "prompt v report": {"1": {"CPU_usage": 93.56550842489445, "RAM_usage": 73.09020856797713, "execution_time_ms": -270.38716685455086}, "2": {"CPU_usage": 93.56550842489445, "RAM_usage": 73.09020856797713, "execution_time_ms": -270.38716685455086}, "3": {"CPU_usage": 93.56550842489445, "RAM_usage": 73.09020856797713, "execution_time_ms": -270.38716685455086}, "4": {"CPU_usage": 93.56550842489445, "RAM_usage": 73.09020856797713, "execution_time_ms": -270.38716685455086}}, "model report": {"openAI": {"CPU_usage": 93.56550842489446, "RAM_usage": 73.09020856797713, "execution_time_ms": -270.3871668545509}, "claude": {"CPU_usage": 93.56550842489446, "RAM_usage": 73.09020856797713, "execution_time_ms": -270.3871668545509}, "gemini": {"CPU_usage": 93.56550842489446, "RAM_usage": 73.09020856797713, "execution_time_ms": -270.3871668545509}}}}