{"improvements_metadata": {"cluster name": "protein_translator", "overall mean improvement": 77.8918795683035, "metric cluster report": {"CPU_usage": {"entry_quantity": 12, "sum": 1148.8411458333333, "mean": 95.73676215277777}, "RAM_usage": {"entry_quantity": 12, "sum": 1075.7608406028803, "mean": 89.64673671690669}, "execution_time_ms": {"entry_quantity": 12, "sum": 579.5056780227123, "mean": 48.29213983522603}}, "prompt v report": {"1": {"CPU_usage": 92.7126736111111, "RAM_usage": 93.34175171939744, "execution_time_ms": 93.56936094411044}, "2": {"CPU_usage": 96.74479166666667, "RAM_usage": 88.41506504940975, "execution_time_ms": 33.199732798931194}, "3": {"CPU_usage": 96.74479166666667, "RAM_usage": 88.41506504940975, "execution_time_ms": 33.199732798931194}, "4": {"CPU_usage": 96.74479166666667, "RAM_usage": 88.41506504940975, "execution_time_ms": 33.199732798931194}}, "model report": {"openAI": {"CPU_usage": 95.732421875, "RAM_usage": 89.64610919959684, "execution_time_ms": 48.333333333333336}, "claude": {"CPU_usage": 95.673828125, "RAM_usage": 89.64622504894635, "execution_time_ms": 48.236472945891784}, "gemini": {"CPU_usage": 95.80403645833331, "RAM_usage": 89.6478759021768, "execution_time_ms": 48.3066132264529}}}}