{"improvements_metadata": {"cluster name": "proverb", "overall mean improvement": 92.2945715691286, "metric cluster report": {"CPU_usage": {"entry_quantity": 120, "sum": 11291.198818705798, "mean": 94.09332348921498}, "RAM_usage": {"entry_quantity": 120, "sum": 11422.517497531213, "mean": 95.18764581276011}, "execution_time_ms": {"entry_quantity": 120, "sum": 10512.329448649285, "mean": 87.60274540541072}}, "prompt v report": {"1": {"CPU_usage": 93.07764717091756, "RAM_usage": 93.21934919345894, "execution_time_ms": 93.03382588985492}, "2": {"CPU_usage": 94.4318822619807, "RAM_usage": 95.84374468586049, "execution_time_ms": 85.7923852439293}, "3": {"CPU_usage": 94.4318822619807, "RAM_usage": 95.84374468586049, "execution_time_ms": 85.7923852439293}, "4": {"CPU_usage": 94.4318822619807, "RAM_usage": 95.84374468586049, "execution_time_ms": 85.7923852439293}}, "model report": {"openAI": {"CPU_usage": 94.08090730242161, "RAM_usage": 95.18640746366802, "execution_time_ms": 87.65643887438084}, "claude": {"CPU_usage": 94.10760602510803, "RAM_usage": 95.18718785980538, "execution_time_ms": 87.57669196611762}, "gemini": {"CPU_usage": 94.09145714011508, "RAM_usage": 95.18934211480692, "execution_time_ms": 87.57510537573367}}}}