{"improvements_metadata": {"cluster name": "pythagorean_triplet", "overall mean improvement": 92.96205499682283, "metric cluster report": {"CPU_usage": {"entry_quantity": 120, "sum": 11496.563645744785, "mean": 95.8046970478732}, "RAM_usage": {"entry_quantity": 120, "sum": 11512.23419875311, "mean": 95.93528498960926}, "execution_time_ms": {"entry_quantity": 120, "sum": 10457.541954358323, "mean": 87.14618295298602}}, "prompt v report": {"1": {"CPU_usage": 95.80469704787316, "RAM_usage": 95.93528498960926, "execution_time_ms": 87.14618295298601}, "2": {"CPU_usage": 95.80469704787316, "RAM_usage": 95.93528498960926, "execution_time_ms": 87.14618295298601}, "3": {"CPU_usage": 95.80469704787316, "RAM_usage": 95.93528498960926, "execution_time_ms": 87.14618295298601}, "4": {"CPU_usage": 95.80469704787316, "RAM_usage": 95.93528498960926, "execution_time_ms": 87.14618295298601}}, "model report": {"openAI": {"CPU_usage": 95.80469704787318, "RAM_usage": 95.93528498960924, "execution_time_ms": 87.14618295298598}, "claude": {"CPU_usage": 95.80469704787318, "RAM_usage": 95.93528498960924, "execution_time_ms": 87.14618295298598}, "gemini": {"CPU_usage": 95.80469704787318, "RAM_usage": 95.93528498960924, "execution_time_ms": 87.14618295298598}}}}