{"improvements_metadata": {"cluster name": "queen_attack", "overall mean improvement": 80.13461321336668, "metric cluster report": {"CPU_usage": {"entry_quantity": 108, "sum": 9845.74934788429, "mean": 91.16434581374342}, "RAM_usage": {"entry_quantity": 108, "sum": 5946.672935657365, "mean": 55.0617864412719}, "execution_time_ms": {"entry_quantity": 60, "sum": 5650.662443105081, "mean": 94.17770738508469}}, "prompt v report": {"1": {"CPU_usage": 91.2217104730051, "RAM_usage": 93.35499606185597, "execution_time_ms": 93.15992555893}, "2": {"CPU_usage": 91.14522426065624, "RAM_usage": 42.2973832344106, "execution_time_ms": 94.51696799380284}, "3": {"CPU_usage": 91.14522426065624, "RAM_usage": 42.2973832344106, "execution_time_ms": 94.51696799380284}, "4": {"CPU_usage": 91.14522426065624, "RAM_usage": 42.2973832344106, "execution_time_ms": 94.51696799380284}}, "model report": {"openAI": {"CPU_usage": 91.15045671222047, "RAM_usage": 55.05692831371542, "execution_time_ms": 94.15596446988123}, "claude": {"CPU_usage": 91.07740529683302, "RAM_usage": 55.06015582549683, "execution_time_ms": 94.19484895717241}, "gemini": {"CPU_usage": 91.2651754321769, "RAM_usage": 55.068275184603564, "execution_time_ms": 94.1823087282002}}}}