{"improvements_metadata": {"cluster name": "queen", "overall mean improvement": 73.0019461044733, "metric cluster report": {"CPU_usage": {"entry_quantity": 24, "sum": 2310.6390405664843, "mean": 96.27662669027018}, "RAM_usage": {"entry_quantity": 24, "sum": 2124.294796477636, "mean": 88.51228318656815}, "execution_time_ms": {"entry_quantity": 24, "sum": 821.2062824779588, "mean": 34.21692843658162}}, "prompt v report": {"1": {"CPU_usage": 96.27662669027019, "RAM_usage": 88.51228318656815, "execution_time_ms": 34.21692843658162}, "2": {"CPU_usage": 96.27662669027019, "RAM_usage": 88.51228318656815, "execution_time_ms": 34.21692843658162}, "3": {"CPU_usage": 96.27662669027019, "RAM_usage": 88.51228318656815, "execution_time_ms": 34.21692843658162}, "4": {"CPU_usage": 96.27662669027019, "RAM_usage": 88.51228318656815, "execution_time_ms": 34.21692843658162}}, "model report": {"openAI": {"CPU_usage": 96.2766266902702, "RAM_usage": 88.51228318656815, "execution_time_ms": 34.21692843658162}, "claude": {"CPU_usage": 96.2766266902702, "RAM_usage": 88.51228318656815, "execution_time_ms": 34.21692843658162}, "gemini": {"CPU_usage": 96.2766266902702, "RAM_usage": 88.51228318656815, "execution_time_ms": 34.21692843658162}}}}