{"improvements_metadata": {"cluster name": "queens_problem", "overall mean improvement": 52.29286513690182, "metric cluster report": {"CPU_usage": {"entry_quantity": 12, "sum": 1153.3799533799531, "mean": 96.11499611499609}, "RAM_usage": {"entry_quantity": 12, "sum": 741.2844036697247, "mean": 61.773700305810394}, "execution_time_ms": {"entry_quantity": 12, "sum": -12.121212121212123, "mean": -1.0101010101010102}}, "prompt v report": {"1": {"CPU_usage": 96.11499611499612, "RAM_usage": 61.773700305810394, "execution_time_ms": -1.0101010101010102}, "2": {"CPU_usage": 96.11499611499612, "RAM_usage": 61.773700305810394, "execution_time_ms": -1.0101010101010102}, "3": {"CPU_usage": 96.11499611499612, "RAM_usage": 61.773700305810394, "execution_time_ms": -1.0101010101010102}, "4": {"CPU_usage": 96.11499611499612, "RAM_usage": 61.773700305810394, "execution_time_ms": -1.0101010101010102}}, "model report": {"openAI": {"CPU_usage": 96.1149961149961, "RAM_usage": 61.773700305810394, "execution_time_ms": -1.0101010101010102}, "claude": {"CPU_usage": 96.1149961149961, "RAM_usage": 61.773700305810394, "execution_time_ms": -1.0101010101010102}, "gemini": {"CPU_usage": 96.1149961149961, "RAM_usage": 61.773700305810394, "execution_time_ms": -1.0101010101010102}}}}