{"improvements_metadata": {"cluster name": "rail_fence_cipher", "overall mean improvement": 96.1341460961393, "metric cluster report": {"CPU_usage": {"entry_quantity": 36, "sum": 3396.9366636834316, "mean": 94.35935176898421}, "RAM_usage": {"entry_quantity": 36, "sum": 3475.9993275278416, "mean": 96.55553687577338}, "execution_time_ms": {"entry_quantity": 36, "sum": 3509.5517871717716, "mean": 97.48754964366032}}, "prompt v report": {"1": {"CPU_usage": 93.41325505799234, "RAM_usage": 93.39141910618389, "execution_time_ms": 93.2387039541398}, "2": {"CPU_usage": 94.67471733931487, "RAM_usage": 97.61024279896986, "execution_time_ms": 98.90383154016715}, "3": {"CPU_usage": 94.67471733931487, "RAM_usage": 97.61024279896986, "execution_time_ms": 98.90383154016715}, "4": {"CPU_usage": 94.67471733931487, "RAM_usage": 97.61024279896986, "execution_time_ms": 98.90383154016715}}, "model report": {"openAI": {"CPU_usage": 94.29311718803679, "RAM_usage": 96.54903288288222, "execution_time_ms": 97.52782348022328}, "claude": {"CPU_usage": 94.39247735829856, "RAM_usage": 96.55460424077235, "execution_time_ms": 97.47974984519864}, "gemini": {"CPU_usage": 94.39246076061738, "RAM_usage": 96.56297350366553, "execution_time_ms": 97.45507560555899}}}}