{"improvements_metadata": {"cluster name": "raindrops", "overall mean improvement": 93.05407695984688, "metric cluster report": {"CPU_usage": {"entry_quantity": 300, "sum": 27928.60547845385, "mean": 93.09535159484616}, "RAM_usage": {"entry_quantity": 300, "sum": 27993.012682425328, "mean": 93.3100422747511}, "execution_time_ms": {"entry_quantity": 180, "sum": 16696.230661789803, "mean": 92.75683700994335}}, "prompt v report": {"1": {"CPU_usage": 92.8146442860238, "RAM_usage": 93.30199523584267, "execution_time_ms": 92.84328140117825}, "2": {"CPU_usage": 93.28491585990643, "RAM_usage": 93.31147524818739, "execution_time_ms": 92.80416551190261}, "3": {"CPU_usage": 93.37470830235601, "RAM_usage": 93.3066584209804, "execution_time_ms": 92.5631613447822}, "4": {"CPU_usage": 92.90713793109838, "RAM_usage": 93.32004019399413, "execution_time_ms": 92.81673978191009}}, "model report": {"openAI": {"CPU_usage": 93.04133240568478, "RAM_usage": 93.30803680129628, "execution_time_ms": 92.34867153637796}, "claude": {"CPU_usage": 93.11000808808296, "RAM_usage": 93.31386829275098, "execution_time_ms": 92.97058472532255}, "gemini": {"CPU_usage": 93.13471429077079, "RAM_usage": 93.30822173020623, "execution_time_ms": 92.95125476812936}}}}