{"improvements_metadata": {"cluster name": "ransom_note", "overall mean improvement": 4.333849070583379, "metric cluster report": {"CPU_usage": {"entry_quantity": 12, "sum": 1144.0063341250993, "mean": 95.3338611770916}, "RAM_usage": {"entry_quantity": 12, "sum": 836.0122324159021, "mean": 69.6676860346585}, "execution_time_ms": {"entry_quantity": 12, "sum": -1823.9999999999998, "mean": -151.99999999999997}}, "prompt v report": {"1": {"CPU_usage": 93.21192926893639, "RAM_usage": 93.34964322120287, "execution_time_ms": 92.0}, "2": {"CPU_usage": 96.04117181314331, "RAM_usage": 61.773700305810394, "execution_time_ms": -233.33333333333334}, "3": {"CPU_usage": 96.04117181314331, "RAM_usage": 61.773700305810394, "execution_time_ms": -233.33333333333334}, "4": {"CPU_usage": 96.04117181314331, "RAM_usage": 61.773700305810394, "execution_time_ms": -233.33333333333334}}, "model report": {"openAI": {"CPU_usage": 95.34441805225653, "RAM_usage": 69.66666666666666, "execution_time_ms": -152.33333333333334}, "claude": {"CPU_usage": 95.30878859857482, "RAM_usage": 69.66666666666666, "execution_time_ms": -151.66666666666669}, "gemini": {"CPU_usage": 95.34837688044338, "RAM_usage": 69.6697247706422, "execution_time_ms": -152.0}}}}