{"improvements_metadata": {"cluster name": "rational_numbers", "overall mean improvement": 98.0029497333244, "metric cluster report": {"CPU_usage": {"entry_quantity": 31, "sum": 3015.530362672544, "mean": 97.27517298943691}, "RAM_usage": {"entry_quantity": 31, "sum": 3046.138299801251, "mean": 98.26252580004035}, "execution_time_ms": {"entry_quantity": 31, "sum": 3052.605662725375, "mean": 98.47115041049598}}, "prompt v report": {"1": {"CPU_usage": 86.60578386605785, "RAM_usage": 89.78632989221254, "execution_time_ms": 92.47215054106003}, "2": {"CPU_usage": 98.85582322993754, "RAM_usage": 99.51825852712597, "execution_time_ms": 99.3598911318939}, "3": {"CPU_usage": 98.85582322993754, "RAM_usage": 99.51825852712597, "execution_time_ms": 99.3598911318939}, "4": {"CPU_usage": 98.85582322993754, "RAM_usage": 99.51825852712597, "execution_time_ms": 99.3598911318939}}, "model report": {"openAI": {"CPU_usage": 98.85582322993756, "RAM_usage": 99.51825852712597, "execution_time_ms": 99.35989113189392}, "claude": {"CPU_usage": 97.14051235071548, "RAM_usage": 97.76635828376116, "execution_time_ms": 97.78324757076015}, "gemini": {"CPU_usage": 96.1165743404761, "RAM_usage": 97.73127563052226, "execution_time_ms": 98.43190175090626}}}}