{"improvements_metadata": {"cluster name": "react", "overall mean improvement": 97.65552756228384, "metric cluster report": {"CPU_usage": {"entry_quantity": 24, "sum": 2318.001525553012, "mean": 96.58339689804217}, "RAM_usage": {"entry_quantity": 24, "sum": 2340.7962878276203, "mean": 97.53317865948418}, "execution_time_ms": {"entry_quantity": 24, "sum": 2372.400171103804, "mean": 98.85000712932516}}, "prompt v report": {"1": {"CPU_usage": 96.58339689804221, "RAM_usage": 97.53317865948418, "execution_time_ms": 98.85000712932515}, "2": {"CPU_usage": 96.58339689804221, "RAM_usage": 97.53317865948418, "execution_time_ms": 98.85000712932515}, "3": {"CPU_usage": 96.58339689804221, "RAM_usage": 97.53317865948418, "execution_time_ms": 98.85000712932515}, "4": {"CPU_usage": 96.58339689804221, "RAM_usage": 97.53317865948418, "execution_time_ms": 98.85000712932515}}, "model report": {"openAI": {"CPU_usage": 96.58339689804221, "RAM_usage": 97.53317865948418, "execution_time_ms": 98.85000712932515}, "claude": {"CPU_usage": 96.58339689804221, "RAM_usage": 97.53317865948418, "execution_time_ms": 98.85000712932515}, "gemini": {"CPU_usage": 96.58339689804221, "RAM_usage": 97.53317865948418, "execution_time_ms": 98.85000712932515}}}}