{"improvements_metadata": {"cluster name": "rectangles", "overall mean improvement": 95.12480417473222, "metric cluster report": {"CPU_usage": {"entry_quantity": 104, "sum": 9895.60942041784, "mean": 95.15009058094077}, "RAM_usage": {"entry_quantity": 104, "sum": 10029.997812243357, "mean": 96.44228665618613}, "execution_time_ms": {"entry_quantity": 104, "sum": 9753.331669855255, "mean": 93.78203528706976}}, "prompt v report": {"1": {"CPU_usage": 93.09107795741194, "RAM_usage": 93.32529149429962, "execution_time_ms": 93.96419502751856}, "2": {"CPU_usage": 95.73474848638722, "RAM_usage": 97.32735935647484, "execution_time_ms": 93.73031091632487}, "3": {"CPU_usage": 95.73474848638722, "RAM_usage": 97.32735935647484, "execution_time_ms": 93.73031091632487}, "4": {"CPU_usage": 95.73474848638722, "RAM_usage": 97.32735935647484, "execution_time_ms": 93.73031091632487}}, "model report": {"openAI": {"CPU_usage": 95.11169744851807, "RAM_usage": 96.49613499007684, "execution_time_ms": 93.87343439458776}, "claude": {"CPU_usage": 95.17628678415173, "RAM_usage": 96.41138556136252, "execution_time_ms": 93.80040127439673}, "gemini": {"CPU_usage": 95.16119056351174, "RAM_usage": 96.42087794094432, "execution_time_ms": 93.67488159529636}}}}