{"improvements_metadata": {"cluster name": "resistor_color", "overall mean improvement": 89.1769386754447, "metric cluster report": {"CPU_usage": {"entry_quantity": 96, "sum": 9017.180448619041, "mean": 93.92896300644834}, "RAM_usage": {"entry_quantity": 96, "sum": 9074.758014562642, "mean": 94.52872931836085}, "execution_time_ms": {"entry_quantity": 96, "sum": 7591.019875346392, "mean": 79.07312370152492}}, "prompt v report": {"1": {"CPU_usage": 93.9289630064484, "RAM_usage": 94.52872931836077, "execution_time_ms": 79.07312370152484}, "2": {"CPU_usage": 93.9289630064484, "RAM_usage": 94.52872931836077, "execution_time_ms": 79.07312370152484}, "3": {"CPU_usage": 93.9289630064484, "RAM_usage": 94.52872931836077, "execution_time_ms": 79.07312370152484}, "4": {"CPU_usage": 93.9289630064484, "RAM_usage": 94.52872931836077, "execution_time_ms": 79.07312370152484}}, "model report": {"openAI": {"CPU_usage": 93.92896300644837, "RAM_usage": 94.52872931836077, "execution_time_ms": 79.07312370152484}, "claude": {"CPU_usage": 93.92896300644837, "RAM_usage": 94.52872931836077, "execution_time_ms": 79.07312370152484}, "gemini": {"CPU_usage": 93.92896300644837, "RAM_usage": 94.52872931836077, "execution_time_ms": 79.07312370152484}}}}