{"improvements_metadata": {"cluster name": "resistor_color_duo", "overall mean improvement": 87.7972145651338, "metric cluster report": {"CPU_usage": {"entry_quantity": 132, "sum": 12162.054669061894, "mean": 92.13677779592344}, "RAM_usage": {"entry_quantity": 132, "sum": 12344.700841193782, "mean": 93.52046091813472}, "execution_time_ms": {"entry_quantity": 132, "sum": 10260.941457537303, "mean": 77.7344049813432}}, "prompt v report": {"1": {"CPU_usage": 92.13677779592352, "RAM_usage": 93.52046091813477, "execution_time_ms": 77.7344049813432}, "2": {"CPU_usage": 92.13677779592352, "RAM_usage": 93.52046091813477, "execution_time_ms": 77.7344049813432}, "3": {"CPU_usage": 92.13677779592352, "RAM_usage": 93.52046091813477, "execution_time_ms": 77.7344049813432}, "4": {"CPU_usage": 92.13677779592352, "RAM_usage": 93.52046091813477, "execution_time_ms": 77.7344049813432}}, "model report": {"openAI": {"CPU_usage": 92.1367777959235, "RAM_usage": 93.52046091813477, "execution_time_ms": 77.73440498134322}, "claude": {"CPU_usage": 92.1367777959235, "RAM_usage": 93.52046091813477, "execution_time_ms": 77.73440498134322}, "gemini": {"CPU_usage": 92.1367777959235, "RAM_usage": 93.52046091813477, "execution_time_ms": 77.73440498134322}}}}