{"improvements_metadata": {"cluster name": "resistor_color_trio", "overall mean improvement": 96.6167937405076, "metric cluster report": {"CPU_usage": {"entry_quantity": 72, "sum": 7018.896503351564, "mean": 97.48467365766061}, "RAM_usage": {"entry_quantity": 72, "sum": 6994.041953330535, "mean": 97.13947157403521}, "execution_time_ms": {"entry_quantity": 72, "sum": 6856.288991267543, "mean": 95.22623598982699}}, "prompt v report": {"1": {"CPU_usage": 97.48467365766065, "RAM_usage": 97.13947157403521, "execution_time_ms": 95.22623598982699}, "2": {"CPU_usage": 97.48467365766065, "RAM_usage": 97.13947157403521, "execution_time_ms": 95.22623598982699}, "3": {"CPU_usage": 97.48467365766065, "RAM_usage": 97.13947157403521, "execution_time_ms": 95.22623598982699}, "4": {"CPU_usage": 97.48467365766065, "RAM_usage": 97.13947157403521, "execution_time_ms": 95.22623598982699}}, "model report": {"openAI": {"CPU_usage": 97.48467365766062, "RAM_usage": 97.1394715740352, "execution_time_ms": 95.22623598982703}, "claude": {"CPU_usage": 97.48467365766062, "RAM_usage": 97.1394715740352, "execution_time_ms": 95.22623598982703}, "gemini": {"CPU_usage": 97.48467365766062, "RAM_usage": 97.1394715740352, "execution_time_ms": 95.22623598982703}}}}