{"improvements_metadata": {"cluster name": "resistor_color_enum", "overall mean improvement": 92.1724361289118, "metric cluster report": {"CPU_usage": {"entry_quantity": 12, "sum": 1172.183588317107, "mean": 97.68196569309225}, "RAM_usage": {"entry_quantity": 12, "sum": 1120.8492871488922, "mean": 93.40410726240769}, "execution_time_ms": {"entry_quantity": 12, "sum": 1025.1748251748252, "mean": 85.43123543123544}}, "prompt v report": {"1": {"CPU_usage": 97.68196569309225, "RAM_usage": 93.40410726240769, "execution_time_ms": 85.43123543123544}, "2": {"CPU_usage": 97.68196569309225, "RAM_usage": 93.40410726240769, "execution_time_ms": 85.43123543123544}, "3": {"CPU_usage": 97.68196569309225, "RAM_usage": 93.40410726240769, "execution_time_ms": 85.43123543123544}, "4": {"CPU_usage": 97.68196569309225, "RAM_usage": 93.40410726240769, "execution_time_ms": 85.43123543123544}}, "model report": {"openAI": {"CPU_usage": 97.68196569309225, "RAM_usage": 93.40410726240769, "execution_time_ms": 85.43123543123544}, "claude": {"CPU_usage": 97.68196569309225, "RAM_usage": 93.40410726240769, "execution_time_ms": 85.43123543123544}, "gemini": {"CPU_usage": 97.68196569309225, "RAM_usage": 93.40410726240769, "execution_time_ms": 85.43123543123544}}}}