{"improvements_metadata": {"cluster name": "reverse_string", "overall mean improvement": 90.3960819773709, "metric cluster report": {"CPU_usage": {"entry_quantity": 288, "sum": 27021.260156500088, "mean": 93.82381998784753}, "RAM_usage": {"entry_quantity": 288, "sum": 26199.19080060444, "mean": 90.96941250209875}, "execution_time_ms": {"entry_quantity": 276, "sum": 23845.023710037935, "mean": 86.39501344216643}}, "prompt v report": {"1": {"CPU_usage": 92.54668755829157, "RAM_usage": 93.07482144244983, "execution_time_ms": 92.87954053091535}, "2": {"CPU_usage": 94.24953079769956, "RAM_usage": 90.26760952198158, "execution_time_ms": 84.23350441258326}, "3": {"CPU_usage": 94.24953079769956, "RAM_usage": 90.26760952198158, "execution_time_ms": 84.23350441258326}, "4": {"CPU_usage": 94.24953079769956, "RAM_usage": 90.26760952198158, "execution_time_ms": 84.23350441258326}}, "model report": {"openAI": {"CPU_usage": 93.90442121039747, "RAM_usage": 90.97276723877248, "execution_time_ms": 86.36054654328449}, "claude": {"CPU_usage": 93.83857425154606, "RAM_usage": 90.96400184630723, "execution_time_ms": 86.40792676675795}, "gemini": {"CPU_usage": 93.72846450159896, "RAM_usage": 90.97146842121616, "execution_time_ms": 86.41656701645643}}}}