{"improvements_metadata": {"cluster name": "reverse_integer", "overall mean improvement": 4.390131371561675, "metric cluster report": {"CPU_usage": {"entry_quantity": 12, "sum": 1144.6746987951806, "mean": 95.38955823293172}, "RAM_usage": {"entry_quantity": 12, "sum": 836.0366972477065, "mean": 69.6697247706422}, "execution_time_ms": {"entry_quantity": 12, "sum": -1822.6666666666665, "mean": -151.88888888888889}}, "prompt v report": {"1": {"CPU_usage": 93.60642570281124, "RAM_usage": 93.35779816513762, "execution_time_ms": 92.44444444444444}, "2": {"CPU_usage": 95.98393574297188, "RAM_usage": 61.773700305810394, "execution_time_ms": -233.33333333333334}, "3": {"CPU_usage": 95.98393574297188, "RAM_usage": 61.773700305810394, "execution_time_ms": -233.33333333333334}, "4": {"CPU_usage": 95.98393574297188, "RAM_usage": 61.773700305810394, "execution_time_ms": -233.33333333333334}}, "model report": {"openAI": {"CPU_usage": 95.49397590361446, "RAM_usage": 69.67278287461774, "execution_time_ms": -151.66666666666669}, "claude": {"CPU_usage": 95.37751004016064, "RAM_usage": 69.6697247706422, "execution_time_ms": -152.0}, "gemini": {"CPU_usage": 95.29718875502007, "RAM_usage": 69.66666666666666, "execution_time_ms": -152.0}}}}