{"improvements_metadata": {"cluster name": "reverse_array", "overall mean improvement": 11.8435897016577, "metric cluster report": {"CPU_usage": {"entry_quantity": 12, "sum": 1146.7450980392157, "mean": 95.56209150326798}, "RAM_usage": {"entry_quantity": 12, "sum": 835.9877675840978, "mean": 69.66564729867481}, "execution_time_ms": {"entry_quantity": 12, "sum": -1556.3636363636363, "mean": -129.6969696969697}}, "prompt v report": {"1": {"CPU_usage": 94.01307189542483, "RAM_usage": 93.34148827726808, "execution_time_ms": 90.3030303030303}, "2": {"CPU_usage": 96.07843137254902, "RAM_usage": 61.773700305810394, "execution_time_ms": -203.03030303030303}, "3": {"CPU_usage": 96.07843137254902, "RAM_usage": 61.773700305810394, "execution_time_ms": -203.03030303030303}, "4": {"CPU_usage": 96.07843137254902, "RAM_usage": 61.773700305810394, "execution_time_ms": -203.03030303030303}}, "model report": {"openAI": {"CPU_usage": 95.61960784313725, "RAM_usage": 69.66360856269112, "execution_time_ms": -129.3939393939394}, "claude": {"CPU_usage": 95.47058823529412, "RAM_usage": 69.66666666666666, "execution_time_ms": -129.24242424242425}, "gemini": {"CPU_usage": 95.59607843137255, "RAM_usage": 69.66666666666666, "execution_time_ms": -130.45454545454547}}}}