{"improvements_metadata": {"cluster name": "rna_transcription", "overall mean improvement": 83.93544635691916, "metric cluster report": {"CPU_usage": {"entry_quantity": 306, "sum": 28332.15510594553, "mean": 92.58874217629258}, "RAM_usage": {"entry_quantity": 306, "sum": 25045.836797626718, "mean": 81.84913986152522}, "execution_time_ms": {"entry_quantity": 270, "sum": 20889.483398893713, "mean": 77.36845703293967}}, "prompt v report": {"1": {"CPU_usage": 91.92061971959522, "RAM_usage": 92.40349905429103, "execution_time_ms": 91.77956789803022}, "2": {"CPU_usage": 92.79431831681494, "RAM_usage": 78.60164472528967, "execution_time_ms": 72.98246676965127}, "3": {"CPU_usage": 92.79431831681494, "RAM_usage": 78.60164472528967, "execution_time_ms": 72.98246676965127}, "4": {"CPU_usage": 92.79431831681494, "RAM_usage": 78.60164472528967, "execution_time_ms": 72.98246676965127}}, "model report": {"openAI": {"CPU_usage": 92.61812380017005, "RAM_usage": 81.8680348123467, "execution_time_ms": 77.43486846657551}, "claude": {"CPU_usage": 92.61344486685489, "RAM_usage": 81.87087134552908, "execution_time_ms": 77.36122712440631}, "gemini": {"CPU_usage": 92.53465786185299, "RAM_usage": 81.80851342670019, "execution_time_ms": 77.3092755078374}}}}