{"improvements_metadata": {"cluster name": "robot_simulator", "overall mean improvement": 68.61856384962937, "metric cluster report": {"CPU_usage": {"entry_quantity": 72, "sum": 6318.652238522213, "mean": 87.75905886836408}, "RAM_usage": {"entry_quantity": 72, "sum": 3215.581378245381, "mean": 44.66085247563029}, "execution_time_ms": {"entry_quantity": 24, "sum": 1762.4587249174497, "mean": 73.43578020489373}}, "prompt v report": {"1": {"CPU_usage": 87.75905886836404, "RAM_usage": 44.66085247563025, "execution_time_ms": 73.43578020489375}, "2": {"CPU_usage": 87.75905886836404, "RAM_usage": 44.66085247563025, "execution_time_ms": 73.43578020489375}, "3": {"CPU_usage": 87.75905886836404, "RAM_usage": 44.66085247563025, "execution_time_ms": 73.43578020489375}, "4": {"CPU_usage": 87.75905886836404, "RAM_usage": 44.66085247563025, "execution_time_ms": 73.43578020489375}}, "model report": {"openAI": {"CPU_usage": 87.75905886836402, "RAM_usage": 44.660852475630264, "execution_time_ms": 73.43578020489375}, "claude": {"CPU_usage": 87.75905886836402, "RAM_usage": 44.660852475630264, "execution_time_ms": 73.43578020489375}, "gemini": {"CPU_usage": 87.75905886836402, "RAM_usage": 44.660852475630264, "execution_time_ms": 73.43578020489375}}}}