{"improvements_metadata": {"cluster name": "robot_name", "overall mean improvement": 68.22074094489865, "metric cluster report": {"CPU_usage": {"entry_quantity": 132, "sum": 12313.60630698667, "mean": 93.28489626505053}, "RAM_usage": {"entry_quantity": 132, "sum": 8994.582078171534, "mean": 68.14077331948131}, "execution_time_ms": {"entry_quantity": 108, "sum": 4669.547751017726, "mean": 43.23655325016413}}, "prompt v report": {"1": {"CPU_usage": 93.28489626505056, "RAM_usage": 68.1407733194813, "execution_time_ms": 43.23655325016415}, "2": {"CPU_usage": 93.28489626505056, "RAM_usage": 68.1407733194813, "execution_time_ms": 43.23655325016415}, "3": {"CPU_usage": 93.28489626505056, "RAM_usage": 68.1407733194813, "execution_time_ms": 43.23655325016415}, "4": {"CPU_usage": 93.28489626505056, "RAM_usage": 68.1407733194813, "execution_time_ms": 43.23655325016415}}, "model report": {"openAI": {"CPU_usage": 93.28489626505056, "RAM_usage": 68.1407733194813, "execution_time_ms": 43.23655325016416}, "claude": {"CPU_usage": 93.28489626505056, "RAM_usage": 68.1407733194813, "execution_time_ms": 43.23655325016416}, "gemini": {"CPU_usage": 93.28489626505056, "RAM_usage": 68.1407733194813, "execution_time_ms": 43.23655325016416}}}}