{"improvements_metadata": {"cluster name": "roman_numerals", "overall mean improvement": 82.61193476465613, "metric cluster report": {"CPU_usage": {"entry_quantity": 156, "sum": 14600.651742427708, "mean": 93.59392142581864}, "RAM_usage": {"entry_quantity": 156, "sum": 10081.655041809623, "mean": 64.625993857754}, "execution_time_ms": {"entry_quantity": 120, "sum": 10753.906681247492, "mean": 89.61588901039576}}, "prompt v report": {"1": {"CPU_usage": 93.59392142581866, "RAM_usage": 64.62599385775395, "execution_time_ms": 89.61588901039573}, "2": {"CPU_usage": 93.59392142581866, "RAM_usage": 64.62599385775395, "execution_time_ms": 89.61588901039573}, "3": {"CPU_usage": 93.59392142581866, "RAM_usage": 64.62599385775395, "execution_time_ms": 89.61588901039573}, "4": {"CPU_usage": 93.59392142581866, "RAM_usage": 64.62599385775395, "execution_time_ms": 89.61588901039573}}, "model report": {"openAI": {"CPU_usage": 93.59392142581865, "RAM_usage": 64.62599385775398, "execution_time_ms": 89.61588901039572}, "claude": {"CPU_usage": 93.59392142581865, "RAM_usage": 64.62599385775398, "execution_time_ms": 89.61588901039572}, "gemini": {"CPU_usage": 93.59392142581865, "RAM_usage": 64.62599385775398, "execution_time_ms": 89.61588901039572}}}}