{"improvements_metadata": {"cluster name": "rotational_cipher", "overall mean improvement": 88.254961149967, "metric cluster report": {"CPU_usage": {"entry_quantity": 143, "sum": 13479.149588816354, "mean": 94.25978733438009}, "RAM_usage": {"entry_quantity": 143, "sum": 13370.156923607452, "mean": 93.49760086438778}, "execution_time_ms": {"entry_quantity": 143, "sum": 11012.071820912035, "mean": 77.00749525113311}}, "prompt v report": {"1": {"CPU_usage": 92.17951090408752, "RAM_usage": 92.39768701709707, "execution_time_ms": 91.92034966473337}, "2": {"CPU_usage": 94.93395099234519, "RAM_usage": 93.85405442600955, "execution_time_ms": 72.17462576524416}, "3": {"CPU_usage": 94.93395099234519, "RAM_usage": 93.85405442600955, "execution_time_ms": 72.17462576524416}, "4": {"CPU_usage": 94.93395099234519, "RAM_usage": 93.85405442600955, "execution_time_ms": 72.17462576524416}}, "model report": {"openAI": {"CPU_usage": 94.17862800002091, "RAM_usage": 93.46874483606598, "execution_time_ms": 77.11133844540693}, "claude": {"CPU_usage": 94.37896855718678, "RAM_usage": 93.56454619948455, "execution_time_ms": 76.8879712931348}, "gemini": {"CPU_usage": 94.22424838807414, "RAM_usage": 93.46090625209361, "execution_time_ms": 77.02068593239932}}}}