{"improvements_metadata": {"cluster name": "run_length_encoding", "overall mean improvement": 92.14292389944809, "metric cluster report": {"CPU_usage": {"entry_quantity": 138, "sum": 12854.543102759235, "mean": 93.14886306347272}, "RAM_usage": {"entry_quantity": 138, "sum": 13069.294497913243, "mean": 94.70503259357422}, "execution_time_ms": {"entry_quantity": 138, "sum": 12223.332893699035, "mean": 88.57487604129736}}, "prompt v report": {"1": {"CPU_usage": 90.25976957769964, "RAM_usage": 90.70598644776709, "execution_time_ms": 90.25557681773287}, "2": {"CPU_usage": 93.95138903174298, "RAM_usage": 95.81587874518726, "execution_time_ms": 88.10801471450958}, "3": {"CPU_usage": 93.95138903174298, "RAM_usage": 95.81587874518726, "execution_time_ms": 88.10801471450958}, "4": {"CPU_usage": 93.95138903174298, "RAM_usage": 95.81587874518726, "execution_time_ms": 88.10801471450958}}, "model report": {"openAI": {"CPU_usage": 93.08498507559744, "RAM_usage": 94.76859671799717, "execution_time_ms": 88.50598218400178}, "claude": {"CPU_usage": 93.36332089208356, "RAM_usage": 94.90725792084696, "execution_time_ms": 88.801635877682}, "gemini": {"CPU_usage": 92.99420590436208, "RAM_usage": 94.44330042641617, "execution_time_ms": 88.41261258195517}}}}