{"improvements_metadata": {"cluster name": "saddle_points", "overall mean improvement": 95.09099664183763, "metric cluster report": {"CPU_usage": {"entry_quantity": 96, "sum": 9167.638204369177, "mean": 95.49623129551226}, "RAM_usage": {"entry_quantity": 96, "sum": 9316.462989304455, "mean": 97.0464894719214}, "execution_time_ms": {"entry_quantity": 96, "sum": 8902.105839175609, "mean": 92.73026915807925}}, "prompt v report": {"1": {"CPU_usage": 95.49623129551226, "RAM_usage": 97.04648947192142, "execution_time_ms": 92.73026915807924}, "2": {"CPU_usage": 95.49623129551226, "RAM_usage": 97.04648947192142, "execution_time_ms": 92.73026915807924}, "3": {"CPU_usage": 95.49623129551226, "RAM_usage": 97.04648947192142, "execution_time_ms": 92.73026915807924}, "4": {"CPU_usage": 95.49623129551226, "RAM_usage": 97.04648947192142, "execution_time_ms": 92.73026915807924}}, "model report": {"openAI": {"CPU_usage": 95.49623129551226, "RAM_usage": 97.04648947192142, "execution_time_ms": 92.73026915807924}, "claude": {"CPU_usage": 95.49623129551226, "RAM_usage": 97.04648947192142, "execution_time_ms": 92.73026915807924}, "gemini": {"CPU_usage": 95.49623129551226, "RAM_usage": 97.04648947192142, "execution_time_ms": 92.73026915807924}}}}