{"improvements_metadata": {"cluster name": "salary_calculator", "overall mean improvement": 92.67838005144642, "metric cluster report": {"CPU_usage": {"entry_quantity": 24, "sum": 2299.7542769384618, "mean": 95.8230948724359}, "RAM_usage": {"entry_quantity": 24, "sum": 2240.770337003043, "mean": 93.36543070846012}, "execution_time_ms": {"entry_quantity": 24, "sum": 2132.3187497626373, "mean": 88.84661457344322}}, "prompt v report": {"1": {"CPU_usage": 93.29273664535638, "RAM_usage": 93.30590204752112, "execution_time_ms": 93.12714417733217}, "2": {"CPU_usage": 96.66654761479577, "RAM_usage": 93.3852735954398, "execution_time_ms": 87.4197713721469}, "3": {"CPU_usage": 96.66654761479577, "RAM_usage": 93.3852735954398, "execution_time_ms": 87.4197713721469}, "4": {"CPU_usage": 96.66654761479577, "RAM_usage": 93.3852735954398, "execution_time_ms": 87.4197713721469}}, "model report": {"openAI": {"CPU_usage": 95.84642903913235, "RAM_usage": 93.36524718145057, "execution_time_ms": 88.83143917815502}, "claude": {"CPU_usage": 95.83083324404441, "RAM_usage": 93.37053338346723, "execution_time_ms": 88.83533192814552}, "gemini": {"CPU_usage": 95.79202233413096, "RAM_usage": 93.36051156046257, "execution_time_ms": 88.87307261402908}}}}