{"improvements_metadata": {"cluster name": "savings_account", "overall mean improvement": 98.13217909996598, "metric cluster report": {"CPU_usage": {"entry_quantity": 12, "sum": 1177.4266365688488, "mean": 98.11888638073741}, "RAM_usage": {"entry_quantity": 12, "sum": 1169.9303511759115, "mean": 97.49419593132596}, "execution_time_ms": {"entry_quantity": 12, "sum": 1185.4014598540148, "mean": 98.78345498783456}}, "prompt v report": {"1": {"CPU_usage": 98.11888638073738, "RAM_usage": 97.49419593132593, "execution_time_ms": 98.78345498783455}, "2": {"CPU_usage": 98.11888638073738, "RAM_usage": 97.49419593132593, "execution_time_ms": 98.78345498783455}, "3": {"CPU_usage": 98.11888638073738, "RAM_usage": 97.49419593132593, "execution_time_ms": 98.78345498783455}, "4": {"CPU_usage": 98.11888638073738, "RAM_usage": 97.49419593132593, "execution_time_ms": 98.78345498783455}}, "model report": {"openAI": {"CPU_usage": 98.1188863807374, "RAM_usage": 97.49419593132593, "execution_time_ms": 98.78345498783455}, "claude": {"CPU_usage": 98.1188863807374, "RAM_usage": 97.49419593132593, "execution_time_ms": 98.78345498783455}, "gemini": {"CPU_usage": 98.1188863807374, "RAM_usage": 97.49419593132593, "execution_time_ms": 98.78345498783455}}}}