{"improvements_metadata": {"cluster name": "say", "overall mean improvement": 81.44143051501634, "metric cluster report": {"CPU_usage": {"entry_quantity": 84, "sum": 7761.084441451885, "mean": 92.39386239823673}, "RAM_usage": {"entry_quantity": 84, "sum": 4814.428630681859, "mean": 57.314626555736425}, "execution_time_ms": {"entry_quantity": 48, "sum": 4541.5585243716405, "mean": 94.61580259107585}}, "prompt v report": {"1": {"CPU_usage": 93.39890446066403, "RAM_usage": 93.36699296347108, "execution_time_ms": 90.53367772656189}, "2": {"CPU_usage": 92.05884837742764, "RAM_usage": 45.29717108649155, "execution_time_ms": 95.97651087924714}, "3": {"CPU_usage": 92.05884837742764, "RAM_usage": 45.29717108649155, "execution_time_ms": 95.97651087924714}, "4": {"CPU_usage": 92.05884837742764, "RAM_usage": 45.29717108649155, "execution_time_ms": 95.97651087924714}}, "model report": {"openAI": {"CPU_usage": 92.33491837029533, "RAM_usage": 57.310940457585865, "execution_time_ms": 94.67735637125622}, "claude": {"CPU_usage": 92.42345942209752, "RAM_usage": 57.31055681594523, "execution_time_ms": 94.60360115331022}, "gemini": {"CPU_usage": 92.42320940231743, "RAM_usage": 57.322382393678176, "execution_time_ms": 94.566450248661}}}}