{"improvements_metadata": {"cluster name": "scale_generator", "overall mean improvement": 93.83837656784671, "metric cluster report": {"CPU_usage": {"entry_quantity": 36, "sum": 3375.946967511106, "mean": 93.77630465308627}, "RAM_usage": {"entry_quantity": 36, "sum": 3437.337914242723, "mean": 95.48160872896453}, "execution_time_ms": {"entry_quantity": 36, "sum": 3321.259787573616, "mean": 92.25721632148934}}, "prompt v report": {"1": {"CPU_usage": 93.06643968684479, "RAM_usage": 93.3313962107796, "execution_time_ms": 93.68814345732207}, "2": {"CPU_usage": 94.0129263085002, "RAM_usage": 96.1983462350262, "execution_time_ms": 91.78024060954505}, "3": {"CPU_usage": 94.0129263085002, "RAM_usage": 96.1983462350262, "execution_time_ms": 91.78024060954505}, "4": {"CPU_usage": 94.0129263085002, "RAM_usage": 96.1983462350262, "execution_time_ms": 91.78024060954505}}, "model report": {"openAI": {"CPU_usage": 93.6939042452921, "RAM_usage": 95.47468120721855, "execution_time_ms": 92.26447054336728}, "claude": {"CPU_usage": 93.84444668859523, "RAM_usage": 95.4974256657877, "execution_time_ms": 92.2585804905364}, "gemini": {"CPU_usage": 93.79056302537174, "RAM_usage": 95.47271931388745, "execution_time_ms": 92.24859793056423}}}}