{"improvements_metadata": {"cluster name": "scrabble_score", "overall mean improvement": 74.31594137492924, "metric cluster report": {"CPU_usage": {"entry_quantity": 161, "sum": 14673.492635553233, "mean": 91.13970581088965}, "RAM_usage": {"entry_quantity": 161, "sum": 11264.979095350567, "mean": 69.96881425683583}, "execution_time_ms": {"entry_quantity": 125, "sum": 7729.913007132784, "mean": 61.83930405706227}}, "prompt v report": {"1": {"CPU_usage": 91.24139848168784, "RAM_usage": 92.67917984083724, "execution_time_ms": 91.84199171374469}, "2": {"CPU_usage": 91.11145784677899, "RAM_usage": 63.66037937239097, "execution_time_ms": 53.95981032904476}, "3": {"CPU_usage": 91.11145784677899, "RAM_usage": 63.66037937239097, "execution_time_ms": 53.95981032904476}, "4": {"CPU_usage": 91.11145784677899, "RAM_usage": 63.66037937239097, "execution_time_ms": 53.95981032904476}}, "model report": {"openAI": {"CPU_usage": 91.04182235562462, "RAM_usage": 69.72694261897712, "execution_time_ms": 61.32658514696845}, "claude": {"CPU_usage": 91.14218703227216, "RAM_usage": 70.08428008976085, "execution_time_ms": 62.073644609069}, "gemini": {"CPU_usage": 91.23329538819313, "RAM_usage": 70.09074095736463, "execution_time_ms": 62.10547482205216}}}}