{"improvements_metadata": {"cluster name": "secret_handshake", "overall mean improvement": 93.07705283163075, "metric cluster report": {"CPU_usage": {"entry_quantity": 144, "sum": 13650.980816702073, "mean": 94.7984778937644}, "RAM_usage": {"entry_quantity": 144, "sum": 12548.158843775042, "mean": 87.13999197066}, "execution_time_ms": {"entry_quantity": 132, "sum": 12842.63489922176, "mean": 97.29268863046788}}, "prompt v report": {"1": {"CPU_usage": 94.79847789376433, "RAM_usage": 87.13999197066006, "execution_time_ms": 97.29268863046775}, "2": {"CPU_usage": 94.79847789376433, "RAM_usage": 87.13999197066006, "execution_time_ms": 97.29268863046775}, "3": {"CPU_usage": 94.79847789376433, "RAM_usage": 87.13999197066006, "execution_time_ms": 97.29268863046775}, "4": {"CPU_usage": 94.79847789376433, "RAM_usage": 87.13999197066006, "execution_time_ms": 97.29268863046775}}, "model report": {"openAI": {"CPU_usage": 94.79847789376434, "RAM_usage": 87.13999197066006, "execution_time_ms": 97.29268863046774}, "claude": {"CPU_usage": 94.79847789376434, "RAM_usage": 87.13999197066006, "execution_time_ms": 97.29268863046774}, "gemini": {"CPU_usage": 94.79847789376434, "RAM_usage": 87.13999197066006, "execution_time_ms": 97.29268863046774}}}}