{"improvements_metadata": {"cluster name": "secrets", "overall mean improvement": 92.53864977675107, "metric cluster report": {"CPU_usage": {"entry_quantity": 36, "sum": 3415.2230448216374, "mean": 94.86730680060104}, "RAM_usage": {"entry_quantity": 36, "sum": 3362.1546323716666, "mean": 93.39318423254629}, "execution_time_ms": {"entry_quantity": 36, "sum": 3216.796498695811, "mean": 89.35545829710586}}, "prompt v report": {"1": {"CPU_usage": 92.35494607403841, "RAM_usage": 93.31130271406451, "execution_time_ms": 93.44124220554426}, "2": {"CPU_usage": 95.70476037612187, "RAM_usage": 93.4204780720403, "execution_time_ms": 87.99353032762643}, "3": {"CPU_usage": 95.70476037612187, "RAM_usage": 93.4204780720403, "execution_time_ms": 87.99353032762643}, "4": {"CPU_usage": 95.70476037612187, "RAM_usage": 93.4204780720403, "execution_time_ms": 87.99353032762643}}, "model report": {"openAI": {"CPU_usage": 94.72460307906317, "RAM_usage": 93.38738675472592, "execution_time_ms": 89.3678559342175}, "claude": {"CPU_usage": 95.2004768401482, "RAM_usage": 93.39922446731767, "execution_time_ms": 89.33868402975956}, "gemini": {"CPU_usage": 94.67684048259166, "RAM_usage": 93.39294147559546, "execution_time_ms": 89.35983492734066}}}}