{"improvements_metadata": {"cluster name": "series", "overall mean improvement": 63.530373141779144, "metric cluster report": {"CPU_usage": {"entry_quantity": 72, "sum": 6716.737169587016, "mean": 93.28801624426411}, "RAM_usage": {"entry_quantity": 72, "sum": 3616.764036817636, "mean": 50.232833844689395}, "execution_time_ms": {"entry_quantity": 48, "sum": 2259.3729281464275, "mean": 47.07026933638391}}, "prompt v report": {"1": {"CPU_usage": 93.28801624426411, "RAM_usage": 50.23283384468937, "execution_time_ms": 47.070269336383916}, "2": {"CPU_usage": 93.28801624426411, "RAM_usage": 50.23283384468937, "execution_time_ms": 47.070269336383916}, "3": {"CPU_usage": 93.28801624426411, "RAM_usage": 50.23283384468937, "execution_time_ms": 47.070269336383916}, "4": {"CPU_usage": 93.28801624426411, "RAM_usage": 50.23283384468937, "execution_time_ms": 47.070269336383916}}, "model report": {"openAI": {"CPU_usage": 93.28801624426409, "RAM_usage": 50.23283384468937, "execution_time_ms": 47.070269336383916}, "claude": {"CPU_usage": 93.28801624426409, "RAM_usage": 50.23283384468937, "execution_time_ms": 47.070269336383916}, "gemini": {"CPU_usage": 93.28801624426409, "RAM_usage": 50.23283384468937, "execution_time_ms": 47.070269336383916}}}}