{"improvements_metadata": {"cluster name": "set_matrix_zeroes", "overall mean improvement": 11.920797179341273, "metric cluster report": {"CPU_usage": {"entry_quantity": 12, "sum": 1141.7252931323283, "mean": 95.14377442769403}, "RAM_usage": {"entry_quantity": 12, "sum": 834.6961325966848, "mean": 69.55801104972373}, "execution_time_ms": {"entry_quantity": 12, "sum": -1547.2727272727273, "mean": -128.93939393939394}}, "prompt v report": {"1": {"CPU_usage": 93.13791178112785, "RAM_usage": 93.33333333333333, "execution_time_ms": 93.33333333333333}, "2": {"CPU_usage": 95.81239530988275, "RAM_usage": 61.6329036218539, "execution_time_ms": -203.03030303030303}, "3": {"CPU_usage": 95.81239530988275, "RAM_usage": 61.6329036218539, "execution_time_ms": -203.03030303030303}, "4": {"CPU_usage": 95.81239530988275, "RAM_usage": 61.6329036218539, "execution_time_ms": -203.03030303030303}}, "model report": {"openAI": {"CPU_usage": 95.18006700167504, "RAM_usage": 69.56108041743401, "execution_time_ms": -129.0909090909091}, "claude": {"CPU_usage": 95.10050251256281, "RAM_usage": 69.5549416820135, "execution_time_ms": -128.78787878787878}, "gemini": {"CPU_usage": 95.15075376884421, "RAM_usage": 69.55801104972376, "execution_time_ms": -128.93939393939394}}}}