{"improvements_metadata": {"cluster name": "shuffle_array", "overall mean improvement": 0.5404823396771595, "metric cluster report": {"CPU_usage": {"entry_quantity": 12, "sum": 1147.6439790575917, "mean": 95.63699825479931}, "RAM_usage": {"entry_quantity": 12, "sum": 748.7364620938625, "mean": 62.39470517448854}, "execution_time_ms": {"entry_quantity": 12, "sum": -1876.9230769230765, "mean": -156.41025641025638}}, "prompt v report": {"1": {"CPU_usage": 95.63699825479928, "RAM_usage": 62.394705174488564, "execution_time_ms": -156.4102564102564}, "2": {"CPU_usage": 95.63699825479928, "RAM_usage": 62.394705174488564, "execution_time_ms": -156.4102564102564}, "3": {"CPU_usage": 95.63699825479928, "RAM_usage": 62.394705174488564, "execution_time_ms": -156.4102564102564}, "4": {"CPU_usage": 95.63699825479928, "RAM_usage": 62.394705174488564, "execution_time_ms": -156.4102564102564}}, "model report": {"openAI": {"CPU_usage": 95.6369982547993, "RAM_usage": 62.394705174488564, "execution_time_ms": -156.4102564102564}, "claude": {"CPU_usage": 95.6369982547993, "RAM_usage": 62.394705174488564, "execution_time_ms": -156.4102564102564}, "gemini": {"CPU_usage": 95.6369982547993, "RAM_usage": 62.394705174488564, "execution_time_ms": -156.4102564102564}}}}