{"improvements_metadata": {"cluster name": "sieve", "overall mean improvement": 80.90106841998494, "metric cluster report": {"CPU_usage": {"entry_quantity": 120, "sum": 11244.293626323206, "mean": 93.70244688602672}, "RAM_usage": {"entry_quantity": 120, "sum": 6953.909682563072, "mean": 57.94924735469227}, "execution_time_ms": {"entry_quantity": 84, "sum": 7648.326925615809, "mean": 91.05151101923582}}, "prompt v report": {"1": {"CPU_usage": 93.70244688602672, "RAM_usage": 57.949247354692275, "execution_time_ms": 91.05151101923578}, "2": {"CPU_usage": 93.70244688602672, "RAM_usage": 57.949247354692275, "execution_time_ms": 91.05151101923578}, "3": {"CPU_usage": 93.70244688602672, "RAM_usage": 57.949247354692275, "execution_time_ms": 91.05151101923578}, "4": {"CPU_usage": 93.70244688602672, "RAM_usage": 57.949247354692275, "execution_time_ms": 91.05151101923578}}, "model report": {"openAI": {"CPU_usage": 93.70244688602675, "RAM_usage": 57.9492473546923, "execution_time_ms": 91.05151101923579}, "claude": {"CPU_usage": 93.70244688602675, "RAM_usage": 57.9492473546923, "execution_time_ms": 91.05151101923579}, "gemini": {"CPU_usage": 93.70244688602675, "RAM_usage": 57.9492473546923, "execution_time_ms": 91.05151101923579}}}}