{"improvements_metadata": {"cluster name": "simple_cipher", "overall mean improvement": 88.41125417451092, "metric cluster report": {"CPU_usage": {"entry_quantity": 100, "sum": 9425.462653494871, "mean": 94.25462653494871}, "RAM_usage": {"entry_quantity": 100, "sum": 9367.08303046911, "mean": 93.6708303046911}, "execution_time_ms": {"entry_quantity": 100, "sum": 7730.830568389294, "mean": 77.30830568389294}}, "prompt v report": {"1": {"CPU_usage": 92.37344590278681, "RAM_usage": 91.95425690786648, "execution_time_ms": 91.48107073658316}, "2": {"CPU_usage": 94.69589112767798, "RAM_usage": 94.07348332369926, "execution_time_ms": 73.98382993079284}, "3": {"CPU_usage": 94.69589112767798, "RAM_usage": 94.07348332369926, "execution_time_ms": 73.98382993079284}, "4": {"CPU_usage": 94.69589112767798, "RAM_usage": 94.07348332369926, "execution_time_ms": 73.98382993079284}}, "model report": {"openAI": {"CPU_usage": 94.52457391872339, "RAM_usage": 93.83852176706696, "execution_time_ms": 77.39330528655344}, "claude": {"CPU_usage": 94.27539536522204, "RAM_usage": 93.59059108197894, "execution_time_ms": 77.10453729252461}, "gemini": {"CPU_usage": 93.97246079778434, "RAM_usage": 93.58595018972318, "execution_time_ms": 77.42358127293295}}}}