{"improvements_metadata": {"cluster name": "simple_linked_list", "overall mean improvement": 94.24843270733895, "metric cluster report": {"CPU_usage": {"entry_quantity": 45, "sum": 4187.053599537503, "mean": 93.04563554527785}, "RAM_usage": {"entry_quantity": 45, "sum": 4318.431391301574, "mean": 95.96514202892386}, "execution_time_ms": {"entry_quantity": 45, "sum": 4218.05342465168, "mean": 93.73452054781511}}, "prompt v report": {"1": {"CPU_usage": 93.2740307507335, "RAM_usage": 93.42626720244041, "execution_time_ms": 93.51814985403529}, "2": {"CPU_usage": 92.98853674391388, "RAM_usage": 96.59986073554474, "execution_time_ms": 93.78861322126006}, "3": {"CPU_usage": 92.98853674391388, "RAM_usage": 96.59986073554474, "execution_time_ms": 93.78861322126006}, "4": {"CPU_usage": 92.98853674391388, "RAM_usage": 96.59986073554474, "execution_time_ms": 93.78861322126006}}, "model report": {"openAI": {"CPU_usage": 93.05744759051548, "RAM_usage": 95.96238959063024, "execution_time_ms": 93.74423359235357}, "claude": {"CPU_usage": 93.05287714864765, "RAM_usage": 95.95997616435638, "execution_time_ms": 93.72473867220492}, "gemini": {"CPU_usage": 93.02658189667025, "RAM_usage": 95.97306033178505, "execution_time_ms": 93.73458937888682}}}}