{"improvements_metadata": {"cluster name": "snakes_and_ladders", "overall mean improvement": -15.23276861748775, "metric cluster report": {"CPU_usage": {"entry_quantity": 12, "sum": 1149.238578680203, "mean": 95.76988155668359}, "RAM_usage": {"entry_quantity": 12, "sum": 738.7453874538743, "mean": 61.56211562115619}, "execution_time_ms": {"entry_quantity": 12, "sum": -2436.3636363636365, "mean": -203.03030303030303}}, "prompt v report": {"1": {"CPU_usage": 95.76988155668359, "RAM_usage": 61.56211562115621, "execution_time_ms": -203.03030303030303}, "2": {"CPU_usage": 95.76988155668359, "RAM_usage": 61.56211562115621, "execution_time_ms": -203.03030303030303}, "3": {"CPU_usage": 95.76988155668359, "RAM_usage": 61.56211562115621, "execution_time_ms": -203.03030303030303}, "4": {"CPU_usage": 95.76988155668359, "RAM_usage": 61.56211562115621, "execution_time_ms": -203.03030303030303}}, "model report": {"openAI": {"CPU_usage": 95.76988155668359, "RAM_usage": 61.56211562115621, "execution_time_ms": -203.03030303030303}, "claude": {"CPU_usage": 95.76988155668359, "RAM_usage": 61.56211562115621, "execution_time_ms": -203.03030303030303}, "gemini": {"CPU_usage": 95.76988155668359, "RAM_usage": 61.56211562115621, "execution_time_ms": -203.03030303030303}}}}