{"improvements_metadata": {"cluster name": "sort_rgb_array", "overall mean improvement": 11.732901230138802, "metric cluster report": {"CPU_usage": {"entry_quantity": 12, "sum": 1141.021645021645, "mean": 95.08513708513709}, "RAM_usage": {"entry_quantity": 12, "sum": 834.6961325966848, "mean": 69.55801104972373}, "execution_time_ms": {"entry_quantity": 12, "sum": -1553.3333333333333, "mean": -129.44444444444443}}, "prompt v report": {"1": {"CPU_usage": 93.32756132756134, "RAM_usage": 93.33333333333333, "execution_time_ms": 91.31313131313131}, "2": {"CPU_usage": 95.67099567099568, "RAM_usage": 61.6329036218539, "execution_time_ms": -203.03030303030303}, "3": {"CPU_usage": 95.67099567099568, "RAM_usage": 61.6329036218539, "execution_time_ms": -203.03030303030303}, "4": {"CPU_usage": 95.67099567099568, "RAM_usage": 61.6329036218539, "execution_time_ms": -203.03030303030303}}, "model report": {"openAI": {"CPU_usage": 95.07792207792208, "RAM_usage": 69.55801104972376, "execution_time_ms": -129.0909090909091}, "claude": {"CPU_usage": 95.05194805194807, "RAM_usage": 69.55187231430325, "execution_time_ms": -129.54545454545453}, "gemini": {"CPU_usage": 95.12554112554113, "RAM_usage": 69.56414978514425, "execution_time_ms": -129.6969696969697}}}}