{"improvements_metadata": {"cluster name": "sorting_room", "overall mean improvement": 96.97947951463912, "metric cluster report": {"CPU_usage": {"entry_quantity": 36, "sum": 3402.1973249956577, "mean": 94.50548124987938}, "RAM_usage": {"entry_quantity": 36, "sum": 3512.6557293736023, "mean": 97.57377026037784}, "execution_time_ms": {"entry_quantity": 36, "sum": 3558.9307332117655, "mean": 98.85918703366015}}, "prompt v report": {"1": {"CPU_usage": 94.50548124987935, "RAM_usage": 97.57377026037786, "execution_time_ms": 98.85918703366013}, "2": {"CPU_usage": 94.50548124987935, "RAM_usage": 97.57377026037786, "execution_time_ms": 98.85918703366013}, "3": {"CPU_usage": 94.50548124987935, "RAM_usage": 97.57377026037786, "execution_time_ms": 98.85918703366013}, "4": {"CPU_usage": 94.50548124987935, "RAM_usage": 97.57377026037786, "execution_time_ms": 98.85918703366013}}, "model report": {"openAI": {"CPU_usage": 94.50548124987937, "RAM_usage": 97.57377026037784, "execution_time_ms": 98.85918703366013}, "claude": {"CPU_usage": 94.50548124987937, "RAM_usage": 97.57377026037784, "execution_time_ms": 98.85918703366013}, "gemini": {"CPU_usage": 94.50548124987937, "RAM_usage": 97.57377026037784, "execution_time_ms": 98.85918703366013}}}}