{"improvements_metadata": {"cluster name": "space_age", "overall mean improvement": 79.99334582566716, "metric cluster report": {"CPU_usage": {"entry_quantity": 228, "sum": 21370.02260527617, "mean": 93.72816932138672}, "RAM_usage": {"entry_quantity": 228, "sum": 19513.462011979052, "mean": 85.58535970166251}, "execution_time_ms": {"entry_quantity": 216, "sum": 13103.965826053689, "mean": 60.66650845395226}}, "prompt v report": {"1": {"CPU_usage": 93.72816932138662, "RAM_usage": 85.58535970166234, "execution_time_ms": 60.666508453952254}, "2": {"CPU_usage": 93.72816932138662, "RAM_usage": 85.58535970166234, "execution_time_ms": 60.666508453952254}, "3": {"CPU_usage": 93.72816932138662, "RAM_usage": 85.58535970166234, "execution_time_ms": 60.666508453952254}, "4": {"CPU_usage": 93.72816932138662, "RAM_usage": 85.58535970166234, "execution_time_ms": 60.666508453952254}}, "model report": {"openAI": {"CPU_usage": 93.72816932138662, "RAM_usage": 85.58535970166236, "execution_time_ms": 60.66650845395226}, "claude": {"CPU_usage": 93.72816932138662, "RAM_usage": 85.58535970166236, "execution_time_ms": 60.66650845395226}, "gemini": {"CPU_usage": 93.72816932138662, "RAM_usage": 85.58535970166236, "execution_time_ms": 60.66650845395226}}}}