{"improvements_metadata": {"cluster name": "spiral_matrix_builder", "overall mean improvement": 92.1757661468057, "metric cluster report": {"CPU_usage": {"entry_quantity": 12, "sum": 1171.590909090909, "mean": 97.63257575757575}, "RAM_usage": {"entry_quantity": 12, "sum": 1120.725362929198, "mean": 93.39378024409983}, "execution_time_ms": {"entry_quantity": 12, "sum": 1026.0113092648978, "mean": 85.50094243874149}}, "prompt v report": {"1": {"CPU_usage": 97.63257575757575, "RAM_usage": 93.3937802440998, "execution_time_ms": 85.50094243874146}, "2": {"CPU_usage": 97.63257575757575, "RAM_usage": 93.3937802440998, "execution_time_ms": 85.50094243874146}, "3": {"CPU_usage": 97.63257575757575, "RAM_usage": 93.3937802440998, "execution_time_ms": 85.50094243874146}, "4": {"CPU_usage": 97.63257575757575, "RAM_usage": 93.3937802440998, "execution_time_ms": 85.50094243874146}}, "model report": {"openAI": {"CPU_usage": 97.63257575757575, "RAM_usage": 93.39378024409982, "execution_time_ms": 85.50094243874148}, "claude": {"CPU_usage": 97.63257575757575, "RAM_usage": 93.39378024409982, "execution_time_ms": 85.50094243874148}, "gemini": {"CPU_usage": 97.63257575757575, "RAM_usage": 93.39378024409982, "execution_time_ms": 85.50094243874148}}}}