{"improvements_metadata": {"cluster name": "spiral_matrix", "overall mean improvement": 80.4585441640654, "metric cluster report": {"CPU_usage": {"entry_quantity": 120, "sum": 11149.034000418285, "mean": 92.90861667015238}, "RAM_usage": {"entry_quantity": 120, "sum": 10902.98327322071, "mean": 90.85819394350592}, "execution_time_ms": {"entry_quantity": 120, "sum": 6913.058625424548, "mean": 57.6088218785379}}, "prompt v report": {"1": {"CPU_usage": 92.90861667015245, "RAM_usage": 90.8581939435059, "execution_time_ms": 57.60882187853789}, "2": {"CPU_usage": 92.90861667015245, "RAM_usage": 90.8581939435059, "execution_time_ms": 57.60882187853789}, "3": {"CPU_usage": 92.90861667015245, "RAM_usage": 90.8581939435059, "execution_time_ms": 57.60882187853789}, "4": {"CPU_usage": 92.90861667015245, "RAM_usage": 90.8581939435059, "execution_time_ms": 57.60882187853789}}, "model report": {"openAI": {"CPU_usage": 92.90861667015251, "RAM_usage": 90.85819394350591, "execution_time_ms": 57.60882187853789}, "claude": {"CPU_usage": 92.90861667015251, "RAM_usage": 90.85819394350591, "execution_time_ms": 57.60882187853789}, "gemini": {"CPU_usage": 92.90861667015251, "RAM_usage": 90.85819394350591, "execution_time_ms": 57.60882187853789}}}}