{"improvements_metadata": {"cluster name": "split_coins", "overall mean improvement": 11.854433905875217, "metric cluster report": {"CPU_usage": {"entry_quantity": 12, "sum": 1142.5082508250825, "mean": 95.20902090209022}, "RAM_usage": {"entry_quantity": 12, "sum": 833.9483394833945, "mean": 69.49569495694955}, "execution_time_ms": {"entry_quantity": 12, "sum": -1549.6969696969695, "mean": -129.14141414141412}}, "prompt v report": {"1": {"CPU_usage": 93.2123212321232, "RAM_usage": 93.29643296432964, "execution_time_ms": 92.52525252525253}, "2": {"CPU_usage": 95.87458745874589, "RAM_usage": 61.56211562115621, "execution_time_ms": -203.03030303030303}, "3": {"CPU_usage": 95.87458745874589, "RAM_usage": 61.56211562115621, "execution_time_ms": -203.03030303030303}, "4": {"CPU_usage": 95.87458745874589, "RAM_usage": 61.56211562115621, "execution_time_ms": -203.03030303030303}}, "model report": {"openAI": {"CPU_usage": 95.18564356435644, "RAM_usage": 69.49569495694956, "execution_time_ms": -128.93939393939394}, "claude": {"CPU_usage": 95.16914191419141, "RAM_usage": 69.49569495694956, "execution_time_ms": -129.24242424242425}, "gemini": {"CPU_usage": 95.27227722772278, "RAM_usage": 69.49569495694956, "execution_time_ms": -129.24242424242425}}}}