{"improvements_metadata": {"cluster name": "square_root", "overall mean improvement": 31.566086304095737, "metric cluster report": {"CPU_usage": {"entry_quantity": 12, "sum": 1122.6086956521738, "mean": 93.55072463768114}, "RAM_usage": {"entry_quantity": 12, "sum": 834.6593001841618, "mean": 69.55494168201348}, "execution_time_ms": {"entry_quantity": 12, "sum": -820.8888888888889, "mean": -68.4074074074074}}, "prompt v report": {"1": {"CPU_usage": 92.31884057971014, "RAM_usage": 93.32105586249232, "execution_time_ms": 93.03703703703705}, "2": {"CPU_usage": 93.96135265700484, "RAM_usage": 61.6329036218539, "execution_time_ms": -122.22222222222223}, "3": {"CPU_usage": 93.96135265700484, "RAM_usage": 61.6329036218539, "execution_time_ms": -122.22222222222223}, "4": {"CPU_usage": 93.96135265700484, "RAM_usage": 61.6329036218539, "execution_time_ms": -122.22222222222223}}, "model report": {"openAI": {"CPU_usage": 93.83454106280192, "RAM_usage": 69.55801104972376, "execution_time_ms": -68.22222222222223}, "claude": {"CPU_usage": 93.22463768115941, "RAM_usage": 69.55187231430325, "execution_time_ms": -68.22222222222223}, "gemini": {"CPU_usage": 93.59299516908212, "RAM_usage": 69.5549416820135, "execution_time_ms": -68.77777777777779}}}}