{"improvements_metadata": {"cluster name": "squeaky_clean", "overall mean improvement": 92.54638985189756, "metric cluster report": {"CPU_usage": {"entry_quantity": 24, "sum": 2315.75534192972, "mean": 96.48980591373834}, "RAM_usage": {"entry_quantity": 24, "sum": 2240.8952263006695, "mean": 93.37063442919457}, "execution_time_ms": {"entry_quantity": 24, "sum": 2106.6895011062334, "mean": 87.77872921275973}}, "prompt v report": {"1": {"CPU_usage": 94.46606378990721, "RAM_usage": 93.31239235196335, "execution_time_ms": 91.7741939276048}, "2": {"CPU_usage": 97.164386621682, "RAM_usage": 93.39004845493825, "execution_time_ms": 86.44690764114476}, "3": {"CPU_usage": 97.164386621682, "RAM_usage": 93.39004845493825, "execution_time_ms": 86.44690764114476}, "4": {"CPU_usage": 97.164386621682, "RAM_usage": 93.39004845493825, "execution_time_ms": 86.44690764114476}}, "model report": {"openAI": {"CPU_usage": 96.62915857866923, "RAM_usage": 93.36374607916672, "execution_time_ms": 87.57228256227563}, "claude": {"CPU_usage": 96.43264431298238, "RAM_usage": 93.3617064808728, "execution_time_ms": 88.00917637204742}, "gemini": {"CPU_usage": 96.40761484956323, "RAM_usage": 93.38645072754404, "execution_time_ms": 87.75472870395627}}}}