{"improvements_metadata": {"cluster name": "state_of_tic_tac_toe", "overall mean improvement": 96.86725611275078, "metric cluster report": {"CPU_usage": {"entry_quantity": 12, "sum": 1159.5730706075533, "mean": 96.63108921729611}, "RAM_usage": {"entry_quantity": 12, "sum": 1157.871492732229, "mean": 96.48929106101907}, "execution_time_ms": {"entry_quantity": 12, "sum": 1169.7766567192457, "mean": 97.48138805993715}}, "prompt v report": {"1": {"CPU_usage": 92.68199233716477, "RAM_usage": 93.46971960221855, "execution_time_ms": 93.47820251685535}, "2": {"CPU_usage": 97.94745484400657, "RAM_usage": 97.49581488061922, "execution_time_ms": 98.81578324096442}, "3": {"CPU_usage": 97.94745484400657, "RAM_usage": 97.49581488061922, "execution_time_ms": 98.81578324096442}, "4": {"CPU_usage": 97.94745484400657, "RAM_usage": 97.49581488061922, "execution_time_ms": 98.81578324096442}}, "model report": {"openAI": {"CPU_usage": 96.7220853858785, "RAM_usage": 96.46822877734414, "execution_time_ms": 97.47761830325423}, "claude": {"CPU_usage": 96.59072249589492, "RAM_usage": 96.5068683537362, "execution_time_ms": 97.48117095353133}, "gemini": {"CPU_usage": 96.58045977011496, "RAM_usage": 96.49277605197688, "execution_time_ms": 97.48537492302592}}}}