{"improvements_metadata": {"cluster name": "strain", "overall mean improvement": 91.92602863315403, "metric cluster report": {"CPU_usage": {"entry_quantity": 108, "sum": 9997.794383567123, "mean": 92.5721702182141}, "RAM_usage": {"entry_quantity": 108, "sum": 10179.3560255759, "mean": 94.25329653311019}, "execution_time_ms": {"entry_quantity": 108, "sum": 9606.882867998882, "mean": 88.9526191481378}}, "prompt v report": {"1": {"CPU_usage": 88.71234120940052, "RAM_usage": 89.23802452683037, "execution_time_ms": 89.35744393584645}, "2": {"CPU_usage": 93.85877988781867, "RAM_usage": 95.92505386853679, "execution_time_ms": 88.81767755223491}, "3": {"CPU_usage": 93.85877988781867, "RAM_usage": 95.92505386853679, "execution_time_ms": 88.81767755223491}, "4": {"CPU_usage": 93.85877988781867, "RAM_usage": 95.92505386853679, "execution_time_ms": 88.81767755223491}}, "model report": {"openAI": {"CPU_usage": 92.84363296419544, "RAM_usage": 94.55518672292712, "execution_time_ms": 89.41705319881464}, "claude": {"CPU_usage": 92.76837692893851, "RAM_usage": 94.25553003316804, "execution_time_ms": 88.85750104798646}, "gemini": {"CPU_usage": 92.10450076150845, "RAM_usage": 93.94917284323537, "execution_time_ms": 88.58330319761218}}}}