{"improvements_metadata": {"cluster name": "sublist", "overall mean improvement": 89.01658536305764, "metric cluster report": {"CPU_usage": {"entry_quantity": 120, "sum": 10743.741900903333, "mean": 89.53118250752777}, "RAM_usage": {"entry_quantity": 120, "sum": 11323.308663059368, "mean": 94.36090552549473}, "execution_time_ms": {"entry_quantity": 120, "sum": 9978.920166738053, "mean": 83.15766805615044}}, "prompt v report": {"1": {"CPU_usage": 89.5311825075278, "RAM_usage": 94.36090552549474, "execution_time_ms": 83.15766805615038}, "2": {"CPU_usage": 89.5311825075278, "RAM_usage": 94.36090552549474, "execution_time_ms": 83.15766805615038}, "3": {"CPU_usage": 89.5311825075278, "RAM_usage": 94.36090552549474, "execution_time_ms": 83.15766805615038}, "4": {"CPU_usage": 89.5311825075278, "RAM_usage": 94.36090552549474, "execution_time_ms": 83.15766805615038}}, "model report": {"openAI": {"CPU_usage": 89.5311825075278, "RAM_usage": 94.36090552549473, "execution_time_ms": 83.15766805615036}, "claude": {"CPU_usage": 89.5311825075278, "RAM_usage": 94.36090552549473, "execution_time_ms": 83.15766805615036}, "gemini": {"CPU_usage": 89.5311825075278, "RAM_usage": 94.36090552549473, "execution_time_ms": 83.15766805615036}}}}