{"improvements_metadata": {"cluster name": "sum_of_multiples", "overall mean improvement": 78.25133343493775, "metric cluster report": {"CPU_usage": {"entry_quantity": 168, "sum": 15791.431433952088, "mean": 93.99661567828623}, "RAM_usage": {"entry_quantity": 168, "sum": 9910.640258171466, "mean": 58.991906298639684}, "execution_time_ms": {"entry_quantity": 120, "sum": 9811.857399346478, "mean": 81.76547832788732}}, "prompt v report": {"1": {"CPU_usage": 93.9966156782862, "RAM_usage": 58.99190629863959, "execution_time_ms": 81.76547832788725}, "2": {"CPU_usage": 93.9966156782862, "RAM_usage": 58.99190629863959, "execution_time_ms": 81.76547832788725}, "3": {"CPU_usage": 93.9966156782862, "RAM_usage": 58.99190629863959, "execution_time_ms": 81.76547832788725}, "4": {"CPU_usage": 93.9966156782862, "RAM_usage": 58.99190629863959, "execution_time_ms": 81.76547832788725}}, "model report": {"openAI": {"CPU_usage": 93.99661567828623, "RAM_usage": 58.99190629863962, "execution_time_ms": 81.76547832788725}, "claude": {"CPU_usage": 93.99661567828623, "RAM_usage": 58.99190629863962, "execution_time_ms": 81.76547832788725}, "gemini": {"CPU_usage": 93.99661567828623, "RAM_usage": 58.99190629863962, "execution_time_ms": 81.76547832788725}}}}