{"improvements_metadata": {"cluster name": "summary_ranges", "overall mean improvement": 4.327570910612072, "metric cluster report": {"CPU_usage": {"entry_quantity": 12, "sum": 1147.7803203661324, "mean": 95.64836003051103}, "RAM_usage": {"entry_quantity": 12, "sum": 836.0122324159021, "mean": 69.6676860346585}, "execution_time_ms": {"entry_quantity": 12, "sum": -1827.9999999999998, "mean": -152.33333333333331}}, "prompt v report": {"1": {"CPU_usage": 94.03508771929825, "RAM_usage": 93.34964322120287, "execution_time_ms": 90.66666666666667}, "2": {"CPU_usage": 96.186117467582, "RAM_usage": 61.773700305810394, "execution_time_ms": -233.33333333333334}, "3": {"CPU_usage": 96.186117467582, "RAM_usage": 61.773700305810394, "execution_time_ms": -233.33333333333334}, "4": {"CPU_usage": 96.186117467582, "RAM_usage": 61.773700305810394, "execution_time_ms": -233.33333333333334}}, "model report": {"openAI": {"CPU_usage": 95.64454614797864, "RAM_usage": 69.66666666666666, "execution_time_ms": -152.16666666666669}, "claude": {"CPU_usage": 95.62166285278414, "RAM_usage": 69.66666666666666, "execution_time_ms": -152.16666666666669}, "gemini": {"CPU_usage": 95.6788710907704, "RAM_usage": 69.6697247706422, "execution_time_ms": -152.66666666666669}}}}