{"improvements_metadata": {"cluster name": "the_farm", "overall mean improvement": 96.97523507441792, "metric cluster report": {"CPU_usage": {"entry_quantity": 36, "sum": 3401.9744461238774, "mean": 94.49929017010771}, "RAM_usage": {"entry_quantity": 36, "sum": 3512.5131076709463, "mean": 97.56980854641517}, "execution_time_ms": {"entry_quantity": 36, "sum": 3558.837834242311, "mean": 98.85660650673087}}, "prompt v report": {"1": {"CPU_usage": 94.49929017010771, "RAM_usage": 97.56980854641523, "execution_time_ms": 98.85660650673087}, "2": {"CPU_usage": 94.49929017010771, "RAM_usage": 97.56980854641523, "execution_time_ms": 98.85660650673087}, "3": {"CPU_usage": 94.49929017010771, "RAM_usage": 97.56980854641523, "execution_time_ms": 98.85660650673087}, "4": {"CPU_usage": 94.49929017010771, "RAM_usage": 97.56980854641523, "execution_time_ms": 98.85660650673087}}, "model report": {"openAI": {"CPU_usage": 94.49929017010773, "RAM_usage": 97.56980854641523, "execution_time_ms": 98.85660650673087}, "claude": {"CPU_usage": 94.49929017010773, "RAM_usage": 97.56980854641523, "execution_time_ms": 98.85660650673087}, "gemini": {"CPU_usage": 94.49929017010773, "RAM_usage": 97.56980854641523, "execution_time_ms": 98.85660650673087}}}}