{"improvements_metadata": {"cluster name": "three_sum", "overall mean improvement": -14.839095881749907, "metric cluster report": {"CPU_usage": {"entry_quantity": 12, "sum": 1152.6066350710903, "mean": 96.05055292259085}, "RAM_usage": {"entry_quantity": 12, "sum": 749.5495495495494, "mean": 62.46246246246245}, "execution_time_ms": {"entry_quantity": 12, "sum": -2436.3636363636365, "mean": -203.03030303030303}}, "prompt v report": {"1": {"CPU_usage": 96.05055292259084, "RAM_usage": 62.46246246246246, "execution_time_ms": -203.03030303030303}, "2": {"CPU_usage": 96.05055292259084, "RAM_usage": 62.46246246246246, "execution_time_ms": -203.03030303030303}, "3": {"CPU_usage": 96.05055292259084, "RAM_usage": 62.46246246246246, "execution_time_ms": -203.03030303030303}, "4": {"CPU_usage": 96.05055292259084, "RAM_usage": 62.46246246246246, "execution_time_ms": -203.03030303030303}}, "model report": {"openAI": {"CPU_usage": 96.05055292259084, "RAM_usage": 62.46246246246246, "execution_time_ms": -203.03030303030303}, "claude": {"CPU_usage": 96.05055292259084, "RAM_usage": 62.46246246246246, "execution_time_ms": -203.03030303030303}, "gemini": {"CPU_usage": 96.05055292259084, "RAM_usage": 62.46246246246246, "execution_time_ms": -203.03030303030303}}}}