{"improvements_metadata": {"cluster name": "tournament", "overall mean improvement": 95.54411652068599, "metric cluster report": {"CPU_usage": {"entry_quantity": 48, "sum": 4444.280542986425, "mean": 92.58917797888385}, "RAM_usage": {"entry_quantity": 48, "sum": 4632.945099192781, "mean": 96.51968956651626}, "execution_time_ms": {"entry_quantity": 48, "sum": 4681.127136799578, "mean": 97.52348201665787}}, "prompt v report": {"1": {"CPU_usage": 93.05827505827506, "RAM_usage": 93.34112164185872, "execution_time_ms": 93.39620299198874}, "2": {"CPU_usage": 92.43281228575347, "RAM_usage": 97.57921220806882, "execution_time_ms": 98.89924169154754}, "3": {"CPU_usage": 92.43281228575347, "RAM_usage": 97.57921220806882, "execution_time_ms": 98.89924169154754}, "4": {"CPU_usage": 92.43281228575347, "RAM_usage": 97.57921220806882, "execution_time_ms": 98.89924169154754}}, "model report": {"openAI": {"CPU_usage": 92.66353866721515, "RAM_usage": 96.52675868449609, "execution_time_ms": 97.52129315206473}, "claude": {"CPU_usage": 92.55198477992596, "RAM_usage": 96.50243037156636, "execution_time_ms": 97.50697802141117}, "gemini": {"CPU_usage": 92.5520104895105, "RAM_usage": 96.52987964348645, "execution_time_ms": 97.54217487649765}}}}