{"improvements_metadata": {"cluster name": "transpose", "overall mean improvement": 90.53730916391366, "metric cluster report": {"CPU_usage": {"entry_quantity": 96, "sum": 8825.508203205902, "mean": 91.93237711672815}, "RAM_usage": {"entry_quantity": 96, "sum": 9098.656854832057, "mean": 94.77767557116726}, "execution_time_ms": {"entry_quantity": 96, "sum": 8150.579981169172, "mean": 84.90187480384554}}, "prompt v report": {"1": {"CPU_usage": 91.93237711672815, "RAM_usage": 94.77767557116734, "execution_time_ms": 84.90187480384556}, "2": {"CPU_usage": 91.93237711672815, "RAM_usage": 94.77767557116734, "execution_time_ms": 84.90187480384556}, "3": {"CPU_usage": 91.93237711672815, "RAM_usage": 94.77767557116734, "execution_time_ms": 84.90187480384556}, "4": {"CPU_usage": 91.93237711672815, "RAM_usage": 94.77767557116734, "execution_time_ms": 84.90187480384556}}, "model report": {"openAI": {"CPU_usage": 91.93237711672813, "RAM_usage": 94.77767557116734, "execution_time_ms": 84.90187480384554}, "claude": {"CPU_usage": 91.93237711672813, "RAM_usage": 94.77767557116734, "execution_time_ms": 84.90187480384554}, "gemini": {"CPU_usage": 91.93237711672813, "RAM_usage": 94.77767557116734, "execution_time_ms": 84.90187480384554}}}}