{"improvements_metadata": {"cluster name": "tree_building", "overall mean improvement": 96.50763960112958, "metric cluster report": {"CPU_usage": {"entry_quantity": 24, "sum": 2292.407367166459, "mean": 95.5169736319358}, "RAM_usage": {"entry_quantity": 24, "sum": 2316.4786011422493, "mean": 96.51994171426038}, "execution_time_ms": {"entry_quantity": 24, "sum": 2339.664082972622, "mean": 97.48600345719258}}, "prompt v report": {"1": {"CPU_usage": 93.1798836231779, "RAM_usage": 93.36298935043966, "execution_time_ms": 93.34664583429564}, "2": {"CPU_usage": 96.2960036348551, "RAM_usage": 97.57225916886732, "execution_time_ms": 98.86578933149163}, "3": {"CPU_usage": 96.2960036348551, "RAM_usage": 97.57225916886732, "execution_time_ms": 98.86578933149163}, "4": {"CPU_usage": 96.2960036348551, "RAM_usage": 97.57225916886732, "execution_time_ms": 98.86578933149163}}, "model report": {"openAI": {"CPU_usage": 95.52740792688147, "RAM_usage": 96.513198124409, "execution_time_ms": 97.4852271834254}, "claude": {"CPU_usage": 95.4367752513779, "RAM_usage": 96.52575027097117, "execution_time_ms": 97.51187144937829}, "gemini": {"CPU_usage": 95.58673771754806, "RAM_usage": 96.52087674740099, "execution_time_ms": 97.4609117387742}}}}