{"improvements_metadata": {"cluster name": "triangle", "overall mean improvement": 81.03825370889749, "metric cluster report": {"CPU_usage": {"entry_quantity": 168, "sum": 15851.083176772045, "mean": 94.35168557602408}, "RAM_usage": {"entry_quantity": 168, "sum": 12864.57481813255, "mean": 76.57485010793185}, "execution_time_ms": {"entry_quantity": 144, "sum": 10395.10446375406, "mean": 72.18822544273652}}, "prompt v report": {"1": {"CPU_usage": 94.35168557602394, "RAM_usage": 76.57485010793175, "execution_time_ms": 72.18822544273657}, "2": {"CPU_usage": 94.35168557602394, "RAM_usage": 76.57485010793175, "execution_time_ms": 72.18822544273657}, "3": {"CPU_usage": 94.35168557602394, "RAM_usage": 76.57485010793175, "execution_time_ms": 72.18822544273657}, "4": {"CPU_usage": 94.35168557602394, "RAM_usage": 76.57485010793175, "execution_time_ms": 72.18822544273657}}, "model report": {"openAI": {"CPU_usage": 94.35168557602391, "RAM_usage": 76.57485010793174, "execution_time_ms": 72.18822544273657}, "claude": {"CPU_usage": 94.35168557602391, "RAM_usage": 76.57485010793174, "execution_time_ms": 72.18822544273657}, "gemini": {"CPU_usage": 94.35168557602391, "RAM_usage": 76.57485010793174, "execution_time_ms": 72.18822544273657}}}}