{"improvements_metadata": {"cluster name": "trinary", "overall mean improvement": 63.01437699274684, "metric cluster report": {"CPU_usage": {"entry_quantity": 60, "sum": 5680.540689170967, "mean": 94.67567815284946}, "RAM_usage": {"entry_quantity": 60, "sum": -270.6784519236081, "mean": -4.511307532060135}, "execution_time_ms": {"entry_quantity": 12, "sum": 1186.5451242894146, "mean": 98.87876035745121}}, "prompt v report": {"1": {"CPU_usage": 94.67567815284946, "RAM_usage": -4.511307532060141, "execution_time_ms": 98.8787603574512}, "2": {"CPU_usage": 94.67567815284946, "RAM_usage": -4.511307532060141, "execution_time_ms": 98.8787603574512}, "3": {"CPU_usage": 94.67567815284946, "RAM_usage": -4.511307532060141, "execution_time_ms": 98.8787603574512}, "4": {"CPU_usage": 94.67567815284946, "RAM_usage": -4.511307532060141, "execution_time_ms": 98.8787603574512}}, "model report": {"openAI": {"CPU_usage": 94.67567815284946, "RAM_usage": -4.511307532060139, "execution_time_ms": 98.8787603574512}, "claude": {"CPU_usage": 94.67567815284946, "RAM_usage": -4.511307532060139, "execution_time_ms": 98.8787603574512}, "gemini": {"CPU_usage": 94.67567815284946, "RAM_usage": -4.511307532060139, "execution_time_ms": 98.8787603574512}}}}