{"improvements_metadata": {"cluster name": "twelve_days", "overall mean improvement": 79.80872954015418, "metric cluster report": {"CPU_usage": {"entry_quantity": 108, "sum": 10172.168483286188, "mean": 94.18674521561286}, "RAM_usage": {"entry_quantity": 108, "sum": 9775.402871553593, "mean": 90.51298955142217}, "execution_time_ms": {"entry_quantity": 108, "sum": 5910.457016170172, "mean": 54.72645385342752}}, "prompt v report": {"1": {"CPU_usage": 94.18674521561285, "RAM_usage": 90.51298955142218, "execution_time_ms": 54.72645385342748}, "2": {"CPU_usage": 94.18674521561285, "RAM_usage": 90.51298955142218, "execution_time_ms": 54.72645385342748}, "3": {"CPU_usage": 94.18674521561285, "RAM_usage": 90.51298955142218, "execution_time_ms": 54.72645385342748}, "4": {"CPU_usage": 94.18674521561285, "RAM_usage": 90.51298955142218, "execution_time_ms": 54.72645385342748}}, "model report": {"openAI": {"CPU_usage": 94.1867452156128, "RAM_usage": 90.51298955142218, "execution_time_ms": 54.72645385342749}, "claude": {"CPU_usage": 94.1867452156128, "RAM_usage": 90.51298955142218, "execution_time_ms": 54.72645385342749}, "gemini": {"CPU_usage": 94.1867452156128, "RAM_usage": 90.51298955142218, "execution_time_ms": 54.72645385342749}}}}