{"improvements_metadata": {"cluster name": "two_bucket", "overall mean improvement": 91.08426727301828, "metric cluster report": {"CPU_usage": {"entry_quantity": 53, "sum": 4905.108986119088, "mean": 92.54922615319033}, "RAM_usage": {"entry_quantity": 53, "sum": 5008.902978245783, "mean": 94.50760336312798}, "execution_time_ms": {"entry_quantity": 53, "sum": 4568.386532045038, "mean": 86.19597230273656}}, "prompt v report": {"1": {"CPU_usage": 91.18854207649171, "RAM_usage": 91.18978687205927, "execution_time_ms": 89.53028091718264}, "2": {"CPU_usage": 92.79112554460343, "RAM_usage": 95.09743740598466, "execution_time_ms": 85.60320632683505}, "3": {"CPU_usage": 92.79112554460343, "RAM_usage": 95.09743740598466, "execution_time_ms": 85.60320632683505}, "4": {"CPU_usage": 92.79112554460343, "RAM_usage": 95.09743740598466, "execution_time_ms": 85.60320632683505}}, "model report": {"openAI": {"CPU_usage": 92.97734138841457, "RAM_usage": 94.87787674054914, "execution_time_ms": 86.45154486580168}, "claude": {"CPU_usage": 91.94710266013094, "RAM_usage": 93.82793940900967, "execution_time_ms": 85.71301413064275}, "gemini": {"CPU_usage": 92.79407246903247, "RAM_usage": 94.89695440501552, "execution_time_ms": 86.48017652024686}}}}