{"improvements_metadata": {"cluster name": "two_sum", "overall mean improvement": 17.874542660387366, "metric cluster report": {"CPU_usage": {"entry_quantity": 12, "sum": 1139.0846286701208, "mean": 94.92371905584339}, "RAM_usage": {"entry_quantity": 12, "sum": 838.2877959927139, "mean": 69.85731633272616}, "execution_time_ms": {"entry_quantity": 12, "sum": -1333.8888888888891, "mean": -111.15740740740743}}, "prompt v report": {"1": {"CPU_usage": 92.64824409902131, "RAM_usage": 93.27261687917427, "execution_time_ms": 88.7037037037037}, "2": {"CPU_usage": 95.68221070811744, "RAM_usage": 62.05221615057681, "execution_time_ms": -177.77777777777774}, "3": {"CPU_usage": 95.68221070811744, "RAM_usage": 62.05221615057681, "execution_time_ms": -177.77777777777774}, "4": {"CPU_usage": 95.68221070811744, "RAM_usage": 62.05221615057681, "execution_time_ms": -177.77777777777774}}, "model report": {"openAI": {"CPU_usage": 94.97409326424871, "RAM_usage": 69.86035215543413, "execution_time_ms": -111.38888888888889}, "claude": {"CPU_usage": 94.92227979274611, "RAM_usage": 69.85731633272617, "execution_time_ms": -110.55555555555556}, "gemini": {"CPU_usage": 94.8747841105354, "RAM_usage": 69.85428051001821, "execution_time_ms": -111.52777777777777}}}}