{"improvements_metadata": {"cluster name": "two_fer", "overall mean improvement": 87.96988045439714, "metric cluster report": {"CPU_usage": {"entry_quantity": 248, "sum": 23552.425875413173, "mean": 94.96945917505312}, "RAM_usage": {"entry_quantity": 248, "sum": 22216.934376866073, "mean": 89.58441280994384}, "execution_time_ms": {"entry_quantity": 236, "sum": 18727.96157325389, "mean": 79.35576937819445}}, "prompt v report": {"1": {"CPU_usage": 92.73105966172062, "RAM_usage": 92.99092265649614, "execution_time_ms": 92.80278976970685}, "2": {"CPU_usage": 95.66821881149029, "RAM_usage": 88.5210049742477, "execution_time_ms": 75.17225192305727}, "3": {"CPU_usage": 95.66821881149029, "RAM_usage": 88.5210049742477, "execution_time_ms": 75.17225192305727}, "4": {"CPU_usage": 95.66821881149029, "RAM_usage": 88.5210049742477, "execution_time_ms": 75.17225192305727}}, "model report": {"openAI": {"CPU_usage": 94.98600905791375, "RAM_usage": 89.5550488819971, "execution_time_ms": 79.2849655331699}, "claude": {"CPU_usage": 94.9715252641845, "RAM_usage": 89.59892496002804, "execution_time_ms": 79.39894292821972}, "gemini": {"CPU_usage": 94.95104259924018, "RAM_usage": 89.59891080554216, "execution_time_ms": 79.38250342199083}}}}