{"improvements_metadata": {"cluster name": "two_sum_ii_input_array_is_sorted", "overall mean improvement": 18.385732636904397, "metric cluster report": {"CPU_usage": {"entry_quantity": 12, "sum": 1145.3460620525059, "mean": 95.44550517104216}, "RAM_usage": {"entry_quantity": 12, "sum": 841.5403128760527, "mean": 70.12835940633772}, "execution_time_ms": {"entry_quantity": 12, "sum": -1325.0000000000002, "mean": -110.41666666666669}}, "prompt v report": {"1": {"CPU_usage": 93.71519490851233, "RAM_usage": 93.32932210188528, "execution_time_ms": 91.66666666666667}, "2": {"CPU_usage": 96.0222752585521, "RAM_usage": 62.394705174488564, "execution_time_ms": -177.77777777777774}, "3": {"CPU_usage": 96.0222752585521, "RAM_usage": 62.394705174488564, "execution_time_ms": -177.77777777777774}, "4": {"CPU_usage": 96.0222752585521, "RAM_usage": 62.394705174488564, "execution_time_ms": -177.77777777777774}}, "model report": {"openAI": {"CPU_usage": 95.4653937947494, "RAM_usage": 70.12635379061372, "execution_time_ms": -110.27777777777777}, "claude": {"CPU_usage": 95.51710421638822, "RAM_usage": 70.12936221419976, "execution_time_ms": -110.41666666666667}, "gemini": {"CPU_usage": 95.35401750198886, "RAM_usage": 70.12936221419976, "execution_time_ms": -110.55555555555556}}}}