{"improvements_metadata": {"cluster name": "twofer", "overall mean improvement": 76.51674423060267, "metric cluster report": {"CPU_usage": {"entry_quantity": 12, "sum": 1154.0582293523473, "mean": 96.1715191126956}, "RAM_usage": {"entry_quantity": 12, "sum": 1075.0979398556674, "mean": 89.59149498797228}, "execution_time_ms": {"entry_quantity": 12, "sum": 525.4466230936818, "mean": 43.787218591140146}}, "prompt v report": {"1": {"CPU_usage": 93.59873242226183, "RAM_usage": 93.31329687163269, "execution_time_ms": 93.01379811183733}, "2": {"CPU_usage": 97.0291146761735, "RAM_usage": 88.35089436008552, "execution_time_ms": 27.37835875090777}, "3": {"CPU_usage": 97.0291146761735, "RAM_usage": 88.35089436008552, "execution_time_ms": 27.37835875090777}, "4": {"CPU_usage": 97.0291146761735, "RAM_usage": 88.35089436008552, "execution_time_ms": 27.37835875090777}}, "model report": {"openAI": {"CPU_usage": 96.19726678550208, "RAM_usage": 89.59338796763879, "execution_time_ms": 43.86710239651416}, "claude": {"CPU_usage": 96.20320855614973, "RAM_usage": 89.58398131483455, "execution_time_ms": 43.72549019607844}, "gemini": {"CPU_usage": 96.11408199643493, "RAM_usage": 89.59711568144354, "execution_time_ms": 43.76906318082789}}}}