{"improvements_metadata": {"cluster name": "variable_length_quantity", "overall mean improvement": 96.58706143718253, "metric cluster report": {"CPU_usage": {"entry_quantity": 45, "sum": 4256.462621422884, "mean": 94.58805825384187}, "RAM_usage": {"entry_quantity": 45, "sum": 4371.4907721344625, "mean": 97.14423938076584}, "execution_time_ms": {"entry_quantity": 45, "sum": 4411.299900462296, "mean": 98.02888667693992}}, "prompt v report": {"1": {"CPU_usage": 93.34449322913407, "RAM_usage": 93.35713035517836, "execution_time_ms": 93.69228885828562}, "2": {"CPU_usage": 94.89894951001882, "RAM_usage": 98.09101663716274, "execution_time_ms": 99.11303613160351}, "3": {"CPU_usage": 94.89894951001882, "RAM_usage": 98.09101663716274, "execution_time_ms": 99.11303613160351}, "4": {"CPU_usage": 94.89894951001882, "RAM_usage": 98.09101663716274, "execution_time_ms": 99.11303613160351}}, "model report": {"openAI": {"CPU_usage": 94.62102772408375, "RAM_usage": 97.1435162511257, "execution_time_ms": 98.02718201469659}, "claude": {"CPU_usage": 94.55563726107658, "RAM_usage": 97.14471283919933, "execution_time_ms": 98.02484253284125}, "gemini": {"CPU_usage": 94.5875097763652, "RAM_usage": 97.14448905197258, "execution_time_ms": 98.03463548328189}}}}