{"improvements_metadata": {"cluster name": "vehicle_purchase", "overall mean improvement": 96.54422982782734, "metric cluster report": {"CPU_usage": {"entry_quantity": 36, "sum": 3443.6564697918084, "mean": 95.65712416088357}, "RAM_usage": {"entry_quantity": 36, "sum": 3473.329280662081, "mean": 96.48136890728003}, "execution_time_ms": {"entry_quantity": 36, "sum": 3509.791070951463, "mean": 97.49419641531841}}, "prompt v report": {"1": {"CPU_usage": 93.26665209615996, "RAM_usage": 93.3905833672598, "execution_time_ms": 93.39183849143973}, "2": {"CPU_usage": 96.45394818245812, "RAM_usage": 97.51163075395351, "execution_time_ms": 98.86164905661138}, "3": {"CPU_usage": 96.45394818245812, "RAM_usage": 97.51163075395351, "execution_time_ms": 98.86164905661138}, "4": {"CPU_usage": 96.45394818245812, "RAM_usage": 97.51163075395351, "execution_time_ms": 98.86164905661138}}, "model report": {"openAI": {"CPU_usage": 95.64944066831588, "RAM_usage": 96.48787557737823, "execution_time_ms": 97.50323693171943}, "claude": {"CPU_usage": 95.6435129300761, "RAM_usage": 96.47570806417114, "execution_time_ms": 97.49361202076152}, "gemini": {"CPU_usage": 95.67841888425876, "RAM_usage": 96.48052308029087, "execution_time_ms": 97.4857402934745}}}}