{"improvements_metadata": {"cluster name": "weather_forecast", "overall mean improvement": 96.51624213460008, "metric cluster report": {"CPU_usage": {"entry_quantity": 24, "sum": 2292.211015835018, "mean": 95.50879232645907}, "RAM_usage": {"entry_quantity": 24, "sum": 2316.525251569178, "mean": 96.52188548204909}, "execution_time_ms": {"entry_quantity": 24, "sum": 2340.43316628701, "mean": 97.51804859529209}}, "prompt v report": {"1": {"CPU_usage": 93.10938000771802, "RAM_usage": 93.41874523413293, "execution_time_ms": 93.44216355175372}, "2": {"CPU_usage": 96.30859643270607, "RAM_usage": 97.5562655646878, "execution_time_ms": 98.87667694313824}, "3": {"CPU_usage": 96.30859643270607, "RAM_usage": 97.5562655646878, "execution_time_ms": 98.87667694313824}, "4": {"CPU_usage": 96.30859643270607, "RAM_usage": 97.5562655646878, "execution_time_ms": 98.87667694313824}}, "model report": {"openAI": {"CPU_usage": 95.64414787852624, "RAM_usage": 96.51424154894976, "execution_time_ms": 97.500075103349}, "claude": {"CPU_usage": 95.44664756784333, "RAM_usage": 96.50525346253035, "execution_time_ms": 97.52504150340646}, "gemini": {"CPU_usage": 95.43558153300759, "RAM_usage": 96.54616143466717, "execution_time_ms": 97.52902917912083}}}}