{"improvements_metadata": {"cluster name": "welcome_to_tech_palace", "overall mean improvement": 97.0641014140409, "metric cluster report": {"CPU_usage": {"entry_quantity": 36, "sum": 3405.6137410976135, "mean": 94.60038169715592}, "RAM_usage": {"entry_quantity": 36, "sum": 3514.052099993585, "mean": 97.61255833315515}, "execution_time_ms": {"entry_quantity": 36, "sum": 3563.257111625219, "mean": 98.97936421181163}}, "prompt v report": {"1": {"CPU_usage": 94.6003816971559, "RAM_usage": 97.61255833315512, "execution_time_ms": 98.97936421181167}, "2": {"CPU_usage": 94.6003816971559, "RAM_usage": 97.61255833315512, "execution_time_ms": 98.97936421181167}, "3": {"CPU_usage": 94.6003816971559, "RAM_usage": 97.61255833315512, "execution_time_ms": 98.97936421181167}, "4": {"CPU_usage": 94.6003816971559, "RAM_usage": 97.61255833315512, "execution_time_ms": 98.97936421181167}}, "model report": {"openAI": {"CPU_usage": 94.6003816971559, "RAM_usage": 97.61255833315512, "execution_time_ms": 98.97936421181164}, "claude": {"CPU_usage": 94.6003816971559, "RAM_usage": 97.61255833315512, "execution_time_ms": 98.97936421181164}, "gemini": {"CPU_usage": 94.6003816971559, "RAM_usage": 97.61255833315512, "execution_time_ms": 98.97936421181164}}}}