{"improvements_metadata": {"cluster name": "word_count", "overall mean improvement": 71.62066734854513, "metric cluster report": {"CPU_usage": {"entry_quantity": 132, "sum": 12178.76110212608, "mean": 92.26334168277333}, "RAM_usage": {"entry_quantity": 132, "sum": 8715.309535861292, "mean": 66.02507224137342}, "execution_time_ms": {"entry_quantity": 96, "sum": 5431.064459662908, "mean": 56.573588121488626}}, "prompt v report": {"1": {"CPU_usage": 92.02945118368382, "RAM_usage": 93.30955548637394, "execution_time_ms": 92.16697298005117}, "2": {"CPU_usage": 92.31531734923755, "RAM_usage": 59.961853742484436, "execution_time_ms": 49.98222055508813}, "3": {"CPU_usage": 92.31531734923755, "RAM_usage": 59.961853742484436, "execution_time_ms": 49.98222055508813}, "4": {"CPU_usage": 92.31531734923755, "RAM_usage": 59.961853742484436, "execution_time_ms": 49.98222055508813}}, "model report": {"openAI": {"CPU_usage": 92.43926356762155, "RAM_usage": 66.02333676793722, "execution_time_ms": 56.533085212378346}, "claude": {"CPU_usage": 92.15176618101121, "RAM_usage": 66.0280635544499, "execution_time_ms": 56.51912299917034}, "gemini": {"CPU_usage": 92.198995299687, "RAM_usage": 66.02381640173316, "execution_time_ms": 56.66855615291714}}}}