{"improvements_metadata": {"cluster name": "word_search", "overall mean improvement": 96.3564931743454, "metric cluster report": {"CPU_usage": {"entry_quantity": 72, "sum": 6908.369883348005, "mean": 95.94958171316674}, "RAM_usage": {"entry_quantity": 72, "sum": 7024.435368753637, "mean": 97.56160234380052}, "execution_time_ms": {"entry_quantity": 72, "sum": 6880.197273556967, "mean": 95.55829546606898}}, "prompt v report": {"1": {"CPU_usage": 95.94958171316675, "RAM_usage": 97.56160234380052, "execution_time_ms": 95.55829546606896}, "2": {"CPU_usage": 95.94958171316675, "RAM_usage": 97.56160234380052, "execution_time_ms": 95.55829546606896}, "3": {"CPU_usage": 95.94958171316675, "RAM_usage": 97.56160234380052, "execution_time_ms": 95.55829546606896}, "4": {"CPU_usage": 95.94958171316675, "RAM_usage": 97.56160234380052, "execution_time_ms": 95.55829546606896}}, "model report": {"openAI": {"CPU_usage": 95.94958171316675, "RAM_usage": 97.56160234380049, "execution_time_ms": 95.55829546606896}, "claude": {"CPU_usage": 95.94958171316675, "RAM_usage": 97.56160234380049, "execution_time_ms": 95.55829546606896}, "gemini": {"CPU_usage": 95.94958171316675, "RAM_usage": 97.56160234380049, "execution_time_ms": 95.55829546606896}}}}