{"improvements_metadata": {"cluster name": "wordy", "overall mean improvement": 97.62268800621688, "metric cluster report": {"CPU_usage": {"entry_quantity": 36, "sum": 3474.111035208779, "mean": 96.50308431135497}, "RAM_usage": {"entry_quantity": 36, "sum": 3509.5711861923237, "mean": 97.48808850534232}, "execution_time_ms": {"entry_quantity": 36, "sum": 3559.568083270319, "mean": 98.87689120195331}}, "prompt v report": {"1": {"CPU_usage": 96.50308431135505, "RAM_usage": 97.48808850534233, "execution_time_ms": 98.87689120195328}, "2": {"CPU_usage": 96.50308431135505, "RAM_usage": 97.48808850534233, "execution_time_ms": 98.87689120195328}, "3": {"CPU_usage": 96.50308431135505, "RAM_usage": 97.48808850534233, "execution_time_ms": 98.87689120195328}, "4": {"CPU_usage": 96.50308431135505, "RAM_usage": 97.48808850534233, "execution_time_ms": 98.87689120195328}}, "model report": {"openAI": {"CPU_usage": 96.50308431135505, "RAM_usage": 97.48808850534236, "execution_time_ms": 98.8768912019533}, "claude": {"CPU_usage": 96.50308431135505, "RAM_usage": 97.48808850534236, "execution_time_ms": 98.8768912019533}, "gemini": {"CPU_usage": 96.50308431135505, "RAM_usage": 97.48808850534236, "execution_time_ms": 98.8768912019533}}}}