{"improvements_metadata": {"cluster name": "yacht", "overall mean improvement": 97.03736184460907, "metric cluster report": {"CPU_usage": {"entry_quantity": 36, "sum": 3409.3100866205045, "mean": 94.70305796168068}, "RAM_usage": {"entry_quantity": 36, "sum": 3511.977153107067, "mean": 97.55492091964075}, "execution_time_ms": {"entry_quantity": 36, "sum": 3558.7478394902073, "mean": 98.85410665250576}}, "prompt v report": {"1": {"CPU_usage": 94.70305796168073, "RAM_usage": 97.55492091964071, "execution_time_ms": 98.8541066525057}, "2": {"CPU_usage": 94.70305796168073, "RAM_usage": 97.55492091964071, "execution_time_ms": 98.8541066525057}, "3": {"CPU_usage": 94.70305796168073, "RAM_usage": 97.55492091964071, "execution_time_ms": 98.8541066525057}, "4": {"CPU_usage": 94.70305796168073, "RAM_usage": 97.55492091964071, "execution_time_ms": 98.8541066525057}}, "model report": {"openAI": {"CPU_usage": 94.70305796168073, "RAM_usage": 97.55492091964072, "execution_time_ms": 98.8541066525057}, "claude": {"CPU_usage": 94.70305796168073, "RAM_usage": 97.55492091964072, "execution_time_ms": 98.8541066525057}, "gemini": {"CPU_usage": 94.70305796168073, "RAM_usage": 97.55492091964072, "execution_time_ms": 98.8541066525057}}}}