{"improvements_metadata": {"cluster name": "zebra_puzzle", "overall mean improvement": 96.50584912231865, "metric cluster report": {"CPU_usage": {"entry_quantity": 24, "sum": 2294.2625150306953, "mean": 95.5942714596123}, "RAM_usage": {"entry_quantity": 24, "sum": 2316.2447981813516, "mean": 96.51019992422299}, "execution_time_ms": {"entry_quantity": 24, "sum": 2337.9138235948963, "mean": 97.41307598312068}}, "prompt v report": {"1": {"CPU_usage": 93.27038373098749, "RAM_usage": 93.35872000933377, "execution_time_ms": 93.11556749127124}, "2": {"CPU_usage": 96.36890070248718, "RAM_usage": 97.56069322918604, "execution_time_ms": 98.8455788137371}, "3": {"CPU_usage": 96.36890070248718, "RAM_usage": 97.56069322918604, "execution_time_ms": 98.8455788137371}, "4": {"CPU_usage": 96.36890070248718, "RAM_usage": 97.56069322918604, "execution_time_ms": 98.8455788137371}}, "model report": {"openAI": {"CPU_usage": 95.51376495158533, "RAM_usage": 96.52071122753176, "execution_time_ms": 97.46318709979973}, "claude": {"CPU_usage": 95.56825517372317, "RAM_usage": 96.52090665285169, "execution_time_ms": 97.41357684433842}, "gemini": {"CPU_usage": 95.70079425352824, "RAM_usage": 96.4889818922855, "execution_time_ms": 97.36246400522377}}}}