{
  "CPU_usage": {
    "go": {
      "count": 4647,
      "mean": -25.25810845889663,
      "median": -21.630094043887144,
      "std": 25.286760966869846,
      "min": -78.91061452513966,
      "max": 185.17350157728708,
      "q25": -43.88320652995415,
      "q75": -13.494809688581311
    },
    "python": {
      "count": 1054,
      "mean": -1.9000579515003397,
      "median": -2.466124990877466,
      "std": 28.862387160150963,
      "min": -92.6829268292683,
      "max": 185.7142857142857,
      "q25": -6.116352653530853,
      "q75": 0.6623190430773078
    },
    "typescript": {
      "count": 3177,
      "mean": -12.402601869866885,
      "median": -13.793103448275861,
      "std": 25.468262437714955,
      "min": -92.03821656050955,
      "max": 169.05829596412556,
      "q25": -29.081632653061217,
      "q75": 1.7021276595744619
    },
    "Java": {
      "count": 708,
      "mean": -27.680313067708028,
      "median": -33.51063829787234,
      "std": 31.713093850439144,
      "min": -67.36292428198432,
      "max": 68.39622641509436,
      "q25": -54.462659380692166,
      "q75": -5.750410621407057
    },
    "javascript": {
      "count": 226,
      "mean": 17.715787896363295,
      "median": 13.142857142857148,
      "std": 25.926602869877048,
      "min": -25.92592592592593,
      "max": 186.66666666666666,
      "q25": 4.447852760736194,
      "q75": 25.000000000000007
    },
    "c": {
      "count": 543,
      "mean": 7.979615917912884,
      "median": 0.0,
      "std": 45.59906090223802,
      "min": -89.79591836734694,
      "max": 198.41269841269843,
      "q25": -24.849397590361455,
      "q75": 35.60090702947846
    },
    "java": {
      "count": 51,
      "mean": -39.69390112916337,
      "median": -44.44444444444445,
      "std": 32.172658419955816,
      "min": -90.10791366906474,
      "max": 27.27272727272727,
      "q25": -52.107279693486596,
      "q75": -13.181818181818183
    }
  },
  "RAM_usage": {
    "go": {
      "count": 4647,
      "mean": -46.84080854246276,
      "median": -63.11868407464778,
      "std": 27.82892050332644,
      "min": -65.02493721976231,
      "max": 10.403273619232516,
      "q25": -63.70894574487389,
      "q75": -4.591645328952879
    },
    "python": {
      "count": 1082,
      "mean": 0.013400551726841438,
      "median": 0.0,
      "std": 0.5680844780806513,
      "min": -13.761467889908257,
      "max": 3.4798534798534773,
      "q25": -0.18018018018018275,
      "q75": 0.18382352941176733
    },
    "typescript": {
      "count": 3177,
      "mean": -40.32772470122693,
      "median": -63.586046172893454,
      "std": 30.202027389658664,
      "min": -64.81970096745823,
      "max": 34.164083542495405,
      "q25": -64.12697615520105,
      "q75": -0.23975321230582336
    },
    "Java": {
      "count": 708,
      "mean": -0.8368595586585288,
      "median": -0.7936507936507936,
      "std": 1.0711876276072618,
      "min": -5.3496384356188305,
      "max": 2.948497599715522,
      "q25": -1.2228609810545377,
      "q75": -0.22051266700592057
    },
    "javascript": {
      "count": 244,
      "mean": 0.36093052366012174,
      "median": -0.01678910280126992,
      "std": 4.980239871910594,
      "min": -8.258564063044721,
      "max": 23.362831858407077,
      "q25": -0.6644355613696705,
      "q75": 0.47703319578711484
    },
    "c": {
      "count": 553,
      "mean": -0.38099235149029226,
      "median": 0.0,
      "std": 0.6554991042415689,
      "min": -1.7699115044247828,
      "max": 1.29740518962077,
      "q25": -0.8955223880596931,
      "q75": 0.0
    },
    "java": {
      "count": 57,
      "mean": 9.546251219462857,
      "median": 0.7146626460610574,
      "std": 18.700994869184925,
      "min": -7.3334227108191445,
      "max": 45.355175371019094,
      "q25": -0.5427817565020732,
      "q75": 4.1140105420706705
    }
  },
  "execution_time_ms": {
    "go": {
      "count": 4647,
      "mean": -61.605079278111134,
      "median": -82.85851417600878,
      "std": 36.76038077246734,
      "min": -89.08058528062895,
      "max": 85.0170966739198,
      "q25": -83.32610798012472,
      "q75": -11.910431652509878
    },
    "python": {
      "count": 1079,
      "mean": 14.533477208367911,
      "median": 10.526315789473683,
      "std": 28.442230706678533,
      "min": -44.44444444444444,
      "max": 166.66666666666669,
      "q25": -5.555555555555555,
      "q75": 28.57142857142857
    },
    "typescript": {
      "count": 3161,
      "mean": -25.26539962820708,
      "median": -35.47554523164279,
      "std": 36.90541462471962,
      "min": -85.57081842317903,
      "max": 196.67510109489916,
      "q25": -50.636785467469636,
      "q75": -7.376433001315543
    },
    "Java": {
      "count": 708,
      "mean": 74.22603852299741,
      "median": 85.18518518518519,
      "std": 37.115416321194665,
      "min": -17.91530944625407,
      "max": 120.55580061755626,
      "q25": 68.91891891891892,
      "q75": 100.0
    },
    "javascript": {
      "count": 235,
      "mean": 42.654197099202165,
      "median": 9.395973154362416,
      "std": 80.03588162528106,
      "min": -43.74074074074074,
      "max": 198.15146094215862,
      "q25": -4.081667346661227,
      "q75": 37.26597228275081
    },
    "c": {
      "count": 535,
      "mean": -0.011557691837305501,
      "median": -14.101883341551105,
      "std": 61.35565020247439,
      "min": -95.5211231620715,
      "max": 182.52537691661564,
      "q25": -45.716334930785436,
      "q75": 32.21251827528391
    },
    "java": {
      "count": 57,
      "mean": 15.732982444394642,
      "median": -9.839999999999998,
      "std": 58.62343484413591,
      "min": -39.21568627450981,
      "max": 124.2152466367713,
      "q25": -25.0,
      "q75": 15.032679738562088
    }
  }
}