{
  "CPU_usage": {
    "openAI": {
      "count": 3437,
      "mean": -17.325196150962846,
      "median": -17.76315789473684,
      "std": 28.847815549189054,
      "min": -92.6829268292683,
      "max": 185.7142857142857,
      "q25": -34.89583333333333,
      "q75": -1.9607843137254901
    },
    "gemini": {
      "count": 3480,
      "mean": -15.262584662535659,
      "median": -17.218543046357617,
      "std": 31.61826411372324,
      "min": -92.2279792746114,
      "max": 174.6031746031746,
      "q25": -34.38320209973754,
      "q75": -0.1689189189189213
    },
    "claude": {
      "count": 3489,
      "mean": -17.026372752931355,
      "median": -17.491749174917494,
      "std": 29.069718358130235,
      "min": -92.6829268292683,
      "max": 198.41269841269843,
      "q25": -34.72584856396866,
      "q75": -1.5957446808510676
    }
  },
  "RAM_usage": {
    "openAI": {
      "count": 3455,
      "mean": -33.35504627304982,
      "median": -61.75586473814241,
      "std": 31.620561168674254,
      "min": -65.02493721976231,
      "max": 45.355175371019094,
      "q25": -63.72579597965236,
      "q75": -0.07309948200891456
    },
    "gemini": {
      "count": 3500,
      "mean": -32.99835672740607,
      "median": -61.052668476419335,
      "std": 31.568223404645607,
      "min": -65.02493721976231,
      "max": 45.355175371019094,
      "q25": -63.71256724514882,
      "q75": -0.02983518297035838
    },
    "claude": {
      "count": 3513,
      "mean": -32.79560712410119,
      "median": -60.372184443704725,
      "std": 31.639669969227963,
      "min": -65.02493721976231,
      "max": 45.355175371019094,
      "q25": -63.706048024157255,
      "q75": -0.022718741974350268
    }
  },
  "execution_time_ms": {
    "openAI": {
      "count": 3442,
      "mean": -27.389939313921914,
      "median": -37.201659573524964,
      "std": 56.05661001170273,
      "min": -92.02916850562237,
      "max": 198.15146094215862,
      "q25": -82.8119628738398,
      "q75": 4.087518908007409
    },
    "gemini": {
      "count": 3487,
      "mean": -28.149890459276243,
      "median": -35.732647814910024,
      "std": 55.32558194695998,
      "min": -89.08058528062895,
      "max": 198.15146094215862,
      "q25": -82.79984175345558,
      "q75": 0.5570322468542048
    },
    "claude": {
      "count": 3493,
      "mean": -27.07125747080112,
      "median": -35.732647814910024,
      "std": 56.0613861104263,
      "min": -95.5211231620715,
      "max": 198.15146094215862,
      "q25": -82.8001375988992,
      "q75": 3.1055900621118013
    }
  }
}