{
  "CPU_usage": {
    "prompt_v1": {
      "count": 2628,
      "mean": -10.436824841241222,
      "median": -11.048302720297608,
      "std": 34.726966361119224,
      "min": -92.6829268292683,
      "max": 198.41269841269843,
      "q25": -30.555555555555557,
      "q75": 2.7278366794495885
    },
    "prompt_v2": {
      "count": 2590,
      "mean": -18.75852893488176,
      "median": -18.56677524429967,
      "std": 27.038390386614395,
      "min": -92.2279792746114,
      "max": 156.3076923076923,
      "q25": -36.0613810741688,
      "q75": -3.002916570726833
    },
    "prompt_v3": {
      "count": 2596,
      "mean": -18.70199076155712,
      "median": -18.83116883116883,
      "std": 27.83949691111097,
      "min": -91.58031088082902,
      "max": 174.6031746031746,
      "q25": -36.22448979591837,
      "q75": -3.182388809182203
    },
    "prompt_v4": {
      "count": 2592,
      "mean": -18.326610605838315,
      "median": -18.176072006472488,
      "std": 28.39908586302601,
      "min": -92.6829268292683,
      "max": 171.57894736842104,
      "q25": -35.732647814910024,
      "q75": -2.804939492615028
    }
  },
  "RAM_usage": {
    "prompt_v1": {
      "count": 2667,
      "mean": -19.33218619578752,
      "median": -0.5538735328383957,
      "std": 29.018762894666253,
      "min": -64.797904771292,
      "max": 45.355175371019094,
      "q25": -62.92410192905897,
      "q75": 0.18416206261510393
    },
    "prompt_v2": {
      "count": 2598,
      "mean": -37.70686917593291,
      "median": -62.728428104061194,
      "std": 31.015927942929483,
      "min": -65.02493721976231,
      "max": 45.355175371019094,
      "q25": -63.797366550695465,
      "q75": -0.24440121701830514
    },
    "prompt_v3": {
      "count": 2604,
      "mean": -37.6617195315261,
      "median": -62.820994240972006,
      "std": 31.11627726739302,
      "min": -65.02493721976231,
      "max": 45.355175371019094,
      "q25": -63.81164685957471,
      "q75": -0.2294722139080116
    },
    "prompt_v4": {
      "count": 2599,
      "mean": -37.84316925084373,
      "median": -62.913101688566485,
      "std": 31.13914550360845,
      "min": -65.02493721976231,
      "max": 45.355175371019094,
      "q25": -63.82316764344114,
      "q75": -0.22992499748284678
    }
  },
  "execution_time_ms": {
    "prompt_v1": {
      "count": 2647,
      "mean": -14.100767198948034,
      "median": -4.756278590687389,
      "std": 49.4945806741444,
      "min": -94.23961517778471,
      "max": 197.61904761904762,
      "q25": -48.46557136386265,
      "q75": 5.78627085273931
    },
    "prompt_v2": {
      "count": 2589,
      "mean": -32.31622445409454,
      "median": -47.59459176186983,
      "std": 56.76057643581438,
      "min": -89.08058528062895,
      "max": 198.15146094215862,
      "q25": -82.86497601096642,
      "q75": -1.0195248629412461
    },
    "prompt_v3": {
      "count": 2595,
      "mean": -32.260656436405135,
      "median": -47.59459176186983,
      "std": 56.72917209446165,
      "min": -95.5211231620715,
      "max": 198.15146094215862,
      "q25": -82.87905734214308,
      "q75": 0.0
    },
    "prompt_v4": {
      "count": 2591,
      "mean": -31.75874263056205,
      "median": -47.59459176186983,
      "std": 57.78540062538812,
      "min": -90.34202350519938,
      "max": 198.15146094215862,
      "q25": -82.88843258042436,
      "q75": 0.6491425058310702
    }
  }
}