{
  "CPU_usage": {
    "openAI_prompt_v1": {
      "count": 870,
      "mean": -11.211208270400983,
      "median": -11.9895667294595,
      "std": 33.73787818690753,
      "min": -89.20863309352518,
      "max": 185.7142857142857,
      "q25": -31.087933126089915,
      "q75": 2.2248102139406347
    },
    "openAI_prompt_v2": {
      "count": 854,
      "mean": -19.69583618357204,
      "median": -18.83116883116883,
      "std": 25.527717701646726,
      "min": -88.3093525179856,
      "max": 108.33333333333333,
      "q25": -36.15654494243218,
      "q75": -3.7429862842892754
    },
    "openAI_prompt_v3": {
      "count": 861,
      "mean": -19.330915404522145,
      "median": -19.09385113268608,
      "std": 26.90870309400432,
      "min": -91.58031088082902,
      "max": 168.81720430107526,
      "q25": -36.708860759493675,
      "q75": -4.146341463414641
    },
    "openAI_prompt_v4": {
      "count": 852,
      "mean": -19.16524144547695,
      "median": -19.09385113268608,
      "std": 27.543491845306516,
      "min": -92.6829268292683,
      "max": 171.57894736842104,
      "q25": -36.08621437705517,
      "q75": -4.057553956834537
    },
    "gemini_prompt_v1": {
      "count": 872,
      "mean": -8.693824674533303,
      "median": -8.576452738978658,
      "std": 36.14520280716135,
      "min": -92.03821656050955,
      "max": 174.16666666666666,
      "q25": -29.615531023981724,
      "q75": 3.496665176356746
    },
    "gemini_prompt_v2": {
      "count": 869,
      "mean": -17.82238747123347,
      "median": -18.0327868852459,
      "std": 28.775241092664587,
      "min": -92.2279792746114,
      "max": 156.3076923076923,
      "q25": -35.8974358974359,
      "q75": -1.4830508474576332
    },
    "gemini_prompt_v3": {
      "count": 870,
      "mean": -17.416467419770576,
      "median": -18.0327868852459,
      "std": 30.251117593762853,
      "min": -91.0569105691057,
      "max": 174.6031746031746,
      "q25": -35.732647814910024,
      "q75": -1.9571887434680422
    },
    "gemini_prompt_v4": {
      "count": 869,
      "mean": -17.137857470343803,
      "median": -18.0327868852459,
      "std": 29.837311654971515,
      "min": -88.66906474820144,
      "max": 157.74193548387098,
      "q25": -35.23316062176166,
      "q75": -0.9546539379474906
    },
    "claude_prompt_v1": {
      "count": 886,
      "mean": -11.39188416629801,
      "median": -11.554543418203538,
      "std": 34.19123863606851,
      "min": -92.6829268292683,
      "max": 198.41269841269843,
      "q25": -30.747922437673132,
      "q75": 2.484056708433437
    },
    "claude_prompt_v2": {
      "count": 867,
      "mean": -18.77357684898657,
      "median": -18.56677524429967,
      "std": 26.65307667236572,
      "min": -90.10791366906474,
      "max": 145.97701149425288,
      "q25": -35.97940848580235,
      "q75": -3.821811100292113
    },
    "claude_prompt_v3": {
      "count": 865,
      "mean": -19.368928553188812,
      "median": -19.09385113268608,
      "std": 26.121988206194978,
      "min": -91.58031088082902,
      "max": 125.8064516129032,
      "q25": -36.22448979591837,
      "q75": -4.146341463414641
    },
    "claude_prompt_v4": {
      "count": 871,
      "mean": -18.6922971722822,
      "median": -18.0327868852459,
      "std": 27.704363617601583,
      "min": -89.80815347721823,
      "max": 168.81720430107526,
      "q25": -35.56658230538783,
      "q75": -3.465846799180128
    }
  },
  "RAM_usage": {
    "openAI_prompt_v1": {
      "count": 881,
      "mean": -19.38323672669997,
      "median": -0.5899705014749137,
      "std": 29.11676534490136,
      "min": -64.797904771292,
      "max": 45.355175371019094,
      "q25": -62.925751402333454,
      "q75": 0.18552875695733104
    },
    "openAI_prompt_v2": {
      "count": 856,
      "mean": -38.16064997588082,
      "median": -62.82693613853064,
      "std": 30.969643854738653,
      "min": -65.02493721976231,
      "max": 45.355175371019094,
      "q25": -63.80876548144047,
      "q75": -0.24450670046273898
    },
    "openAI_prompt_v3": {
      "count": 863,
      "mean": -37.892073636063124,
      "median": -62.851793515409085,
      "std": 31.070178188649,
      "min": -65.02493721976231,
      "max": 45.355175371019094,
      "q25": -63.813218239380774,
      "q75": -0.27144530772146946
    },
    "openAI_prompt_v4": {
      "count": 855,
      "mean": -38.361026187003496,
      "median": -62.93111117701136,
      "std": 31.017222127697664,
      "min": -65.02493721976231,
      "max": 45.355175371019094,
      "q25": -63.82676638314901,
      "q75": -0.2918723147136175
    },
    "gemini_prompt_v1": {
      "count": 885,
      "mean": -19.57247090735021,
      "median": -0.5524861878452987,
      "std": 28.989667324212043,
      "min": -64.797904771292,
      "max": 45.355175371019094,
      "q25": -62.92410192905897,
      "q75": 0.18050541516245744
    },
    "gemini_prompt_v2": {
      "count": 872,
      "mean": -37.47237965094982,
      "median": -62.7048665170247,
      "std": 31.01759571025864,
      "min": -65.02493721976231,
      "max": 45.355175371019094,
      "q25": -63.781631396129384,
      "q75": -0.21138702757185265
    },
    "gemini_prompt_v3": {
      "count": 872,
      "mean": -37.498317284565275,
      "median": -62.81214441720799,
      "std": 31.121068097689108,
      "min": -65.02493721976231,
      "max": 45.355175371019094,
      "q25": -63.81095930378357,
      "q75": -0.22031997287390487
    },
    "gemini_prompt_v4": {
      "count": 871,
      "mean": -37.65575667640314,
      "median": -62.88336840855019,
      "std": 31.18691678080625,
      "min": -65.02493721976231,
      "max": 45.355175371019094,
      "q25": -63.815575206745045,
      "q75": -0.18365488397194002
    },
    "claude_prompt_v1": {
      "count": 901,
      "mean": -19.046251137555725,
      "median": -0.512641865752367,
      "std": 28.94882454537162,
      "min": -64.797904771292,
      "max": 45.355175371019094,
      "q25": -62.86365763263244,
      "q75": 0.23215032979295053
    },
    "claude_prompt_v2": {
      "count": 870,
      "mean": -37.49541917711661,
      "median": -62.70987342466903,
      "std": 31.054861830698293,
      "min": -65.02493721976231,
      "max": 45.355175371019094,
      "q25": -63.787926798619274,
      "q75": -0.2800006032204577
    },
    "claude_prompt_v3": {
      "count": 869,
      "mean": -37.59692225550123,
      "median": -62.81864421904281,
      "std": 31.15584648537192,
      "min": -65.02493721976231,
      "max": 45.355175371019094,
      "q25": -63.81073011851986,
      "q75": -0.22051266700592057
    },
    "claude_prompt_v4": {
      "count": 873,
      "mean": -37.522972998748834,
      "median": -62.86365763263244,
      "std": 31.204128787452508,
      "min": -65.02493721976231,
      "max": 45.355175371019094,
      "q25": -63.81478961918684,
      "q75": -0.23037778105768195
    }
  },
  "execution_time_ms": {
    "openAI_prompt_v1": {
      "count": 876,
      "mean": -14.260206680213795,
      "median": -4.510628493163726,
      "std": 49.48695695798602,
      "min": -92.02916850562237,
      "max": 197.61904761904762,
      "q25": -50.48163817578822,
      "q75": 6.807956478227887
    },
    "openAI_prompt_v2": {
      "count": 853,
      "mean": -32.221773602914666,
      "median": -47.98710080099865,
      "std": 56.89486113962561,
      "min": -89.08058528062895,
      "max": 198.15146094215862,
      "q25": -82.88140235551904,
      "q75": 0.0
    },
    "openAI_prompt_v3": {
      "count": 861,
      "mean": -31.973384230510128,
      "median": -47.59459176186983,
      "std": 56.792592433715434,
      "min": -89.08058528062895,
      "max": 198.15146094215862,
      "q25": -82.88140235551904,
      "q75": 0.9774095410706136
    },
    "openAI_prompt_v4": {
      "count": 852,
      "mean": -31.420156526873836,
      "median": -49.01858581450506,
      "std": 58.63823339863679,
      "min": -90.34202350519938,