{
  "pattern_energy_correlation": {
    "openAI": {
      "cpu_correlation": -0.6082450934123295,
      "cpu_p_value": 0.03586277812464587,
      "ram_correlation": 0.04074620295433963,
      "ram_p_value": 0.8999477830578302,
      "execution_time_correlation": 0.65612455682999,
      "execution_time_p_value": 0.020499058704256,
      "sample_size": 12
    },
    "gemini": {
      "cpu_correlation": -0.4570315413817684,
      "cpu_p_value": 0.13524755848563297,
      "ram_correlation": -0.01325174056470993,
      "ram_p_value": 0.9673959293597356,
      "execution_time_correlation": 0.5515420439444958,
      "execution_time_p_value": 0.06303230209680993,
      "sample_size": 12
    },
    "claude": {
      "cpu_correlation": NaN,
      "cpu_p_value": NaN,
      "ram_correlation": NaN,
      "ram_p_value": NaN,
      "execution_time_correlation": NaN,
      "execution_time_p_value": NaN,
      "sample_size": 12
    }
  },
  "llm_performance": {},
  "statistical_analysis": {
    "overall": {
      "cpu_correlation": -0.378213127598758,
      "cpu_p_value": 0.022941026562146076,
      "ram_correlation": -0.06537638182372144,
      "ram_p_value": 0.7048211494042296,
      "execution_time_correlation": 0.43705055557409156,
      "execution_time_p_value": 0.007692307020537612,
      "total_samples": 36
    }
  },
  "summary": {
    "strongest_correlation": {
      "metric": "execution_time_correlation",
      "value": 0.65612455682999,
      "llm": "openAI",
      "significance": "significant",
      "p_value": 0.020499058704256
    },
    "pattern_distribution": {
      "most_common_patterns": {
        "Builder": 3,
        "Factory Method": 2,
        "Early Return": 1
      },
      "pattern_type_distribution": {
        "Code Quality": 1,
        "Creational": 5
      }
    },
    "energy_improvement_stats": {
      "mean_cpu_improvement": 2532.172955848333,
      "mean_ram_improvement": 0.0005948452836059196,
      "mean_time_improvement": 222.701516724842,
      "std_cpu_improvement": 1387.6292065010123,
      "std_ram_improvement": 0.010532132773151251,
      "std_time_improvement": 156.23573339496187
    }
  }
}